code_muni,casos,mortes
5200050,22,0
3100104,6,0
5200100,30,0
3100203,2,0
1500107,2208,89
2300101,15,1
2900108,5,0
2900207,0,0
4100103,20,0
4200051,12,0
1500131,60,1
4200101,24,1
3100302,9,0
2600054,443,53
1700251,3,0
3100401,4,0
2100055,2295,47
2900306,7,0
1500206,249,9
2300150,339,10
2300200,1318,28
2400109,9,0
2200053,3,0
2300309,207,13
5100102,19,1
1200013,181,2
5200134,3,0
2400208,262,9
3100500,8,1
3500105,45,3
5200159,5,0
3500204,8,1
4100202,16,0
2900355,8,1
2600104,47,1
2400307,28,3
3200102,203,7
2100105,41,0
2600203,62,1
1500305,485,4
2600302,117,10
2200103,4,0
4200200,11,2
4200309,14,2
1500347,47,0
5100201,31,2
2200202,162,12
5000203,6,0
3100708,2,0
4200408,10,0
2100154,127,3
3200169,38,2
2900405,24,1
5200175,3,0
2600401,545,25
4300059,9,0
3500303,55,4
3100807,3,0
2600500,294,15
3500402,1,0
4200507,23,0
3500501,32,3
3500550,5,0
3500600,6,0
3100906,4,0
4200556,1,0
5200258,514,19
4200606,4,0
3101003,17,0
4300109,2,0
3500709,67,2
4100301,16,0
3200136,32,2
2500205,7,0
1700301,104,4
3101102,65,0
2900603,10,1
2300408,7,0
4300208,2,0
2500304,263,6
2500403,130,2
2600609,33,1
2200251,14,0
2900702,272,3
3500758,9,0
2100204,29,5
2300507,154,2
2500536,7,0
5000252,1,0
2900801,17,0
2100303,63,0
4300307,2,0
3200201,64,4
4300406,26,2
2200277,1,0
3101508,98,2
1500404,462,15
2400505,10,1
5200308,22,0
3101607,19,0
3200300,115,3
3500808,4,2
3101631,3,1
4200705,2,0
2500577,1,0
2500601,276,7
2600708,120,17
1700350,6,0
2900900,5,1
1700400,1,0
1500503,66,9
3101706,42,0
2400604,6,0
4100400,82,1
5200506,1,0
3101805,4,0
4300505,13,0
3101904,1,0
5100250,118,3
1100015,70,0
3500907,1,0
1500602,1091,43
2100402,4,2
4100459,1,0
2300606,1,0
3102001,2,0
2600807,96,3
3501004,9,0
3501103,2,1
2100436,259,7
2100477,205,1
1100379,32,1
5100300,23,3
4200754,6,0
5100359,20,1
3102050,2,0
2400703,108,6
4300570,3,0
5100409,9,0
3153509,16,1
2200301,21,1
5100508,4,0
1100403,38,3
5200605,6,0
4100608,11,0
2100501,57,0
4100707,4,0
3102100,27,0
3200359,10,2
2300705,66,4
5100607,3,0
4100509,2,0
2200400,267,4
3501152,30,2
1300029,505,12
3102209,74,0
3501202,4,0
3501301,23,1
3501400,2,2
3501509,1,0
3102308,7,0
1700707,8,0
1100346,11,1
3102407,2,0
2200459,2,0
5200803,1,0
4100806,9,2
1400027,63,3
5000609,7,0
1600105,237,4
2100550,3,0
4100905,19,0
2600906,91,15
5200829,3,0
2200509,8,0
2100600,414,6
2901007,22,1
1300060,362,8
2901106,46,0
2901155,0,0
3501608,332,17
5200852,8,0
3501707,93,2
3501806,19,0
4300646,9,0
2300754,528,13
5200902,2,0
3501905,106,5
2800100,7,0
3102506,1,0
4101002,6,1
2700201,147,1
2901205,4,1
4101051,8,0
1500701,228,7
2100709,128,4
3502002,2,0
1300086,261,0
1701002,23,0
1500800,3862,317
5201108,533,5
1500859,383,4
2100808,392,4
5000708,3,1
4200804,9,0
2901304,2,0
4101101,39,1
2901353,3,0
3102605,11,1
3502101,50,4
4300661,0,0
3102803,16,0
3502200,40,2
5000856,4,0
2601003,4,0
2901403,1,0
2200608,14,1
1701051,4,0
2400802,19,2
3300100,1844,68
2901502,23,0
4101150,1,0
5201207,1,0
3502309,2,0
3502408,3,0
5201306,25,0
2200707,18,0
4201000,2,0
1300102,566,9
4300703,8,0
2901601,2,0
4101200,12,0
2300804,9,0
2901700,6,0
4201208,38,4
3103009,24,0
2901809,4,0
2400901,2,0
4101309,2,0
4300802,4,0
3502507,14,0
3502606,4,0
5201405,1457,30
5201454,22,1
1701101,0,0
5001003,8,0
3300159,62,0
3200508,26,0
5100805,0,0
3502705,9,0
2100832,196,2
4201257,5,0
2401008,630,8
2901908,34,1
5201504,0,0
2901957,1,0
4101408,67,5
1300144,27,0
2300903,103,9
2800209,46,2
5001102,1,0
2301000,568,19
4201273,31,0
2500809,157,2
2800308,10992,195
3502754,43,1
2902054,2,0
2301109,648,31
2902005,12,0
3502804,398,14
2902104,103,1
2301208,355,7
2601052,52,8
3502903,71,2
3200607,481,23
5201603,1,0
3103405,6,0
5201702,23,0
5201801,12,0
1701309,33,0
1701903,1,0
1702000,12,1
1702109,3229,50
1702158,24,1
5202155,1,1
3103504,122,1
1702208,155,16
2100907,295,3
2902203,4,0
2100956,148,3
3503000,4,1
3503109,13,2
3103603,3,0
3503158,1,1
2700300,1896,27
1702307,4,0
4101507,57,3
3103751,12,1
4101606,55,0
3103801,8,0
5101258,12,0
4201307,55,1
2500908,61,0
4201406,92,2
3503208,696,8
3503307,251,4
2301257,5,1
2101004,140,2
4300877,5,0
2301307,37,0
2601102,150,3
3300209,294,30
4101705,23,2
2902252,2,0
4300901,7,0
2301406,79,1
2902302,1,1
2800407,23,4
4101804,206,2
3104007,188,4
3104106,7,0
3104205,25,0
2601201,211,20
3300225,66,1
3503406,2,0
2501104,119,1
2800506,102,5
2501153,1,0
2501203,21,1
3503604,17,3
5101308,15,0
2401206,43,0
3104502,1,0
5101407,54,2
1100023,907,17
3503703,40,0
3300233,160,5
4201505,28,0
2301505,28,0
2200905,3,1
2501302,67,0
3300258,64,4
1702406,4,0
4301008,138,0
4301057,11,1
4301107,12,1
4301305,3,0
4201604,9,0
3503802,48,2
3503901,432,31
4201653,20,1
4301404,6,0
4201703,3,0
3503950,5,0
4101903,15,3
2301604,71,2
3504008,118,6
1200054,139,5
4102000,58,2
2501351,21,0
2201051,2,0
3104601,16,1
4102109,1,0
4102208,1,0
1300201,393,1
4201802,5,0
3104700,6,0
3504107,147,7
3200706,39,1
1702554,136,4
1500909,423,15
4301552,1,0
2902401,49,0
3504206,15,0
5202601,6,0
4201901,5,0
1500958,217,6
1702703,9,0
1300300,863,27
3504305,2,0
3504404,2,0
3504503,96,7
1501006,71,1
2201101,3,0
5202809,1,0
2101103,43,1
1702901,46,2
1703008,10,0
2101202,1517,15
2101251,115,1
2101301,289,1
2101350,18,0
3504602,53,4
3104908,2,0
4301602,88,0
1501105,148,7
2501401,125,1
2401404,9,1
2902500,2,0
1501204,204,9
2902609,1,0
2201150,35,1
2301802,9,0
3200805,153,7
3504701,1,0
4201950,43,1
4202057,20,0
4202008,854,6
4202073,9,1
4212809,87,1
4301636,9,0
4220000,7,0
4102307,14,0
3504800,10,0
2101400,497,2
3105103,0,0
2301851,137,1
3504909,6,0
2501500,63,0
3105202,1,0
4102406,19,1
1703057,10,0
1501253,39,3
2902658,14,0
4301651,4,0
3505005,5,0
3105400,72,0
4301701,44,0
2101509,13,0
5101605,3,0
3105509,7,0
2401453,162,8
3105608,321,4
2301901,199,4
3505104,2,0
4102505,1,0
1501303,1465,93
2401503,8,0
1300409,799,20
3505203,45,1
2902708,21,0
3505302,92,3
2902807,1,0
2601300,70,2
2501609,15,0
2501575,42,0
2700508,67,4
3200904,157,6
2501708,6,1
5101704,10,1
3505351,1,0
2902906,18,0
2101608,1176,13
5101803,146,9
2903003,2,0
1703073,8,2
3300308,281,23
4301909,5,0
2903102,5,0
3505401,12,1
2800605,351,4
4301958,1,0
3105707,12,0
3300407,303,28
4202107,44,0
4301800,3,0
2201200,409,12
2301950,181,14
2903201,192,2
2201309,1,0
1300508,516,6
2101707,221,12
2601409,202,19
3505500,670,18
3505609,67,4
2302008,27,5
5203203,20,0
2201408,32,1
2903300,12,0
2903276,33,0
1703107,25,1
2302057,386,8
4302006,2,1
3105905,12,0
3505708,1766,180
3505807,3,0
5001904,20,0
2201507,115,4
3505906,44,1
5002001,10,2
2302107,329,20
3506003,775,20
2501807,698,46
3506102,48,4
2302206,286,19
2302305,708,9
5002100,2,0
5203302,43,1
3106002,5,0
2101772,95,1
4102802,13,2
2201556,1,0
4202131,1,0
2101731,158,0
2501906,158,2
2601508,20,0
2502003,6,0
2201572,6,1
2601607,7,0
3300456,1238,161
3106101,7,1
2903409,52,1
2903508,0,0
3106200,3992,96
2601706,75,5
2700904,9,0
3106309,48,4
3106408,2,1
1501451,27,5
2201606,10,3
2101806,14,0
4202206,10,0
1501501,1200,48
1300607,1410,27
4302055,20,0
3506201,2,0
2401602,11,2
4302105,876,24
2101905,150,8
2502052,2,0
3506300,3,0
2101939,43,1
1703206,0,0
3506359,292,12
2201705,7,0
1300631,374,6
2601805,11,1
2201739,3,0
3106705,462,23
2601904,178,6
3106903,9,0
4202305,120,0
3506409,2,0
3107000,1,0
3506508,148,4
3506607,60,5
2903607,1,0
4102901,5,0
4202404,934,6
3107109,40,3
3506706,18,1
2201770,24,0
2903706,1,0
2502102,2,0
2302404,115,9
1400100,5956,196
4103057,26,0
4302154,2,0
2101970,11,2
1300680,149,2
4302253,13,1
2903805,4,0
2701001,339,6
1300706,578,9
3506805,42,1
3107208,2,0
4202438,1,0
3107307,7,0
4103107,6,1
2401651,1,0
2602001,11,0
5002159,1,0
3506904,38,3
3507001,154,6
2602100,124,3
3107406,44,1
3300506,42,2
4202503,1,0
5203401,3,0
3107505,1,0
4202537,21,0
2903904,40,0
2903953,1,0
2102036,487,1
5203500,23,0
3107703,4,0
5101852,19,0
3107802,2,1
3300605,92,2
3201100,43,0
4103156,3,1
1703305,3,0
3507100,25,0
2102077,82,0
4302352,52,0
2201919,8,1
4302378,4,0
3107901,9,0
4202602,1,0
4302402,74,1
4103206,1,0
4202453,98,0
1400159,116,5
2201929,1,0
5203559,8,0
3108206,1,0
2904001,3,0
2602308,88,11
2502409,2,0
2502508,77,1
2201945,3,0
2800670,52,5
2904100,10,0
3507209,1,0
3507308,14,0
1300805,392,16
3507407,20,0
3108305,4,0
3507456,6,0
4302501,3,0
3108404,5,1
3507506,492,13
2904209,0,0
4202701,6,0
4202800,140,2
4202859,1,0
4302600,2,0
1501709,1555,62
3507605,392,13
4103354,20,1
2701100,46,0
1501725,137,2
5002308,16,2
1703602,2,0
1200104,236,6
2201960,26,0
5300108,28722,370
3108602,7,0
5101902,5,0
3507704,8,0
3108800,1,0
5203609,2,0
3108909,8,0
2602407,1,0
3201159,45,0
2401800,34,0
1703701,3,0
2102101,188,8
3507753,3,0
2602605,237,4
2102150,70,0
2502805,55,1
2502904,4,0
2800704,7,0
1501758,22,0
2302503,134,4
2904308,9,0
1501782,153,12
1501808,929,70
5203807,4,0
4302659,12,0
3507803,62,2
3507902,10,0
2904506,0,0
3109006,103,0
2904605,117,2
4202875,11,0
4202909,250,1
3109105,6,2
3109204,43,0
2602704,26,3
2904704,53,5
3109253,2,0
2602803,44,1
1200138,128,1
1501907,189,18
3508009,30,1
3508108,26,0
2102200,193,0
5203906,10,0
2102309,9,0
1703800,62,0
2202000,160,3
2202026,4,1
2102325,1004,3
5203962,1,0
2904753,15,0
2102358,150,3
1100452,75,2
3508207,5,0
3109402,24,0
4302709,8,0
1300839,135,4
2503001,668,9
5002407,12,0
2904803,25,0
2503100,9,0
2904852,6,0
3109451,1,0
5204003,2,1
2202059,4,0
2503209,1541,11
1100031,3,0
2602902,870,131
3300704,667,33
3508306,4,0
3508405,191,7
2603009,16,1
4203006,60,4
3508504,114,5
4302808,105,1
1100601,14,0
5102504,125,6
2904902,27,0
5204102,18,0
3109709,3,0
3102704,3,0
1502004,95,9
1501956,175,0
4303004,85,0
2503308,37,3
3109808,2,0
2102374,35,2
3508603,22,1
3300803,271,18
1703826,9,0
3201209,1200,40
2503407,7,0
2503506,39,0
2503555,28,1
2701209,33,2
4303202,5,0
1100049,208,2
3508702,1,0
5204300,52,2
2905008,1,1
2905107,6,0
3109907,4,0
2905156,2,0
3110004,29,0
2603207,63,2
2905206,17,0
4103404,1,0
3508801,5,0
4103479,2,0
3508900,6,1
3110103,3,0
5204409,2,0
4303301,0,0
4203105,12,0
4303400,1,0
2401859,22,1
2401909,36,1
2402006,201,2
3509007,530,45
2905404,30,1
3509106,3,0
3509205,537,35
2102408,4,1
2102507,112,1
3509254,54,2
2503704,335,9
2202075,2,0
2503753,1,0
3509304,13,1
2701308,102,4
2202083,40,2
3110202,12,0
3509403,11,1
2603306,14,0
1600204,341,2
3110301,14,0
2503803,45,2
5204508,51,3
5204557,1,0
2905503,18,0
2202091,12,0
4103503,2,0
2603405,17,0
2905602,215,2
2905701,684,14
2503902,1,0
2905800,18,1
3110509,70,1
5002605,3,0
4303509,32,2
2603454,1182,86
4303558,18,0
4103602,18,0
4303608,2,0
4103701,100,4
4203204,280,5
3300902,45,0
3110608,44,0
3110707,3,0
1502103,2750,72
2302602,1425,47
2603504,56,2
3110905,5,0
3111002,1,0
4303673,4,0
5204607,1,0
2102556,139,1
4103909,4,1
3509452,26,0
2504009,5501,67
4104006,103,5
3111101,12,1
5102603,5,0
3509502,5317,211
2202109,4,0
4303806,9,0
5204706,12,0
4203303,1,0
5204805,2,0
2905909,29,1
2202117,1,0
3111200,38,2
4303905,108,2
4104055,24,0
2801009,27,2
4104105,2,1
4203501,2,0
3111408,6,0
2906006,38,0
5002704,1142,8
2202133,34,1
4104204,149,2
2202174,8,1
5204854,8,0
3509601,194,24
4104253,16,1
2202208,466,9
4104303,100,4
4304002,3,0
1100700,29,2
5102637,108,1
2402105,22,0
5102678,195,1
3111507,24,0
5204904,26,1
5102686,51,2
3509700,100,1
3301009,1493,77
3111606,6,0
1703842,2,0
4203600,18,0
3509809,1,0
2302701,107,2
2603603,45,3
3111903,19,0
1502152,1867,21
5102694,19,0
3509908,33,3
2701605,6,1
3111804,7,0
5102702,43,1
3509957,1,0
2906303,29,1
2906402,11,0
3112000,7,0
1100809,369,7
4304200,9,0
2906600,9,0
4104402,0,0
4304309,1,0
2102606,23,4
3510005,22,0
3510104,18,0
2906709,62,1
4304358,2,0
4104428,6,0
4304408,22,1
4203709,51,0
2402204,73,7
4304507,31,1
2801108,5,0
2603702,47,2
2302800,1019,30
2801207,55,2
4304606,299,9
4203808,106,0
2906808,27,2
1400175,275,6
3301108,18,1
2102705,236,1
2202307,13,1
2906824,12,0
4304614,4,0
1300904,65,0
4104501,6,0
3510203,44,7
4304630,42,1
4304655,1,0
4304663,4,0
3112109,3,0
2801306,108,5
4304689,1,0
3510302,70,0
2906857,3,0
3112208,1,0
3112307,2,0
3112406,2,0
2504033,91,2
3112505,5,0
2906873,34,3
3112604,21,0
4203907,8,0
2102754,185,0
2302909,298,6
4304697,14,0
2202406,23,0
3112703,17,1
2202455,5,0
4104600,11,0
1502301,366,22
3112802,2,2
3510401,131,0
4203956,64,0
1200179,112,3
2603801,20,3
4304713,8,0
1400209,41,1
2202505,3,0
3510500,297,18
3113008,2,0
2906899,3,0
4104659,37,2
3113107,3,0
3113206,26,2
3113305,123,4
3300936,82,1
3510609,1961,128
3113404,110,4
1301001,444,6
2402303,108,0
2202539,26,0
2906907,14,0
4304705,63,0
3113503,2,0
2907004,7,0
3510708,5,0
3301157,61,0
3113602,1,0
1301100,887,13
1301159,63,4
3201308,4149,202
2303006,164,13
2202554,9,0
2907103,1,0
2801405,28,2
2303105,240,3
1703867,57,1
2303204,80,3
2303303,80,2
4104709,30,0
4304804,243,4
3113701,3,0
3301207,60,2
3113909,4,0
3114006,3,0
3114105,3,0
3114204,68,3
3114303,44,0
3114402,11,1
5205000,6,0
1703883,9,1
2801504,62,2
3114501,21,0
2603900,39,6
2402402,7,2
2402501,31,1
2303402,100,1
2603926,7,1
2701803,20,0
1400233,234,2
2102804,102,0
2604007,209,33
3114600,1,0
2504108,1,0
1703891,4,0
2604106,1182,65
2102903,228,14
3114709,1,0
3510807,12,1
2907202,56,2
4304903,10,0
3115003,1,0
4104808,1714,28
1703909,2,1
4304952,8,0
3301306,283,9
2604155,12,2
2504157,87,0
3510906,8,0
5002902,3,0
1502400,1419,150
5102850,1,0
1100908,15,0
5205059,4,0
3201407,142,4
2202604,19,0
3511003,11,1
4104907,29,0
2907301,44,1
3115300,60,2
5205109,131,3
3511102,288,17
4204004,17,0
2303600,32,1
3115359,16,0
3115409,13,0
2604205,242,15
3511201,16,0
2504207,10,1
2907400,1,0
2504306,105,5
2907509,148,1
4305009,4,0
3115458,9,0
2303659,72,1
5205208,2,0
2504355,39,0
2303709,3264,258
5205307,4,0
3115508,15,1
4204103,27,1
2103000,765,22
4305108,587,10
2202653,17,0
2402600,314,16
3511300,12,0
2604304,19,1
2801603,37,0
1704105,0,0
4105102,8,0
2907608,0,0
3115706,1,0
2103125,11,1
3115805,28,1
2103158,49,0
2103174,230,4
1100056,24,2
5205406,41,0
3511409,13,0
3511508,38,5
4305124,0,0
4105201,3,0
2402709,4,1
4305173,2,1
4305207,3,0
3511607,12,2
4105300,18,0
5205455,1,0
2604403,116,4
2604502,143,10
2701902,12,0
3115904,1,0
3116001,5,0
4305306,3,0
1705102,0,0
1704600,0,0
5103007,40,4
5205471,13,0
5002951,114,0
2103208,1593,13
4204202,1198,9
3511706,84,3
4305355,31,1
2303907,244,3
3557204,1,0
1502509,139,1
3116209,20,0
4305405,18,0
4105409,10,0
2303931,152,3
2303956,278,10
2907707,2,0
1100924,12,0
4105508,253,2
2907806,4,1
4105607,5,1
5205497,156,3
2103257,196,0
4305454,29,1
2907905,3,0
3116308,0,0
4305504,2,0
5103056,8,0
3116605,22,0
4105706,44,2
2908002,45,2
1301209,3230,77
2202703,66,2
2202711,27,0
4204251,24,1
2202729,2,0
5205513,20,1
2908101,7,0
1301308,113,3
2103307,1766,8
2103406,868,8
3116704,3,0
2702009,36,0
2202737,11,0
1502608,70,8
3201506,1019,21
5103205,68,2
3512001,28,3
4305587,13,0
5205521,0,0
1705508,176,3
1716703,5,0
5103254,2,0
3512100,3,0
4105805,179,6
2202752,5,1
2202778,10,0
2702108,125,2
4305603,4,0
1100064,26,0
3300951,40,0
3117009,1,0
5103304,17,1
2504405,6,0
3201605,37,2
3115201,1,0
2908200,45,1
3117306,22,0
3117207,1,0
3301405,153,1
2908309,13,0
1502707,106,2
3201704,40,2
2908408,76,0
2908507,109,0
2103554,117,2
3117504,43,0
3117702,3,0
3117801,3,0
3512209,20,0
3512308,18,2
4204301,1174,11
1502756,369,6
2604601,162,18
2504603,261,5
2908705,17,0
4305702,24,1
3117836,1,0
3117876,2,0
5103353,270,5
2504702,16,1
3117900,1,0
3118007,52,1
3118106,1,0
4106001,8,1
5103361,8,0
3118304,77,1
4106100,20,0
3118403,5,0
4305801,29,0
3118601,761,29
4106209,6,1
3118700,1,0
2702207,119,4
4305850,5,1
3118809,1,0
2908903,21,0
4106308,25,0
3301504,26,0
3512407,123,3
2909000,1,0
4204350,13,0
2304004,361,5
2504801,24,0
5003108,1,0
3119104,47,0
4106407,220,13
3119203,1,0
3512506,14,1
2103604,253,2
3119302,7,0
4305900,4,0
4106456,146,0
2402808,1,0
3119401,370,1
4204400,6,0
2402907,6,1
2909208,10,0
3512605,2,1
4204459,4,0
3119609,1,1
4305934,1,0
4106506,8,0
3119708,4,0
3119906,15,1
5205703,1,0
3119955,1,0
3120003,3,0
4204558,3,0
2202901,33,0
2604700,35,2
2909307,4,0
2604809,79,9
5003207,191,3
5205802,1,0
5205901,11,1
3512704,9,0
4106555,8,0
1100072,4,0
4204509,78,0
2702306,559,13
3512803,151,4
3512902,9,1
1100080,17,0
5003256,21,0
3513009,953,69
4305959,7,0
5103379,8,1
3120102,3,0
1706001,22,0
4305975,27,0
5003306,10,0
2504850,8,0
2702355,172,1
2304103,537,16
2304202,264,6
3513108,49,4
2909505,4,0
4204608,522,9
3120151,6,0
2909604,7,0
4306007,4,0
3513207,5,0
4306072,1,0
1706100,0,0
5206206,29,1
3120508,3,0
2801702,22,0
2203107,2,1
2909703,7,0
5206404,5,0
1706258,1,0
2304236,24,0
5206503,2,0
3120607,13,0
2304251,431,8
4306106,77,2
2909802,65,1
2504900,167,11
4106803,5,0
4306130,7,0
3513405,49,2
4106571,6,0
4106605,13,0
4306205,98,3
2403004,15,0
3120805,12,0
4106852,7,0
3513504,1524,78
2505006,32,0
5103403,2402,95
2505105,54,1
2505238,30,0
2505204,84,1
1100940,54,1
5206602,10,0
2604908,41,1
1502764,128,3
2801900,3,0
3513603,7,0
4204707,27,0
4204756,7,0
3120839,6,0
2605004,121,10
2909901,59,0
2203206,14,0
1502772,566,9
4106902,2375,99
4204806,34,1
4107009,4,0
2203230,0,0
2403103,99,2
2505279,15,0
3120870,2,0
2203271,2,0
2505303,1,0
1502806,107,5
2203255,11,0
1502855,25,0
1502905,957,46
2103703,258,5
5103437,10,1
3120904,75,0
2605103,99,9
1600212,314,2
2505352,2,0
5206800,5,0
1706506,162,1
2910008,16,1
4306304,6,0
2103752,173,6
3121100,7,0
3121209,1,0
2702405,95,5
3121258,4,0
2203305,233,1
5103452,4,0
5003454,29,1
2304269,6,1
4306320,1,0
3513702,18,1
4204905,5,0
3121308,1,0
2505402,25,0
3121407,2,0
3513801,2481,147
2505600,2,0
4107157,2,0
4107108,1,0
4107124,18,0
3121605,18,0
5103502,19,1
1707009,7,1
2910057,172,6
3121704,6,0
3121803,8,0
4205001,5,3
3513850,1,0
2203354,32,0
2802007,37,0
3121902,1,0
3122009,26,0
3122108,2,0
3201803,80,0
3513900,1,0
3122306,295,9
1707108,4,0
3122355,5,0
3122405,1,0
3514007,5,0
3514106,6,2
4306403,20,1
4306429,0,0
1707207,2,0
4306452,2,0
2702504,15,0
4107207,7,0
3514205,5,2
5103601,18,1
2910107,3,0
3122470,3,0
3122504,7,0
1502939,496,6
2203404,28,0
4306502,3,0
2203453,12,0
3122603,2,0
2910206,3,0
4306601,21,1
2103802,43,0
4306551,1,0
3201902,223,3
2203420,1,0
4205100,6,0
2505709,6,0
3123007,1,0
3123106,1,0
3123205,3,0
3202009,18,0
3123403,1,0
2605152,63,0
4107256,4,0
3514304,16,0
5003702,1807,10
4107306,5,0
4306734,6,2
4205159,0,0
4306759,3,0
2403202,14,1
5207253,0,0
3514403,42,3
3514502,20,0
3301603,6,0
2505808,38,1
1707306,5,0
3514601,10,0
2103901,130,3
3301702,2625,371
3123528,2,0
3514700,1,1
3202108,84,5
5207352,3,0
5207402,10,1
1301407,337,0
3514809,24,1
1502954,129,4
4306767,32,1
2203503,36,2
3514908,30,2
3514924,0,0
3123601,18,0
2505907,2,0
3514957,12,0
3515004,1026,78
3515103,245,12
3515129,4,0
4306809,107,4
2403301,17,2
2910404,49,0
4306908,15,1
4107405,2,0
4107504,2,0
3123700,4,0
3515152,45,0
3123809,1,0
3301801,42,2
4306924,1,0
3123858,1,0
4205175,136,2
3123908,2,0
4107538,1,0
4306957,21,0
4306932,11,0
1301506,0,0
1200252,133,6
2403400,7,0
4306973,5,0
4307005,440,2
2304277,50,4
2900504,0,0
4205191,1,0
4307054,4,0
4307203,12,0
4205209,4,0
3124005,8,0
2605202,201,21
4307401,3,1
3124104,54,0
3124203,57,0
2506004,194,1
4307450,14,1
1707405,37,0
2104008,446,7
4107546,1,0
1100098,41,2
3124302,18,2
2403509,20,0
3124401,3,0
3515186,30,0
3515194,4,0
2910602,7,0
4307500,16,1
4307559,19,0
2802106,471,11
4307609,44,0
4307708,86,6
3124500,23,1
3557303,19,1
2104057,438,2
4307807,194,2
3515202,77,3
3124609,10,1
2702553,21,0
3515301,3,0
3124807,1,0
2910701,14,1
3515350,4,0
4307831,0,0
3124906,17,0
2910727,448,5
2304285,1207,28
3125002,4,0
3125101,282,4
2403608,213,5
2605301,7,1
2506103,28,2
5207535,1,0
3125309,8,1
2304301,95,4
1503002,15,0
4307906,372,4
3515400,14,1
2203750,3,0
1707553,12,1
5003801,210,0
4107603,4,0
4308003,1,0
4205308,38,0
4308052,24,0
4107652,142,9
4308078,7,0
1200302,144,4
2910800,1292,31
2702603,56,0
2802205,6,1
2104073,13,1
2403707,48,1
4308102,14,0
2702702,11,2
5103700,22,0
4107736,2,1
2605459,74,0
2104081,306,0
2403756,7,0
3515608,5,0
3515509,276,2
3515657,0,0
3515707,711,62
1600238,271,2
2605509,90,5
3125903,7,0
3125952,7,1
4107751,3,0
1707652,16,1
5103809,1,1
1707702,37,1
2910909,1,0
5207808,3,0
2702801,107,2
4205357,1,0
2403806,16,0
3515905,9,0
2605608,13,0
4308201,60,0
5207907,1,0
2203800,1,1
4107900,3,0
2911006,28,0
1503044,43,0
2203859,5,0
3126000,11,0
4108007,5,0
2203909,136,5
4308250,15,0
4205407,1094,10
3516002,12,0
1301605,446,16
4308300,10,0
3126109,45,0
4308409,77,0
5208004,173,4
2104099,53,1
4108205,1,0
2911105,7,0
3126208,6,0
1708205,72,1
4308433,1,0
2304350,91,10
4205456,52,1
2304400,32794,3109
2104107,31,0
2304459,62,0
2104206,100,0
4108304,217,4
4108452,25,0
4205506,26,0
3516200,158,8
2204006,11,0
4108320,4,0
2204105,2,0
3126505,1,0
4108403,80,3
2403905,1,0
3516309,736,38
3126703,9,0
2204204,11,0
3516408,662,58
2304509,101,4
4308508,62,2
3126802,2,0
3126901,23,0
2506202,1,0
2605806,66,4
2802304,63,3
3127008,1,0
2204303,55,0
3127073,1,0
3127107,33,1
2404002,5,0
3202207,235,9
3516507,3,0
2506251,52,1
3516606,0,0
3127305,1,0
2404101,13,0
4205605,6,0
2605905,106,11
5208152,5,0
2911204,276,4
2606002,328,23
2802403,6,1
3516705,20,0
4308607,483,5
4205704,11,1
1503077,279,5
4205803,15,1
4205902,72,2
3516804,34,8
5103858,7,0
4308706,26,0
3516853,11,0
2204352,1,0
4308805,23,1
4108502,8,0
2802502,20,2
3516903,39,0
2304608,78,4
4308854,11,0
2911303,2,0
3517000,1,0
4308904,19,1
2204402,8,0
2702900,232,2
4309001,9,2
3517109,3,0
2911402,10,0
5004007,18,0
2606101,131,18
4309050,5,0
2104305,38,2
3127370,1,0
2606200,615,42
3127388,2,0
5208400,19,0
5208509,3,1
5208608,69,3
1503093,81,4
5208707,4717,110
2404200,143,2
5208806,8,0
1708304,7,0
5208905,2,0
1709005,42,3
5209101,50,3
4108601,13,0
4108650,4,0
2104404,57,1
2911501,16,2
3127503,1,0
3127602,1,0
5209150,3,0
2104503,166,0
4206009,42,0
2404309,23,0
2104552,170,1
2104602,83,0
1101005,24,0
3202256,14,0
2104628,10,0
2911600,12,1
2104651,194,3
2104677,579,1
3127701,576,20
2304657,102,2
2104701,57,1
2802601,31,0
2104800,663,6
4309100,13,0
4309126,25,0
4309159,1,0
2606309,1,0
2304707,367,18
2304806,0,0
3127800,5,0
4206108,5,1
2606408,173,13
4309209,217,7
4206207,27,1
2304905,199,2
2404408,64,1
4309258,0,0
4206306,14,2
3202306,102,6
2204501,3,0
4309308,84,3
3517208,27,0
3517307,7,1
3517406,113,2
4108908,12,1
2304954,203,22
1301654,259,1
1100106,938,37
2911659,2,0
2404507,120,4
4108957,1,0
2911709,71,0
3128006,11,0
3128105,3,0
3517505,76,6
3517604,13,3
3301850,681,33
4109005,23,1
5209200,18,0
4309407,82,0
4109104,12,1
3517703,7,1
2506301,1652,15
3517802,3,0
3517901,4,0
4206405,3,0
2305001,127,4
3128253,2,1
1709302,132,5
5209291,2,1
2305100,36,0
4206504,65,0
3128303,3,1
3128402,1,0
3518008,14,0
4309506,1,1
5209408,11,0
4109302,42,0
3518107,15,0
5104104,80,1
3202405,684,31
4109401,79,2
4109500,1,1
3128501,1,0
3518206,49,1
3518305,92,11
2911808,20,0
3518404,64,3
4109609,30,1
3128600,11,0
3518503,43,0
3518602,95,2
3518701,2921,103
4206603,1,0
3518800,4963,567
4206652,38,0
3518859,4,0
3128709,53,0
5004106,252,0
2104909,98,3
3128907,2,0
5104203,12,0
3129004,1,0
2506400,111,1
2506509,18,1
1503101,326,8
1709500,167,5
3518909,1,0
4309555,11,0
3129202,5,0
3519006,19,0
4206702,27,0
5209705,51,1
5209804,11,0
3519055,17,0
2305233,834,52
4309605,11,1
3519071,428,22
2204600,5,0
4309654,3,1
4309704,6,0
2105005,154,3
3519105,2,0
5209903,9,0
3519204,4,0
2911907,35,4
3129301,16,1
3519253,3,0
2606507,2,0
4109708,17,0
2305266,18,5
3519303,69,0
2703007,43,4
3202454,61,4
4109757,41,2
3129509,31,0
4309803,5,0
3129608,1,0
2305308,157,4
2506608,5,0
2912103,76,1
4206801,2,0
2912301,15,0
2305332,196,5
2606606,41,5
2912400,5,0
2912509,5,0
4109807,34,1
3519402,9,0
3129657,1,0
3129707,5,0
3202504,84,4
4309902,2,0
2606705,5,0
4206900,10,0
2912707,39,1
2912806,47,1
4309951,25,2
3519501,14,0
2912905,46,2
3129806,98,2
4310009,44,1
2913002,7,1
3519600,103,6
3202553,33,3
3130002,1,0
3519709,116,10
2913200,11,0
2305357,186,5
4207007,36,0
3130051,1,0
4109906,1,0
2105104,81,2
3519808,2,0
2305407,146,3
3202603,90,0
2404606,31,2
3519907,2,1
2703106,44,0
3520004,66,2
2502607,2,0
3520103,39,2
3130101,57,0
2105153,130,2
2105203,470,1
1503200,342,21
1503309,871,30
2606804,408,58
3520202,134,1
3130200,2,0
2913457,23,0
2703205,47,2
4310108,8,0
3301876,146,20
2913507,80,0
3520301,74,1
4110003,1,0
2606903,29,1
3130309,3,0
5004304,5,1
4110052,4,0
3130408,9,0
4310207,95,1
3520426,38,2
2802700,26,1
2607604,105,3
2204659,39,1
3520442,16,0
3520400,126,2
2913606,1010,38
4207106,42,1
3130507,1,0
2506707,11,0
4207205,4,0
4110078,25,2
4310330,19,0
3130556,5,1
4207304,116,0
4110102,36,1
4207403,1,0
4310363,10,0
2105302,3496,186
4110201,4,0
5209937,1,0
4110300,2,0
3130606,2,0
4207502,122,2
3520509,317,31
4310405,1,0
3520608,25,0
4110409,18,0
3520707,9,0
5209952,24,0
2802809,45,4
5104500,2,0
2506806,230,2
3130804,8,0
2607109,7,0
4310413,2,0
2913705,8,0
1503408,46,3
2703304,3,0
3130903,9,1
3131000,2,0
2204709,21,1
5210000,118,0
3131109,4,0
5004403,0,0
3520806,2,0
3131158,37,1
5210109,21,0
3131208,15,0
2404705,42,7
2305654,81,0
3131307,989,26
2305704,11,1
3520905,6,0
4310439,1,0
2913804,4,0
3521002,37,0
3521101,16,0
3131406,4,1
2913903,526,8
3521150,10,2
4207601,7,0
2914000,49,1
5210158,1,0
5104526,12,0
2204808,16,0
1301803,0,0
1503457,299,9
2607208,390,60
5210208,83,2
4207650,9,0
2305803,141,5
3521309,46,1
4207684,154,3
2607307,80,6
2404804,3,0
1709807,2,1
3131505,1,0
4207700,80,0
1400282,55,1
4110656,2,0
3521408,110,1
4207759,1,0
4310504,3,0
3131604,9,0
2914307,2,0
1301852,1202,35
4207809,58,1
3521507,4,0
3521606,25,1
2914505,13,0
4207858,2,1
2306108,112,11
2914604,49,1
4110805,5,1
1503507,242,6
3202652,28,0
2204907,22,0
5210307,2,0
4208005,38,0
4310538,5,0
2802908,769,16
2803005,217,4
2914653,40,1
3521705,2,0
2914703,122,3
5210406,24,1
2803104,1,0
3131703,487,1
3131802,6,0
3131901,304,1
3301900,2066,114
2914802,1720,51
1710508,1,0
3132107,5,0
2914901,80,3
1301902,1310,52
2607406,1,1
4310553,16,2
2915007,44,0
2915106,9,0
2915205,43,2
3202702,19,0
2915353,0,0
3302007,1179,68
4110904,6,0
3132206,7,0
5210604,3,0
1710706,85,1
3521804,12,0
2607505,57,2
2306207,96,5
2205003,5,0
4208104,3,2
2105351,63,0
3132305,3,0
4110953,17,0
2306256,423,25
1503606,1896,36
2404853,54,1
4208203,1213,24
3521903,63,2
3522000,10,0
3132404,64,3
2915502,214,2
3302056,124,3
2915601,327,5
1301951,223,1
3132602,6,0
2915700,0,0
3132701,7,2
4111001,4,0
2607653,420,20
3132909,2,0
3133006,44,0
2915908,8,1
3522109,137,21
3133105,39,1
5104542,2,0
2916005,17,1
3133204,1,0
3133303,25,0
3522158,2,0
3302106,79,4
5210901,17,0
3133402,1,0
2306306,517,41
2916104,52,3
2916203,17,2
2916302,36,0
3133501,15,0
3522208,842,66
2105401,378,2
4111209,3,0
4208302,105,2
3202801,401,21
4111258,11,1
3302205,506,1
2607703,17,1
2916401,40,5
3522307,193,11
3522406,60,2
3522505,864,116
2916500,55,0
2306405,1458,74
3522604,112,8
4208401,10,0
5211008,1,0
1710904,33,0
2607752,199,20
2916609,11,0
2306504,119,4
4208450,24,1
3522703,33,0
5004502,95,3
1711100,0,0
3522802,2,0
2803203,150,9
2507101,118,3
1101104,92,0
3522901,31,1
3523008,6,1
5211206,4,0
3523107,1026,114
2916708,0,0
4310603,6,0
5004601,13,1
2607802,75,7
3202900,40,1
2916807,19,1
3523206,7,0
2306553,1088,17
3523305,67,3
4310652,5,0
3302254,18,0
3133709,37,1
3523404,136,5
4310702,9,0
2916856,32,2
3523503,35,1
2306603,497,10
2507200,105,1
2404903,14,0
3133758,6,0
5104559,3,0
1600253,163,0
5211404,1,0
2205102,2,1
3133808,37,0
4111308,2,0
3133907,3,0
3134004,12,1
2105427,370,8
5104609,12,0
3523602,18,0
3523701,2,0
2916906,1,0
2917003,6,1
3523800,5,0
2917102,12,0
3523909,357,28
2917201,1,0
2917300,12,1
3134202,39,2
5211503,78,1
3134301,3,0
3524006,185,7
1503705,108,4
4208500,11,1
3134400,20,0
3524105,13,0
2917334,0,0
3203007,107,7
4111407,3,0
4111506,13,2
4111555,1,0
5004700,25,0
5211602,3,0
4310801,30,1
2607901,4400,449
4208609,14,0
3524204,30,1
4310850,1,0
3524303,59,6
3134608,120,2
2405009,20,0
2917409,2,0
2507309,79,2
2703403,4,0
1503754,162,6
3524402,521,27
4111803,32,0
3524501,82,2
5104807,88,1
3134707,3,0
4208708,6,0
2917508,76,1
2703502,27,1
1503804,332,9
3524600,25,3
4310900,4,0
4111902,6,2
2917607,57,0
3135001,4,0
4311007,1,0
2917706,52,0
3203056,53,3
2306702,68,2
4311106,17,4
4112009,36,1
2306801,103,1
2306900,188,11
2917805,15,1
3524709,100,3
2307007,196,5
4208807,19,0
3135050,1,0
2205201,2,0
3524808,111,1
3524907,14,1
3135076,1,0
3135100,159,3
5211701,3,1
4112108,4,0
2405108,23,0
3525003,385,28
2405207,1,1
5104906,21,1
4112207,6,0
3135209,12,0
2405306,13,0
3135308,6,0
2703601,65,1
2803302,35,1
3302270,152,18
2405405,7,0
4112306,7,0
2803401,10,0
3135357,0,0
4112405,19,0
2607950,70,3
4311122,1,0
5211800,21,1
4208906,217,3
2703700,7,0
5005004,49,0
4112504,4,0
2405504,2,0
2405603,23,2
2405702,21,1
4112603,1,0
3525102,66,5
3525201,77,12
1100114,309,3
5211909,227,2
4112702,17,1
2608008,110,4
5005103,1,0
2307205,8,1
2608057,8,0
2205276,2,0
3525300,335,11
1711506,0,0
5212006,2,0
5105002,2,1
3135407,3,0
2105476,126,2
2703759,212,3
2918001,702,18
3135704,2,0
3135803,10,1
2918100,5,0
2507408,3,0
3203106,60,1
2205300,1,0
3135902,1,1
4112751,23,3
5212055,3,0
1100122,353,8
2307254,201,5
2918209,1,0
2918308,23,2
4209003,31,0
3136009,33,0
3136108,21,0
3525508,4,0
2608107,102,15
2405801,86,2
2405900,1,0
2918357,56,1
2105500,190,3
3136207,188,0
3203130,140,4
2507507,10402,253
3136306,9,0
3525607,4,0
3136405,1,0
2703809,96,6
2608206,47,8
2205409,36,0
4112801,18,0
2513653,1,0
2205458,7,0
4311155,1,0
4209102,894,28
3136504,2,0
1200328,27,0
4209151,1,0
3525706,66,2
2205508,93,3
3136520,1,0
2105609,158,0
3136579,1,0
5212105,2,1
5105101,11,1
2507606,85,0
1711803,1,0
3136652,17,1
2507705,87,0
2918407,269,9
2307304,1179,58
2205516,9,0
2307403,34,2
2608255,17,1
2406106,32,2
5105150,27,3
3136702,1174,41
2205524,6,2
4311205,15,0
3525805,5,1
3525854,1,0
2105658,84,0
2507804,16,1
2406155,9,0
3525904,2834,141
4112900,9,0
2704005,301,5
3526001,29,1
2608305,9,2
4209177,15,0
3526100,31,0
3526209,84,4
3136801,1,0
4112959,3,0
2608404,23,0
2507903,249,4
2508000,9,0
1302207,154,0
5105176,1,0
1503903,361,48
5105200,15,0
4113007,10,1
2918555,5,0
2918605,2,0
1302306,238,13
5005152,2,0
4113106,1,0
1302405,342,3
3137007,6,0
5005202,26,0
2918704,8,0
3137106,18,0
2803500,379,11
4209300,218,0
2105708,693,32
2105807,57,0
2105948,119,2
2105906,178,1
2508109,3,0
2205557,3,0
2406205,18,1
2704104,93,2
1711902,27,0
3137205,173,1
2508208,25,0
2608503,96,6
2406304,5,1
2205573,9,1
2406403,22,0
2205565,73,0
2608453,61,6
2105922,0,0
2608602,7,0
2205581,48,1
2205599,3,0
1711951,0,0
2608701,97,3
3137403,3,0
3137502,28,0
2608750,10,1
2105963,62,0
2406502,9,1
2406601,11,0
3137601,44,0
2508307,308,3
4311304,30,1
4311254,0,0
2205540,6,0
4209409,33,1
5005251,2,0
2918803,13,0
3302304,85,0
1712009,1,0
4311429,3,0
4209458,21,0
2105989,34,0
2918902,5,0
2608800,91,3
2919058,6,0
2406700,18,0
2406809,29,0
3137700,24,0
2919108,15,0
3137809,13,1
5105234,15,0
3137908,1,0
2205607,6,0
4113205,22,0
2919157,12,0
3203163,44,0
3138005,2,0
1600279,2484,39
3526407,55,2
2803609,89,2
4113304,30,0
3138104,1,0
2508406,11,0
4209508,3,0
2919207,965,27
4209607,5,0
3526506,1,0
3138203,65,7
2307502,44,2
4311502,20,0
3526605,10,1
4209706,1,0
3526704,147,9
3526803,687,16
3138401,150,2
5212303,32,0
4113403,14,1
4311601,1,0
2919405,9,0
4113429,1,0
2106003,414,3
3138609,31,2
3526902,511,23
3138625,1,0
2608909,360,25
2704203,66,1
1504000,452,12
2307601,474,16
4113452,7,0
3527009,5,0
4209854,69,0
4311627,1,1
3203205,969,19
3527108,91,6
2508505,10,0
2919504,14,0
1712405,1,1
4113502,2,0
4113601,1,0
2508554,23,0
4113700,1057,56
3138658,4,1
4209904,2,0
3527207,86,4
2106102,0,0
3527256,1,0
3527306,140,6
5105259,279,8
3527405,34,5
2508604,142,1
5105309,1,0
2406908,5,0
3527603,18,1
2205706,137,6
2106201,26,1
2919553,121,0
2407005,12,1
3138674,2,0
4210001,22,0
4113734,3,1
3527702,1,0
3138708,1,0
4113759,1,0
3527801,7,0
4113809,0,0
3527900,0,0
3138807,3,1
4210035,8,0
5212501,407,6
2205805,228,6
1712454,12,0
3302403,1742,64
2407104,330,14
2919603,3,0
2803708,8,0
1600303,9378,216
2609006,67,3
2919702,3,1
3528007,174,1
2407203,102,12
3528106,14,1
2919801,3,0
3528205,2,0
2704302,12213,522
3138906,1,0
4311700,6,0
1100130,52,1
3139003,17,0
2609105,43,3
3302452,8,0
2307635,149,9
2205854,46,1
2919926,84,2
3139102,2,0
2508703,11,0
1504059,282,19
2919959,1,0
4210100,19,0
1504109,104,8
2106300,70,1
3528304,11,0
3302502,1323,124
2920007,7,0
2920106,18,0
3528403,69,7
3528502,184,23
4210209,2,0
2704401,80,2
4210308,0,0
3139201,8,0
2920205,1,0
2920304,1,0
2803807,28,0
2803906,97,5
4113908,4,0
2508802,19,0
2508901,853,12
4114005,7,1
3139250,1,0
1302504,3073,122
2509008,6,0
1302553,203,9
2609154,1,0
1302603,24978,1706
1200336,113,2
4114104,13,0
4114203,11,1
4114302,42,0
3528601,7,0
4114351,6,0
3139300,1,0
3302601,250,21
4114401,5,0
3139409,100,3
3139508,4,0
1302702,113,4
2205904,6,2
4114500,7,1
1200344,44,0
4311759,3,1
2920403,16,1
2920452,33,0
3139607,93,2
3203304,24,1
4311775,17,0
3139805,46,3
2704906,11,0
5212808,10,1
1302801,190,2
1504208,2731,125
2106326,323,1
3528809,24,0
4210407,13,0
5005400,16,0
1504307,90,12
2307650,3065,199
2920502,18,1
2704500,243,7
2920601,55,2
2609204,53,4
2106359,91,0
2307700,1358,77
2106375,241,3
1504406,284,15
3528858,1,0
4311791,7,0
3203320,527,27
4311809,490,9
2920700,19,2
4210506,45,0
3139706,0,0
2509057,14,0
5105580,31,0
4311908,12,0
2407302,3,0
2920809,7,0
2307809,131,7
2205953,66,1
2206001,5,0
4114609,25,0
2704708,1148,13
3203346,275,8
1200351,128,0
4210555,11,1
2509107,263,5
3139904,7,0
4114708,14,0
4114807,8,0
3140001,495,9
4311981,2,2
4312005,18,0
1712504,13,1
3528908,1,0
2704807,124,1
3302700,973,49
3203353,58,1
4114906,1,0
4115002,10,0
3529005,247,7
4115101,11,0
4115200,712,11
3529104,0,0
3140159,36,1
4115309,15,1
4115358,1,0
3140209,4,0
1504422,573,55
2509156,5,1
3140308,6,0
4115408,23,0
4312054,8,0
4115457,4,0
3140506,5,1
2307908,32,2
3529203,15,1
2407401,6,0
3140530,15,0
2804003,105,6
4115507,2,0
2920908,5,0
2308005,633,30
2206050,1,0
4210605,26,1
2921005,104,0
2705002,6,0
2106409,214,5
3140555,10,0
3529302,31,1
2509305,72,2
4115606,32,0
3140605,3,1
3140704,15,1
3171501,1,0
3140803,14,0
3140852,5,0
2206100,18,1
2921054,0,0
2106508,200,1
2509339,31,0
4115705,14,0
3140902,6,0
4312138,3,1
2509370,6,1
4312153,8,0
2106607,53,1
2106631,119,0
3141108,35,0
2705101,279,6
5105606,87,1
2509396,18,0
3529401,1867,126
4115754,3,0
1302900,844,29
5213004,68,0
1712801,22,1
2308104,166,7
2407500,20,1
4312203,4,0
1600402,624,6
3141306,1,0
2921104,44,0
4115804,75,0
1504455,272,4
3141405,29,1
4210803,20,0
1504505,176,7
3302809,40,2
3529500,36,1
3141603,11,0
3529609,4,0
2308203,221,7
3302858,647,100
2705200,143,5
2407609,9,1
2206209,167,3
2921203,7,2
3302908,64,3
3529708,9,1
2308302,35,2
2106672,71,0
2308351,82,3
2206357,3,0
5213053,4,0
3203403,180,2
5213087,8,0
2705309,6,0
4312252,12,0
3141801,2,0
5213103,180,1
3529807,24,1
1101203,2,0
3530003,1,0
3142007,7,0
3529906,86,6
3303005,88,0
1713205,38,0
4115903,17,1
3142106,11,1
4312302,1,0
3142205,20,1
2308377,176,6
5005608,2,0
2106755,137,2
3530102,47,5
2921401,5,0
1713304,17,2
2921450,7,1
1101302,44,1
3530201,11,0
3530300,73,2
5105622,31,1
3530409,4,0
4210852,1,0
2106805,68,6
4116059,25,0
2308401,106,2
1504604,476,17
3530508,79,4
4210902,8,0
3142304,10,0
3142403,4,1
2509404,51,1
3530607,1618,133
3530706,355,12
3530805,134,5
2804102,97,1
1504703,1127,26
1504752,195,7
2308500,232,15
3530904,1,0
2106904,181,11
3531001,5,1
4211009,20,0
3531100,106,4
2206407,46,2
2206506,32,1
2308609,90,3
2509503,28,0
3142700,3,0
3203502,18,1
2407708,30,1
4312351,6,0
2407807,63,1
5213509,2,0
3142809,37,1
2804201,17,1
2206605,8,0
3531209,3,0
4312377,1,0
3531308,52,1
3531407,24,1
3142908,12,0
3531506,17,0
4312385,8,1
4211058,26,0
3143104,8,0
3531605,1,0
2407906,2,0
1713601,2,0
3143153,3,0
3531803,165,5
1101401,47,1
2921500,32,1
3143203,1,0
3143401,53,1
2509701,56,1
3531704,4,0
2705408,23,0
4312401,112,1
2107001,111,1
3143302,161,3
5213707,6,0
5213756,30,0
5213772,1,0
2308708,801,11
2308807,199,2
2614303,3,0
4116109,12,0
2609402,256,31
4312427,3,0
2921609,9,1
4116208,36,0
5213806,54,4
4312443,5,0
3531902,111,0
2206654,11,0
4211207,25,0
3143609,2,2
2921708,8,0
2206670,56,0
4211256,6,0
4312476,8,0
2107100,91,2
2921807,6,0
3532009,31,0
5213905,3,0
2408003,2016,98
4312500,1,0
3532058,8,0
5214002,2,0
1504901,157,11
1400308,138,2
2309003,152,2
2921906,4,0
4312609,20,0
2922003,105,1
3203601,9,1
4312625,5,0
2509800,102,1
2922052,5,1
5005681,30,0
3143807,14,2
2922201,7,0
3203700,65,1
2922250,9,0
3203809,76,5
3143906,533,14
2804300,14,0
2705507,207,8
2206696,4,1
1713957,8,0
2922300,34,1
3532108,4,0
2922409,20,0
3144003,85,0
5214101,3,0
3144102,4,0
3144300,33,2
4312658,40,1
3144359,3,1
2408102,7488,262
3144409,1,0
1714203,1,0
3532306,1,1
2509909,29,0
4211306,405,10
5005707,66,0
1714302,18,2
2609501,109,17
2206704,1,0
3532405,35,2
3144508,3,0
2510006,4,1
2206720,9,1
5214408,3,0
2804409,57,4
3144607,21,0
5214507,10,1
3532504,12,0
1303007,129,4
3532603,11,0
4312674,2,0
2922607,6,1
3303203,591,65
2107209,50,1
3144656,3,0
3532702,1,0
5214606,32,0
2408201,107,2
3303302,5347,175
5105903,16,0
4312708,71,1
2922656,17,0
1400407,31,3
5106000,1,0
2804458,11,0
2804508,338,1
2804607,90,6
2804706,13,4
2206753,5,0
5106109,96,3
2804805,1290,48
2206803,50,2
3532801,11,0
4116505,1,0
4312757,11,1
5006002,6,0
5214705,1,0
4116604,1,0
5006200,21,0
4312807,426,2
4116703,4,0
5106158,1,0
4312906,43,0
3144672,1,0
5106208,1,0
1100148,8,0
4313003,9,0
3532827,1,0
2922706,3,0
5106216,2,0
3532868,4,1
2107258,2,0
5214838,1,0
2408300,133,6
3144706,18,0
4211405,16,0
4116901,14,0
1504950,292,6
3532900,60,0
4117008,17,0
2510105,9,0
3303401,348,30
5214861,20,0
3533007,16,1
5108808,5,0
3533106,6,0
4313060,24,0
2922755,7,0
3303500,2893,314
5214879,2,0
2107308,5,0
1504976,121,3
4211454,6,0
5106182,8,1
3144805,351,1
4117107,18,0
3533304,2,0
1100338,140,3
5108857,9,0
5108907,5,0
3144904,1,0
5108956,3,0
5106224,242,5
3533403,88,7
4117206,2,0
1714880,203,7
2107357,196,2
1303106,365,19
4313086,0,0
4313102,0,0
2510303,19,0
4313201,6,1
3145000,2,1
3145059,12,1
4313300,104,0
2922854,0,0
3145109,1,0
4313359,1,0
1715002,8,0
2309300,149,11
5106190,17,2
4313375,12,0
3145208,35,2
2922904,40,0
1505007,103,1
4211504,16,0
5106240,35,0
1101435,31,0
3203908,192,7
4211603,58,0
2923001,107,1
5106257,3,2
3533254,4,0
1715101,2,0
1303205,207,5
1715150,1,1
1303304,368,8
4313490,2,0
5215207,3,0
3145307,17,1
5215231,245,10
4313409,382,11
3533502,28,0
1100502,16,1
5006259,8,0
1715259,0,0
2705606,67,2
4313425,1,0
5106265,23,0
2309409,34,4
3145356,2,0
2206902,1,0
5215256,0,0
1505031,238,1
1505064,74,10
2206951,3,0
2923050,4,0
4313466,0,0
3145372,1,0
3533601,3,1
1505106,63,2
2309458,225,9
3533700,0,0
2207009,125,0
1505205,352,20
1600501,1177,8
3145406,4,0
3533809,1,0
2510402,25,0
2107407,348,3
2705705,164,4
2705804,7,0
2207108,12,1
2705903,19,1
2408409,12,0
3145455,0,0
3533908,90,3
2609600,3447,208
2107456,137,4
2923100,6,0
2510501,20,0
3145604,10,0
1715507,16,0
2923209,33,0
2706000,20,0
3534005,4,0
3145851,1,0
3534104,3,0
1505304,492,20
3145877,3,1
5215306,1,0
3534302,77,4
4211702,46,0
2609709,51,1
2609808,5,1
2309508,131,2
4117305,6,0
3534401,4725,448
4313508,83,2
3534609,7,0
4211751,14,0
1505403,98,2
2923308,4,0
2609907,56,3
1505437,689,3
3534708,256,4
4211801,2,0
2408508,11,0
3146008,17,1
3146107,140,2
1100155,131,3
2510600,0,0
4211850,5,0
5215405,2,0
3534757,9,0
2923357,1,0
5215504,2,0
3534906,36,2
1505486,196,5
2309607,579,25
1400456,304,13
2804904,54,1
2107506,437,50
2309805,134,5
2309904,56,1
5215603,73,1
3146255,1,0
2207207,4,1
3146305,44,0
2207306,1,0
3146552,2,0
4211876,14,0
4117503,19,1
4313607,3,0
2207355,1,0
3535002,7,0
1505494,16,1
2310001,39,1
4211900,386,1
3146701,3,0
4212007,5,0
2310100,142,4
2610004,668,38
4313656,4,0
3535101,14,2
1721000,1302,15
2923407,17,0
4212056,1,0
3535200,16,0
4313706,112,4
2207405,3,0
2706307,306,6
2207504,6,2
2107605,27,1
1715705,12,1
2923506,2,0
5215702,37,2
1713809,54,1
2610103,7,2
1715754,1,0
5215900,1,1
3535309,28,1
4313805,2,0
4212106,97,4
4117909,28,1
5216007,1,0
4313904,23,0
3204005,119,2
2610202,55,4
3535408,10,1
4313953,2,0
2706406,135,1
3146909,5,0
4212205,20,4
3147105,40,0
3303609,312,19
3147006,208,1
2310209,338,27
1505502,1170,67
3147204,5,0
3535507,26,1
4314001,18,0
3303708,236,11
2107704,71,1
3535606,25,0
2310258,309,19
3535705,9,1
5006275,6,0
4118006,15,1
4314027,2,0
1716109,182,7
3147303,24,4
2310308,107,11
2923605,5,1
2310407,71,1
2408607,4,0
1716208,0,0
4118105,7,0
4118204,161,4
5006309,116,2
5216304,5,0
5106299,4,0
3535804,17,1
4118303,4,0
3535903,1,0
2610301,5,2
5106307,24,0
4118402,163,7
5006358,1,0
3147402,9,0
3536000,2,0
2510659,4,0
2923704,1,0
3303807,177,8
2408706,9,0
1505536,8170,107
5216403,20,2
2408805,13,0
3536109,35,1
4314035,1,0
2408904,30,0
2706422,6,0
1303403,2245,69
2923803,12,0
2706448,70,6
3536208,166,5
3536257,1,0
2207603,3,0
2207702,1811,43
2403251,1874,51
2107803,26,1
4314050,20,1
2409100,14,1
3147600,12,0
3147709,1,0
3147808,6,0
2409209,8,0
2107902,48,0
2207751,10,0
2610509,143,7
2706505,143,4
4212254,17,0
4314076,1,0
4314100,1413,38
3147907,35,2
4212270,7,0
2108009,28,1
4118451,3,0
4118501,88,1
2510808,1046,49
3148004,172,3
2207777,4,0
3148103,47,3
3148202,8,1
3536307,14,0
2409308,6,1
3303856,38,4
2923902,21,3
1716307,3,0
2207793,17,0
2409407,28,1
2610608,308,26
1303502,216,1
4118600,7,0
3536406,1,0
3536505,537,7
2108058,99,1
2610707,2448,182
2207801,18,0
3536570,3,0
2924009,115,1
4314134,1,0
3536604,2,0
4118709,6,0
2706604,108,4
4212304,2,0
2108108,329,3
4314159,44,3
2207850,7,1
2924058,3,0
4118808,12,0
3536703,123,3
2610806,29,3
3148707,10,0
3536802,5,0
2310506,77,6
1600154,1749,5
3148905,2,0
3149002,3,0
2409506,23,0
2511103,17,0
2805000,5,0
2409605,1,0
3536901,2,0
2924108,1,0
2511202,756,12
4212403,2,1
3537107,17,0
2108207,894,19
2805109,7,0
3537156,4,1
3149200,3,1
1716505,7,0
2924207,2,0
2409704,8,0
3204054,115,3
3537206,5,0
2108256,76,1
2207900,68,5
2207934,5,0
3149309,42,0
2512721,9,0
2409803,16,0
1716604,1,0
1505601,55,2
5106422,88,1
4314407,183,0
2310605,10,2
2108306,170,3
3537305,28,4
2409902,112,5
2706703,138,4
4212502,122,4
2310704,390,21
1716653,9,1
3149804,20,1
3149903,10,0
3537404,19,3
3537503,7,1
2310803,19,0
2108405,129,1
3149952,5,0
4212601,18,1
2108454,297,1
4119004,1,0
5216452,1,0
3537602,112,10
3150000,10,0
4212650,15,0
2610905,156,5
4212700,1,0
2611101,473,17
5216809,2,0
3303906,757,83
2706802,147,4
2511301,35,2
2924306,7,0
1505635,57,0
2208007,392,6
2511400,60,0
3537800,131,6
3150158,1,0
3150307,1,0
3150406,7,0
4119103,4,0
2924405,46,0
2511509,98,1
3537909,32,2
2410009,12,0
2511707,111,0
3150505,5,0
1100189,121,3
2208106,74,1
1101468,19,0
2924504,12,0
3538006,94,7
2108504,299,4
2707008,15,1
2924603,6,0
3538105,30,1
1717008,3,0
2310852,239,11
4119152,227,7
4314456,2,0
4119251,1,0
3538204,8,0
2805208,11,3
3303955,96,1
4314498,1,0
2108603,552,23
4314506,2,0
4213005,1,0
3204104,79,4
2924652,18,0
4314548,4,1
3150570,1,1
2208205,16,1
2108702,502,4
3538303,4,0
2310902,11,0
3538501,4,0
3538600,43,2
5217104,27,1
3150604,3,0
3538709,1502,64
2208304,89,4
3304003,163,6
2924678,17,0
4119400,9,0
3538808,85,4
3150703,10,0
3538907,29,2
2805307,22,2
3150802,43,4
3539004,15,1
3150901,4,0
3151008,13,0
5217203,9,0
2108801,221,1
3151107,32,1
3151206,59,1
3539103,120,1
3539202,28,2
4119509,181,8
1717206,2,0
3539301,191,1
4314605,6,0
3539400,67,2
4213104,14,0
3151305,4,0
5217302,6,0
5217401,53,2
2310951,9,0
2924702,39,0
2208403,225,6
2924801,3,0
2511806,54,0
4119608,22,0
3539509,53,2
3151404,2,0
2511905,385,4
1717503,2,0
3204203,185,3
3151503,10,1
1505650,85,0
1200385,245,6
5217609,219,10
4119707,14,0
3539608,30,0
4213153,13,0
3151602,11,2
3539806,408,47
2611200,16,2
2108900,214,0
2512002,34,0
2410108,58,1
4314753,49,0
2707206,14,3
3151701,34,0
2805406,68,3
2805505,56,2
2925105,67,1
5106505,47,4
3151800,115,4
3151909,31,0
2925204,139,1
3539905,1,1
2512101,108,0
2611309,290,15
4213203,56,0
3540002,3,0
3152006,13,0
1505700,254,6
4119905,197,1
5006606,77,1
3540200,83,6
5106653,18,0
4119954,26,2
5217708,1,0
3540259,10,2
4314779,12,1
4213302,1,0
1717800,0,0
4213351,2,0
1717909,5,0
5106703,1,1
3152105,45,0
4314787,10,0
4213401,32,2
5106752,162,10
3540309,0,0
3204252,9,0
3152170,15,0
2925253,10,1
3540408,5,1
2311009,26,0
3540507,6,0
5218003,47,1
3304102,72,2
4120002,3,0
2410207,7,0
4314803,36,1
5218052,3,0
2311108,14,1
3152204,24,0
1505809,626,34
5218102,8,0
2208502,11,0
1200807,188,6
4314902,1669,64
5106778,8,0
4120150,3,0
4213500,55,1
2707305,366,4
2805604,78,2
1505908,328,22
2707404,51,1
2410256,27,1
5106802,9,0
5106828,74,3
5106851,1,0
3540606,161,3
3540705,47,1
3152303,5,0
2109007,168,4
1600535,541,5
4315057,1,0
5006903,0,0
1718204,166,4
3304110,31,0
2707503,74,0
2109056,37,0
2925303,260,1
4213609,11,0
1100205,9306,296
1200393,47,0
4315107,29,0
5218300,16,0
3152402,38,0
2311207,56,0
3540754,7,0
2925402,23,0
3540804,35,2
2311231,20,0
3152501,240,4
3152600,1,0
4315131,3,0
4213708,5,1
5107008,22,0
3540853,3,0
1600550,113,2
2925501,54,1
4120333,4,0
3540903,37,3
3152709,2,0
3541000,2088,76
1718303,77,0
1506005,93,3
4120358,1,0
2512200,0,0
2208601,2,0
3541059,10,0
3152907,19,0
3153004,2,0
3541109,6,0
3541208,15,0
4213906,10,0
4120408,2,0
2109106,544,2
3541307,26,2
1303536,820,20
4214003,5,0
2925709,0,0
3153202,1,1
1718402,3,0
3153301,1,0
4315149,10,0
1100254,11,0
3153400,1,0
3541406,336,15
2109270,128,6
2925758,19,0
2109304,35,0
3541505,28,8
2611408,58,6
1101476,5,0
5107040,379,8
2109403,28,0
4120507,3,1
2512309,33,1
5218391,7,2
4315156,23,0
3541604,68,0
2805703,107,3
4315172,1,0
4120606,3,0
1718451,6,0
2410405,56,1
2512408,128,0
3541653,3,0
4315305,15,2
4120655,5,0
3541703,22,2
4120705,9,1
1506112,229,7
3304128,21,0
4120804,63,1
4315313,1,0
4120853,2,0
2707602,83,1
4120903,28,0
2208650,38,0
2512507,343,1
3304144,1474,27
3541802,10,1
5107065,100,3
4121000,9,0
2925907,10,0
4214201,12,0
4121109,1,0
3542008,4,0
4315354,1,0
2611507,127,1
5218508,75,1
3304151,156,1
4121208,36,1
2311264,50,2
2611533,14,3
2925931,8,0
2311306,1523,41
2311355,127,1
2311405,540,23
2311504,156,5
2410603,10,0
2925956,31,0
3542107,18,0
4121257,25,0
3542206,17,1
4121307,6,2
4121356,2,0
4214300,2,0
2109452,102,10
3153905,17,2
3154002,5,0
4121406,8,0
4121505,3,0
2611606,19379,1615
3154101,7,0
1718501,0,0
1506138,598,3
3542305,7,0
2208700,3,0
4315404,5,0
2208809,10,0
3542404,10,0
3542503,3,0
3542602,250,7
2926004,26,1
2512705,128,2
4121604,2,0
2311702,56,5
3304201,318,21
3154200,3,0
4121703,19,1
4121752,13,0
3154309,16,1
4315503,22,0
2926103,26,0
2512747,13,0
2926202,38,0
2512754,158,0
2805802,60,3
2926301,22,1
2512762,20,1
1718550,5,0
2410702,10,1
2611705,38,0
2926400,14,0
2512788,7,0
2512804,3,0
3154507,5,0
2805901,23,0
5218607,25,0
5218706,1,0
2109551,119,3
5007109,11,0
3542800,3,0
2926509,4,0
2208874,3,0
2926608,48,1
2611804,123,38
3542909,11,0
3543006,22,0
5107180,18,0
3154606,265,5
2926657,1,0
4121901,36,1
3543204,6,0
3543238,4,0
3543253,6,0
3543303,379,22
3543402,2610,95
3154705,0,0
2208908,81,2
2806008,46,2
3543600,1,0
3543709,14,1
3543808,6,0
3154804,26,0
4122008,1,0
3204351,62,0
3304300,303,19
4122156,6,0
5107206,7,0
4122206,28,0
5007208,195,2
3154903,0,0
3543907,364,26
1100262,9,0
1718659,0,0
4214409,2,0
3304508,4,1
3304524,636,27
3544004,49,2
3304557,50129,5791
2926806,4,0
4214508,2,0
2408953,35,1
4214607,3,0
2926905,3,1
4214805,99,1
1718709,1,0
4315552,5,0
3155207,4,1
2611903,75,12
4214904,1,0
4315602,110,2
3544103,151,9
2209005,14,1
2707701,571,32
3155306,13,2
1506161,323,0
4215000,33,0
4122305,15,1
3155405,5,0
3204401,93,3
3155504,44,0
4315701,7,0
3155603,7,0
3155702,44,0
3155801,15,1
1303569,624,12
2927002,33,0
4215059,2,0
1718758,22,1
2512903,286,7
5218805,2894,9
5007406,7,0
3156007,4,0
3544202,0,0
4215075,7,0
4315800,24,2
5007505,3,0
4215109,4,1
4315909,1,0
3156304,15,1
2927101,6,0
2411007,7,0
1200427,79,4
4122404,56,6
4316006,16,0
1100288,205,2
4215208,10,0
4316105,13,0
4316204,2,0
5107578,2,0
4122602,32,1
1506187,132,13
5107602,805,25
4316303,3,0
1400472,372,8
3544251,15,0
2109601,209,7
3156452,3,0
2806107,44,1
4316402,3,0
5107701,60,3
3544301,10,1
2707800,47,1
3156502,2,0
3544400,5,0
5218904,35,2
3156601,1,0
1506195,285,3
2311801,653,16
2411106,18,0
3156700,106,1
3544608,2,1
2311900,19,1
3156908,2,0
4316428,2,0
3544707,2,0
2612000,6,2
4316436,34,4
3544806,1,1
3544905,14,0
3545001,24,4
4215307,7,1
2612109,27,0
2806206,55,4
2513109,75,0
4122800,8,0
2612208,120,9
3157005,78,1
2927309,13,1
1506203,388,28
2311959,33,1
3545100,1,0
2612307,18,3
3545159,22,1
3545209,119,3
3157104,2,0
3545308,89,4
4122909,10,0
4316451,25,0
4123006,2,0
3545407,15,0
4215406,1,0
2927408,23047,884
4316501,2,0
1506302,235,12
2109700,4,0
1718808,64,0
4316600,28,0
1718840,5,0
4215455,32,0
2612406,45,5
4317103,97,2
3545605,30,0
3545704,4,0
4123105,3,0
3157203,98,0
3545803,240,10
3157252,11,0
1506351,211,10
4316709,3,0
3157302,4,0
3546009,47,2
2927606,7,0
5107248,13,0
4215505,8,0
4123204,4,0
4316733,14,0
3546108,1,0
4316758,23,0
2411205,119,1
2927705,70,0
2612471,3,0
3546207,9,0
3546256,5,0
2927804,10,1
3546306,45,1
3157336,13,2
4123303,4,0
1506401,80,5
2612505,129,8
2209104,1,0
3546405,125,1
4316808,121,1
5107743,13,0
3157500,1,1
3546504,7,0
4123402,8,1
5219258,2,0
1718865,15,0
3546603,33,0
2209203,2,0
2109759,15,0
3546702,31,2
4215554,2,0
5219308,147,0
3157658,2,0
4123600,9,0
3546801,282,34
4123709,13,1
1303601,106,2
1506500,423,30
3157708,29,0
3204500,61,2
3546900,10,0
2209302,3,1
2513406,145,4
1100296,11,0
2806305,18,1
2707909,122,2
1506559,109,7
2110039,138,1
3157906,13,0
4316907,474,13
2612604,10,0
3547007,34,0
2928109,2,0
1506583,58,2
3158003,8,0
3204559,139,5
2612703,11,1
4316956,6,0
1506609,136,13
3158102,1,0
1718881,0,0
3304607,7,0
4123907,31,4
4123956,9,1
2312205,458,15
2110104,298,6
2513703,1086,89
2928406,9,1
3159308,5,0
5219407,3,0
5219456,1,0
3547502,31,1
3159605,5,0
1718899,0,0
5107768,4,0
4317202,51,2
3159704,2,0
5219506,2,1
2806503,7,0
3547601,6,0
2209377,3,0
1200435,127,1
4215653,32,0
1718907,1,0
3547650,20,0
3204609,153,5
2513802,25,0
4317251,12,1
5219605,2,0
4124020,24,2
1719004,5,1
4215679,2,0
5219704,1,0
4124053,50,0
4215687,7,0
1720002,1,0
3159803,6,0
4317301,15,0
2928000,32,1
1600600,2806,47
3547205,2,0
3158300,4,0
3158409,2,0
2513505,1,0
3547304,906,28
3158508,1,0
2312007,158,16
1506708,78,3
2312106,74,4
3158607,18,0
2708006,195,6
4124004,3,0
3158904,1,0
2110237,53,1
2411403,19,0
2708105,34,1
3158953,205,4
2209351,4,0
2806404,8,1
2411429,6,0
2513604,2,0
2928307,15,0
1506807,1865,155
1506906,99,3
4317400,49,0
4215695,1,0
5107263,5,1
2928604,85,3
4215703,12,0
2806602,82,2
2110278,42,0
3547700,15,2
3547809,4680,231
4317509,138,7
2411502,81,5
3547908,7,2
5219712,1,0
4317608,21,1
4124103,24,0
5219738,21,1
2928703,226,4
2209401,3,0
3304706,274,3
3548005,25,0
3159902,2,1
3548054,27,1
3160009,1,0
4124202,24,1
5219753,231,5
1303700,970,18
3160306,16,1
3548104,18,2
5107792,7,0
5107800,14,0
3160405,29,0
4317558,12,0
3548203,8,2
4124400,1,0
1507003,319,22
2110302,370,2
2209450,1,0
4317806,1,1
4317905,2,0
2928802,18,1
3548302,5,0
3160603,8,0
4124509,11,0
2209500,2,0
3548401,2,1
3548500,7394,283
3160702,46,1
2312304,113,3
2110401,315,4
2612901,5,1
2513927,16,0
2513901,475,7
3160801,2,0
2411601,8,0
3548609,6,0
4215802,47,1
1720101,18,0
2411700,9,0
2613008,174,10
4215752,6,0
2110609,362,7
3548708,5760,320
4318002,31,0
2708204,39,0
3160900,3,0
1507102,325,15
3548807,1327,68
2613107,82,0
3548906,341,10
2806701,692,28
2928901,42,0
2806800,16,1
3160959,1,0
1507151,192,4
2110658,36,0
1507201,62,3
2513943,2,0
2110708,286,2
3204658,53,3
3161007,3,0
4318051,13,0
2929107,3,0
1101484,9,0
2929008,11,0
2110807,0,0
5107859,9,0
1507300,337,5
2411809,6,1
3304805,138,0
3549003,2,0
4318101,2,1
2209658,3,0
5219902,4,0
3304755,132,10
4318200,11,0
2110856,129,0
2929206,147,3
3161403,5,1
1101492,35,1
2110906,5,0
2411908,2,0
1507409,58,3
2209708,1,1
4216206,53,2
4318309,124,7
1303809,2547,43
3204708,251,1
5007695,75,0
3161502,3,0
3161601,1,1
1507458,255,12
3304904,3885,347
3161700,5,0
2412005,963,32
2209757,4,0
3161809,1,0
2209807,13,1
3161908,34,1
3125507,1,0
3162005,2,0
2929305,32,1
3162104,15,0
4318408,29,0
4124806,2,0
4216305,37,1
3162203,7,0
5220009,22,1
1400506,156,2
3305000,194,7
3549102,80,5
2209856,2,0
2209872,10,0
3162252,2,0
3162302,3,0
5220058,0,0
1507466,23,2
3162401,1,0
2209906,8,0
4318424,3,0
3549201,28,1
3549250,7,0
3305109,1469,174
1507474,153,15
3162500,150,1
1507508,14,2
2209971,2,0
4124905,36,1
2514008,21,0
2111029,172,3
4216354,9,0
4125001,8,1
2312502,74,1
3162559,4,1
3162575,19,0
4216255,1,0
3162609,3,2
3162708,9,0
3549300,1,0
2210003,16,0
2500700,30,0
2412104,6,0
2111078,78,1
4216404,8,0
2514107,3,0
4125100,1,0
2111102,72,2
3162906,14,1
4216503,10,0
3549409,81,0
3162922,54,4
2613305,89,8
4318440,13,0
4216602,287,2
3162948,4,0
3549508,4,1
4125407,6,1
2613404,180,9
2514206,17,0
2708303,315,2
3162955,26,2
3163003,44,0
2708402,70,2
2929354,57,1
4318457,1,0
4125456,1,0
2514305,22,0
2514404,5,0
2412203,270,4
2514503,21,1
2514552,0,0
2111201,848,64
3305133,76,0
2613503,90,0
2514602,44,1
2514651,2,0
3204807,73,0
2412302,28,2
4216701,6,0
4216800,1,0
2210052,6,2
2613602,57,1
4318465,10,0
4318481,4,0
2929370,3,0
3163607,3,0
4318507,3,0
4318606,1,0
2210102,5,0
2210201,15,0
5107297,11,0
5107305,10,1
3549706,38,4
3549805,1718,53
2514701,124,1
2412401,5,0
3305158,151,1
5107354,2,0
2111250,7,0
3549904,2045,72
2514800,3,0
4125506,267,16
5107107,18,1
2514453,58,0
2210300,12,1
4318705,500,8
3163706,66,1
2613701,562,65
3549953,49,3
4216909,22,1
2210359,1,0
4318804,10,0
4217006,71,1
2111300,12523,705
5220108,25,0
2312601,103,6
2210375,1,0
2708501,332,9
2111409,21,1
1400605,66,1
5220157,1,0
3550001,2,1
4318903,11,0
2514909,24,2
4125555,9,0
3550100,60,3
4319000,37,0
4217105,5,0
4319125,5,0
3204906,463,13
2111508,554,17
4125605,17,1
2412500,27,0
3550209,72,4
2210383,1,0
4217154,3,0
2929404,2,0
2515005,66,1
2807006,10,0
3163805,1,0
5220207,6,0
2412559,18,0
1507607,804,23
1100320,677,6
4125704,29,0
4217204,96,0
2210409,2,0
1720200,125,6
2708600,601,10
2708709,75,2
3550308,105591,6371
4319307,1,0
1303908,596,16
2412609,69,4
3550407,96,2
2111532,196,1
3305208,322,7
5107404,8,1
4319356,11,0
4217253,1,0
4125753,11,0
2210508,21,0
3164100,3,0
4319406,1,0
3550506,4,0
2111573,39,0
2412807,33,2
2111607,108,1
2111631,69,1
2210607,173,3
2111672,52,0
3164209,5,1
3550605,124,7
3164308,1,0
3204955,53,2
1720259,1,0
3550704,407,4
4126009,12,2
1507706,206,8
3550803,9,1
3164431,3,0
2515104,85,2
3305307,9,1
3164472,2,0
4319505,39,1
3164506,1,0
3164605,52,0
3164704,24,1
2929503,119,1
3164803,2,0
1720309,10,0
1303957,178,1
2515203,4,0
4319604,44,1
3550902,12,0
3165008,3,0
3165107,2,1
2412906,42,1
4319703,21,1
4319711,3,0
1720499,0,0
4319737,1,0
4319752,5,0
3551009,2175,128
3165305,4,0
2515401,18,0
4319802,1,1
2613800,70,7
2515302,420,15
2929602,16,0
5107875,82,1
4319901,37,1
4126207,23,1
3305406,142,13
4320008,239,10
3305505,179,19
4320107,52,1
3551108,5,0
3165503,4,0
3551207,2,0
3165537,56,2
2929701,11,0
2708907,271,14
2111722,74,1
2929750,32,2
4126272,6,0
4217303,22,0
2929800,0,0
4217402,27,0
2929909,23,1
4217501,239,0
3551306,3,0
4320206,2,1
4320305,3,0
5007802,1,0
3165560,1,0
1200500,451,2
2111748,92,0
3165578,7,0
5220454,302,3
3165602,4,0
2413102,16,0
3165701,1,1
2413201,12,2
1200450,220,5
3165800,4,0
1507805,346,15
2111763,126,4
3165909,1,1
2312700,48,1
2708956,18,0
2312809,204,1
4126306,10,0
2930105,78,1
3166105,2,0
3166204,3,0
2930204,20,0
4320404,150,1
1101500,20,0
4320453,4,0
3305554,399,22
3205002,5813,260
4217550,0,0
3551405,7,0
2515500,20,0
2410306,28,3
2515609,12,0
2413300,6,0
2413359,53,2
1600055,363,4
2930154,4,0
3166808,60,0
3166709,4,0
2930303,0,0
2515708,3,0
3551603,20,0
2413409,29,2
5107883,2,0
2930402,14,0
2515807,101,0
2613909,341,6
3551504,70,7
3166907,3,0
2111789,108,0
5220504,1,0
3166956,1,0
4126355,13,0
3167004,1,0
2515906,21,1
2413508,5,0
2413557,1,0
2614006,16,1
3167103,5,0
2930600,7,0
4126405,9,1
2614105,107,4
4126504,12,1
4320503,28,1
3551702,185,8
3551801,19,1
3167202,56,2
2413607,10,0
3551900,21,0
4217600,24,1
5007901,11,1
2210656,3,1
3305604,99,4
5220603,21,0
1720655,2,0
3167301,3,0
3552007,0,0
1304005,150,4
3167400,1,0
2807105,175,6
3167509,2,0
2210706,20,0
2930709,552,15
3167608,5,0
2210805,20,0
5107909,247,17
4126603,23,4
2614204,184,9
2807204,42,0
2930766,1,0
2111805,143,1
1720804,116,4
2930774,109,6
2515971,60,1
2312908,5091,192
3167707,1,0
3552106,23,3
2210904,2,1
2516003,127,0
4320800,38,1
2614402,2,0
2313005,78,2
4217709,69,3
5007935,27,0
3205010,127,4
3552205,2080,89
5107925,367,4
2516151,4,0
1507904,155,6
2516201,421,2
2930808,2,0
1720853,0,0
2111904,10,0
2111953,5,0
3552304,8,0
4217758,1,0
3552403,631,22
2516300,28,0
3305703,25,2
2614501,256,9
2210938,2,0
3552502,1170,93
4320859,12,0
5107941,6,0
3552601,99,3
3552700,32,0
2614600,98,4
3552809,1623,116
1708254,22,0
2930907,3,0
2413805,6,1
3167905,2,0
2313104,425,7
2614709,58,1
2614808,16,3
3552908,1,0
2516409,42,1
5007950,3,0
3553005,11,0
1720903,0,0
3553104,11,0
1507953,772,18
4217808,25,1
3168002,27,0
1720937,0,0
2413904,15,1
3553203,3,0
1720978,9,0
2614857,138,6
4126678,3,1
3553302,21,0
4126702,31,1
2313203,93,2
3553401,53,2
4217907,5,1
5107958,337,3
3305752,290,25
2931004,1,0
2709004,33,1
2210979,1,0
2931053,0,0
2931103,12,1
3168051,4,0
1304104,512,3
4320909,126,0
4321006,6,0
2516508,40,1
4321105,0,0
3168101,1,0
3553500,36,0
3553609,4,0
5108006,70,0
4321204,10,0
3553658,2,0
2709103,84,1
4321303,140,2
3553708,41,0
2615003,14,4
3553807,11,0
3553856,7,0
5007976,1,0
3553906,8,1
1200609,563,3
2313252,21,1
1600709,312,1
3553955,9,0
2112001,25,0
3554003,298,15
2313302,409,9
3554102,216,6
2516607,25,0
1304203,2636,76
2516706,46,1
2931350,796,3
4127007,3,0
3168507,2,0
1101559,3,0
2313351,207,8
3554201,5,0
4127106,60,1
2807303,2,0
2414100,19,2
2414159,15,0
4321402,19,0
2516755,11,0
3554300,8,0
2931509,132,0
3168606,615,13
2931608,31,0
2709152,480,7
5008008,2,0
2211001,5794,271
3305802,804,42
2615102,8,1
5221197,9,0
1507961,154,9
4127205,22,2
4321436,20,0
2615201,3,1
5108055,8,0
4127304,27,1
3554409,54,1
1507979,114,2
4321451,223,0
1101609,13,0
2313401,842,31
4127502,2,0
2411056,27,0
2414209,33,0
3554508,42,1
4217956,6,0
4218004,91,1
4127601,40,0
2615300,252,28
2414308,9,0
4218103,8,0
2112100,221,3
4218202,46,0
3554607,2,0
2112209,1078,17
3168705,182,3
4321469,4,1
3168804,1,1
4321477,10,2
2807402,93,4
1721109,5,0
1721208,229,4
3169000,34,0
4127700,397,4
2807501,14,1
4127809,15,0
3169208,45,0
1508001,428,29
1304237,382,14
2615409,50,3
3554656,5,2
4321501,51,1
3554706,45,1
2414407,257,7
3554755,1,0
1508035,231,7
2615508,23,5
2709202,38,0
1508050,122,2
2313500,446,28
3305901,32,0
4321600,37,3
4321626,2,0
2931806,2,0
3554805,19,0
4321634,4,0
4218301,170,0
4127858,21,0
4321667,38,1
3169307,122,5
4321808,5,0
4321832,3,0
3554904,5,0
5008305,213,5
3169356,17,0
4321857,31,0
4321907,161,1
3169406,38,1
5221304,1,0
3306008,325,4
4218350,3,0
4218400,4,0
4218509,13,0
2615607,88,6
4321956,62,2
4322004,52,1
2414456,2,0
2112233,442,3
4218608,2,0
4218707,296,4
2931905,15,1
1508084,454,5
4322103,1,0
1508100,903,74
2112274,17,1
3554953,8,0
4218756,7,0
4322152,14,2
4127908,48,0
2112308,392,2
3555000,35,2
3169604,5,0
2615805,23,2
4322202,9,1
4322251,9,0
2615904,22,2
4127957,26,0
3555109,41,0
1721257,0,0
1721307,0,0
2112407,128,1
2112456,222,1
3555208,1,1
3555307,2,0
2313559,183,14
5221502,6,0
5221551,3,0
4218806,7,0
2112506,615,13
1304260,421,6
2932002,3,0
3169901,105,3
3170008,2,0
2932101,1,0
2932200,41,2
2313609,397,11
3170057,15,0
3555356,8,0
2932309,54,1
3555406,109,7
3170107,469,15
3170206,2691,51
3555505,15,1
4128005,2,0
3555604,33,4
2932408,0,0
1400704,33,1
2516904,16,1
1508126,327,10
2313708,50,0
2414506,12,1
2807600,201,8
2932457,72,0
2517001,25,1
2313757,168,17
4128104,59,2
2932507,9,0
3170404,259,0
2211100,202,6
4128203,29,0
3170438,38,0
4218855,2,0
5108303,1,0
2709301,363,17
3555703,5,0
4322376,2,0
2414605,7,0
4128401,23,1
2932606,116,2
3555802,41,5
2112605,888,5
3555901,3,1
5221601,47,0
5221700,15,0
1508159,244,2
4218905,0,0
2313807,506,14
3170503,13,0
1304302,342,4
2932705,214,13
2211209,177,4
3170529,8,0
1304401,330,2
4322400,69,0
2313906,182,2
1101708,24,0
3556008,4,0
4219002,86,4
5221809,2,0
2932804,2,1
4322509,106,6
5108352,6,1
1101757,29,0
1101807,14,0
4322541,1,0
4322525,12,0
3306107,152,7
2211308,64,1
2933000,101,3
3556107,29,0
3556206,388,9
3556305,59,4
5221858,363,11
4322558,3,0
4219101,3,0
3556354,11,1
3170578,23,0
3205036,61,1
4219176,27,1
2112704,397,3
3556404,34,0
3556453,176,13
3170701,124,5
5221908,4,0
3170750,2,1
2313955,169,4
3306156,32,0
2414704,14,1
2314003,174,5
2211357,3,1
3170800,26,0
2933059,3,1
2211407,2,0
2933158,1,0
3556503,307,23
2933174,5,1
3170909,7,1
3306206,207,13
3171006,98,0
4322608,231,7
3205069,154,2
2414753,1,0
2616001,23,2
5108501,15,1
3556602,1,0
4128559,25,0
2211506,2,0
4322806,57,0
2616100,3,0
4128609,5,1
2933257,23,1
2616183,13,1
2616209,38,1
3171204,53,1
4322855,7,0
4322905,5,1
4323002,112,12
2112803,219,5
5222005,20,0
2616308,77,8
5008404,55,1
5222054,1,1
2414902,3,0
2314102,486,19
4323200,4,0
4219200,3,0
4219309,55,0
3171402,2,0
2517209,4,0
1508209,167,19
5105507,39,1
5222203,1,0
2415008,15,0
4323309,7,0
4323358,4,0
4323408,26,1
2211605,11,0
4323457,12,0
2112852,84,0
3205150,18,0
5108600,50,1
3205176,64,2
3205200,5753,223
1100304,305,3
3556701,192,5
3556800,10,2
3171600,1,0
4128658,7,0
3172004,18,1
1508308,818,15
3556909,44,2
4323606,3,0
4323705,3,0
2505501,3,0
3205309,5763,204
2933307,477,9
4323754,1,0
2616407,840,104
1600808,701,10
2112902,185,2
1508357,430,13
4128708,5,0
2113009,547,1
3306305,1374,54
3557006,308,16
3557105,242,9
2211704,2,0
1722081,51,2
2933455,1,0
4128500,16,1
2933505,56,2
4323770,42,0
1722107,386,5
4323804,5,0
4219507,311,4
1200708,192,1
4219606,16,0
4219705,412,9
2616506,129,9
1508407,503,7
2933604,30,0
2517407,1,0
3557154,3,0
2114007,1853,19
4219853,8,0
