CD_GEOCODM;POP_ESTIM
1200013;12538
1200054;6075
1200104;21438
1200138;8474
1200179;8810
1200203;78444
1200252;15126
1200302;32311
1200328;6531
1200336;15246
1200344;7989
1200351;14200
1200385;17203
1200807;14806
1200393;9172
1200401;335796
1200427;14334
1200435;4612
1200500;37993
1200450;20153
1200609;35526
1200708;16016
2700102;19376
2700201;17423
2700300;214067
2700409;44379
2700508;14228
2700607;7573
2700706;17076
2700805;4551
2700904;7032
2701001;25780
2701100;10586
2701209;10197
2701308;20410
2701357;6599
2701407;50831
2701506;9032
2701605;17248
2701704;17077
2701803;8290
2701902;7146
2702009;10926
2702108;20022
2702207;5523
2702306;52160
2702355;22643
2702405;48090
2702504;10879
2702553;17254
2702603;21325
2702702;4332
2702801;12339
2702900;36625
2703007;15133
2703106;25197
2703205;23298
2703304;17902
2703403;5413
2703502;6986
2703601;7752
2703700;5562
2703759;12035
2703809;22581
2703908;4202
2704005;23854
2704104;18253
2704203;26992
2704302;932608
2704401;18901
2704906;3652
2704500;28746
2704609;10276
2704708;45994
2704807;13614
2705002;24702
2705101;23780
2705200;15682
2705309;5280
2705408;6944
2705507;26706
2705606;12069
2705705;20367
2705804;8491
2705903;4957
2706000;11057
2706109;10911
2706208;5112
2706307;70434
2706406;23809
2706422;10246
2706448;11349
2706505;14772
2706604;7426
2706703;60389
2706802;17219
2706901;33312
2707008;2866
2707107;23052
2707206;13873
2707305;25718
2707404;8419
2707503;19314
2707602;11486
2707701;68512
2707800;6656
2707909;6893
2708006;44949
2708105;10961
2708204;6720
2708303;22689
2708402;30140
2708501;32416
2708600;54591
2708709;7170
2708808;32007
2708907;14604
2708956;13047
2709004;6122
2709103;19020
2709152;41158
2709202;25710
2709301;62401
2709400;25444
1600105;8005
1600204;8964
1600212;4634
1600238;5772
1600253;4267
1600279;39805
1600303;397913
1600402;17030
1600501;20426
1600154;10773
1600535;16825
1600550;3783
1600600;101203
1600055;4409
1600709;12435
1600808;12445
1300029;14080
1300060;9657
1300086;10193
1300102;16289
1300144;18059
1300201;15149
1300300;31876
1300409;25715
1300508;27361
1300607;33391
1300631;15500
1300680;14921
1300706;29880
1300805;34452
1300839;10909
1300904;12727
1301001;25700
1301100;32631
1301159;23963
1301209;75909
1301308;23119
1301407;30666
1301506;16328
1301605;22659
1301654;14074
1301704;44116
1301803;22199
1301852;40735
1301902;86840
1301951;8040
1302009;8200
1302108;7289
1302207;10822
1302306;17964
1302405;37574
1302504;85144
1302553;22807
1302603;1802525
1302702;47011
1302801;17364
1302900;51847
1303007;18278
1303106;30761
1303205;14780
1303304;21389
1303403;102066
1303502;18153
1303536;27121
1303569;25758
1303601;18133
1303700;24487
1303809;37300
1303908;31426
1303957;10688
1304005;8445
1304062;52279
1304104;19077
1304203;61399
1304237;17056
1304260;11906
1304302;17019
1304401;17731
2900108;8324
2900207;17072
2900306;14830
2900355;15706
2900405;15726
2900603;4602
2900702;142160
2900801;21319
2900900;6360
2901007;34340
2901106;25190
2901155;15952
2901205;25500
2901304;13948
2901353;14417
2901403;14073
2901502;10248
2901601;17078
2901700;11548
2901809;11019
2901908;17720
2901957;7463
2902054;11569
2902005;13732
2902104;51636
2902203;10039
2902252;10403
2902302;8590
2902401;13599
2902500;13863
2902609;20069
2902658;11811
2902708;49342
2902807;21190
2902906;34788
2903003;13997
2903102;6336
2903201;137428
2903235;13626
2903300;6453
2903276;14189
2903409;21838
2903508;16026
2903607;14833
2903706;15409
2903805;18000
2903904;63508
2903953;10123
2904001;13695
2904050;14851
2904100;22042
2904209;11162
2904308;14282
2904407;11127
2904506;10718
2904605;64550
2904704;18622
2904753;19589
2904803;11448
2904852;17327
2904902;32035
2905008;22231
2905107;10376
2905156;13666
2905206;47524
2905305;17212
2905404;15366
2905503;12485
2905602;31468
2905701;242984
2905800;35160
2905909;28091
2906006;66638
2906105;9382
2906204;24055
2906303;32331
2906402;8895
2906501;83077
2906600;13205
2906709;27916
2906808;32923
2906824;15755
2906857;11527
2906873;26529
2906899;10225
2906907;21437
2907004;8271
2907103;28378
2907202;64944
2907301;25419
2907400;2609
2907509;51075
2907558;8847
2907608;17027
2907707;10734
2907806;32304
2907905;15764
2908002;20964
2908101;18182
2908200;20408
2908309;17895
2908408;62042
2908507;30123
2908606;23594
2908705;16888
2908804;4663
2908903;22431
2909000;8169
2909109;14301
2909208;17066
2909307;31259
2909406;13638
2909505;5042
2909604;20056
2909703;13280
2909802;58584
2909901;32165
2910008;12841
2910057;66373
2910107;11355
2910206;3873
2910305;7952
2910404;23786
2910503;39883
2900504;10855
2910602;33278
2910701;56312
2910727;100246
2910750;17652
2910776;6179
2910800;556756
2910859;16749
2910909;5385
2911006;10660
2911105;22534
2911204;30329
2911253;4561
2911303;10720
2911402;15073
2911501;8344
2911600;19826
2911659;10383
2911709;78801
2911808;22195
2911857;12444
2911907;25735
2912004;10077
2912103;24241
2912202;17301
2912301;15786
2912400;17021
2912509;14171
2912608;4865
2912707;22610
2912806;7960
2912905;18946
2913002;15519
2913101;17832
2913200;25422
2913309;5255
2913408;15194
2913457;13347
2913507;25724
2913606;184231
2913705;36290
2913804;15334
2913903;44430
2914000;59352
2914109;9290
2914208;7002
2914307;11988
2914406;22607
2914505;27492
2914604;66404
2914653;28399
2914703;61623
2914802;204710
2914901;24340
2915007;14932
2915106;13053
2915205;15210
2915304;7110
2915353;13209
2915403;7278
2915502;21094
2915601;63355
2915700;7904
2915809;23106
2915908;7591
2916005;20199
2916104;20760
2916203;10986
2916302;10497
2916401;68314
2916500;32278
2916609;10207
2916708;7678
2916807;18548
2916856;14539
2916906;12693
2917003;36112
2917102;19911
2917201;18127
2917300;26592
2917334;10905
2917359;8976
2917409;13656
2917508;79285
2917607;51019
2917706;30342
2917805;16467
2917904;10322
2918001;151921
2918100;37661
2918209;14087
2918308;14115
2918357;22359
2918407;197984
2918456;9960
2918506;15053
2918555;6467
2918605;7972
2918704;3901
2918753;13934
2918803;22206
2918902;3733
2919009;3930
2919058;8305
2919108;9027
2919157;25651
2919207;163414
2919306;10368
2919405;12320
2919504;42705
2919553;60179
2919603;11229
2919702;17088
2919801;47067
2919900;8067
2919926;17384
2919959;7031
2920007;8782
2920106;19335
2920205;16008
2920304;8452
2920403;14390
2920452;12594
2920502;24615
2920601;42815
2920700;19097
2920809;10508
2920908;14640
2921005;40210
2921054;11134
2921104;21541
2921203;26466
2921302;10306
2921401;16323
2921450;10512
2921500;52360
2921609;8285
2921708;35207
2921807;12482
2921906;10548
2922003;36043
2922052;12270
2922102;24419
2922201;7310
2922250;10272
2922300;28897
2922409;21466
2922508;27269
2922607;12530
2922656;12398
2922706;16727
2922730;7602
2922755;6648
2922805;7438
2922854;8034
2922904;24132
2923001;38537
2923035;10673
2923050;15057
2923100;24943
2923209;21839
2923308;8287
2923357;16477
2923407;20779
2923506;8408
2923605;20998
2923704;29475
2923803;27782
2923902;10853
2924009;108419
2924058;13752
2924108;6896
2924207;16995
2924306;17985
2924405;32815
2924504;15629
2924603;20119
2924652;10345
2924678;9835
2924702;12789
2924801;22411
2924900;8822
2925006;24497
2925105;44760
2925204;33064
2925253;15741
2925303;126770
2925402;9829
2925501;27612
2925600;13756
2925709;13657
2925758;23857
2925808;24583
2925907;27243
2925931;9548
2925956;25555
2926004;39149
2926103;12059
2926202;21941
2926301;33081
2926400;30651
2926509;14267
2926608;48271
2926657;8573
2926707;12979
2926806;14786
2926905;11923
2927002;37127
2927101;7779
2927200;29869
2927309;13465
2927408;2676606
2927507;19064
2927606;15059
2927705;26198
2927804;6673
2927903;10363
2928059;13332
2928109;40316
2928406;26261
2928505;9658
2928000;33816
2928208;24747
2928307;8781
2928604;57811
2928703;90949
2928802;47901
2928901;27692
2928950;9221
2929107;20305
2929008;14099
2929057;13042
2929206;33172
2929255;18419
2929305;33289
2929354;5715
2929370;10213
2929404;10414
2929503;42153
2929602;16597
2929701;18588
2929750;11201
2929800;11847
2929909;41815
2930006;10372
2930105;74431
2930204;37431
2930154;31646
2930303;18112
2930402;15401
2930501;77285
2930600;12347
2930709;118020
2930758;12051
2930766;12603
2930774;21988
2930808;15899
2930907;11428
2931004;20022
2931053;16133
2931103;8008
2931202;18791
2931301;16528
2931350;138491
2931400;7895
2931509;21484
2931608;14850
2931707;12806
2931806;17032
2931905;52391
2932002;24302
2932101;19759
2932200;20697
2932309;25015
2932408;13655
2932457;17010
2932507;24106
2932606;16499
2932705;19840
2932804;18193
2932903;88729
2933000;24579
2933059;13787
2933109;8664
2933158;13127
2933174;9121
2933208;37587
2933257;6802
2933307;306374
2933406;8983
2933455;12485
2933505;22181
2300101;10489
2300150;15337
2300200;57542
2300309;51171
2300408;16207
2300507;10773
2300606;6851
2300705;16360
2300754;39233
2300804;6984
2300903;13927
2301000;72651
2301109;69167
2301208;25405
2301257;10500
2301307;20689
2301406;11529
2301505;7657
2301604;22448
2301703;24573
2301802;6026
2301851;17320
2301901;55373
2301950;19574
2302008;21528
2302057;14475
2302107;33326
2302206;49334
2302305;30873
2302404;52521
2302503;45190
2302602;60163
2302701;26510
2302800;74486
2302909;17063
2303006;20020
2303105;18348
2303204;26387
2303303;18567
2303402;16746
2303501;66124
2303600;18745
2303659;9951
2303709;324738
2303808;24538
2303907;12617
2303931;12853
2303956;18920
2304004;22018
2304103;72853
2304202;121462
2304236;17077
2304251;22480
2304269;9094
2304277;6853
2304285;46047
2304301;19007
2304350;21786
2304400;2447409
2304459;14851
2304509;12991
2304608;6216
2304657;15052
2304707;52670
2304806;4626
2304905;10228
2304954;24091
2305001;37777
2305100;4165
2305209;19342
2305233;55154
2305266;12928
2305308;23810
2305332;11335
2305357;18393
2305407;65453
2305506;96523
2305605;25586
2305654;11335
2305704;12014
2305803;40300
2305902;37874
2306009;13725
2306108;22347
2306207;7321
2306256;35838
2306306;48366
2306405;116065
2306504;18626
2306553;37462
2306603;18894
2306702;17867
2306801;10405
2306900;34416
2307007;32239
2307106;26697
2307205;7649
2307254;17002
2307304;249936
2307403;23809
2307502;31096
2307601;56281
2307635;18085
2307650;209748
2307700;112926
2307809;24707
2307908;10220
2308005;35201
2308104;44217
2308203;13693
2308302;28317
2308351;13078
2308377;12800
2308401;34258
2308500;42707
2308609;16706
2308708;62086
2308807;8069
2308906;20703
2309003;14102
2309102;11485
2309201;14256
2309300;30977
2309409;27461
2309458;24012
2309508;21392
2309607;61846
2309706;72249
2309805;11607
2309904;5986
2310001;8869
2310100;12005
2310209;31638
2310258;30041
2310308;31320
2310407;11308
2310506;41942
2310605;8226
2310704;35412
2310803;15764
2310852;18691
2310902;15501
2310951;10216
2311009;12003
2311108;15065
2311207;10276
2311231;6129
2311264;19918
2311306;80605
2311355;15000
2311405;71912
2311504;19422
2311603;26423
2311702;19460
2311801;69892
2311900;15754
2311959;15453
2312205;42759
2312007;29977
2312106;17181
2312304;44186
2312403;43947
2312502;7902
2312601;12336
2312700;26494
2312809;6852
2312908;188271
2313005;17657
2313104;29210
2313203;25455
2313252;8910
2313302;55755
2313351;16836
2313401;68901
2313500;51432
2313559;14415
2313609;31792
2313708;7545
2313757;18807
2313807;19765
2313906;12894
2313955;17584
2314003;38442
2314102;54961
5300108;2562963
3200102;31086
3200169;11771
3200136;9517
3200201;30784
3200300;13960
3200359;7303
3200409;23894
3200508;7513
3200607;81746
3200706;9840
3200805;29086
3200904;40610
3201001;14199
3201100;9479
3201159;11921
3201209;189878
3201308;348933
3201407;34826
3201506;111794
3201605;28477
3201704;11686
3201803;4515
3201902;31824
3202009;6399
3202108;23223
3202207;17028
3202256;10874
3202306;27853
3202405;105227
3202454;22346
3202504;11158
3202553;8964
3202603;12514
3202652;11729
3202702;14134
3202801;30988
3202900;10881
3203007;27340
3203056;24718
3203106;10888
3203130;15808
3203163;10825
3203205;141254
3203304;13600
3203320;34147
3203346;14249
3203353;11107
3203403;25898
3203502;17854
3203601;5672
3203700;18387
3203809;14396
3203908;46020
3204005;21520
3204054;23789
3204104;23891
3204203;18123
3204252;6979
3204302;10315
3204351;17538
3204401;11333
3204500;12255
3204559;34178
3204609;21815
3204658;8016
3204708;31859
3204807;10417
3204906;109067
3204955;11287
3205002;409324
3205010;23860
3205036;19141
3205069;20468
3205101;64999
3205150;8672
3205176;13830
3205200;414420
3205309;325453
5200050;6868
5200100;15752
5200134;20283
5200159;2483
5200175;5095
5200209;2012
5200258;159505
5200308;23828
5200506;2044
5200555;4505
5200605;6864
5200803;8093
5200829;3424
5200852;5508
5200902;3607
5201108;335032
5201207;1017
5201306;20272
5201405;455735
5201454;2433
5201504;3811
5201603;3785
5201702;18310
5201801;8375
5202155;7513
5202353;3278
5202502;7506
5202601;3650
5202809;2451
5203104;3714
5203203;8701
5203302;24539
5203401;8423
5203500;20729
5203559;7536
5203575;3503
5203609;3240
5203807;5509
5203906;9056
5203939;2561
5203962;3319
5204003;7346
5204102;10539
5204201;1417
5204250;8267
5204300;13279
5204409;16734
5204508;70463
5204557;3322
5204607;3387
5204656;3654
5204706;11115
5204805;6057
5204854;6270
5204904;18395
5204953;5022
5205000;8939
5205059;3638
5205109;86597
5205208;4670
5205307;9394
5205406;20686
5205455;7548
5205471;7004
5205497;55883
5205513;17391
5205521;3523
5205703;2629
5205802;10344
5205901;8164
5206206;46568
5206305;2933
5206404;15762
5206503;3555
5206602;2961
5206701;3297
5206800;2747
5206909;2050
5207105;2479
5208301;4967
5207253;7892
5207352;3733
5207402;11266
5207501;3318
5207535;6980
5207600;6318
5207808;11603
5207907;12058
5208004;100084
5208103;4891
5208152;3275
5208400;10681
5208509;5268
5208608;59545
5208707;1301892
5208806;34061
5208905;24745
5209101;32481
5209150;4948
5209200;14002
5209291;2372
5209408;4262
5209457;2306
5209606;3568
5209705;17398
5209804;4029
5209903;12438
5209937;5702
5209952;13703
5210000;48212
5210109;24745
5210158;2844
5210208;31274
5210307;2888
5210406;35412
5210562;4508
5210604;5429
5210802;5066
5210901;18481
5211008;7851
5211206;26085
5211305;6298
5211404;8549
5211503;92942
5211602;2663
5211701;6164
5211800;41888
5211909;88048
5212006;3000
5212055;2293
5212105;7108
5212204;19086
5212253;1259
5212303;7875
5212501;174546
5212600;2378
5212709;6885
5212808;10659
5212907;2072
5212956;4414
5213004;11516
5213053;2685
5213087;31149
5213103;52964
5213400;1763
5213509;7742
5213707;8000
5213756;10576
5213772;4114
5213806;41457
5213855;2365
5213905;5005
5214002;13403
5214051;6422
5214101;3842
5214408;7874
5214507;24189
5214606;42380
5214705;2254
5214804;2069
5214838;11911
5214861;8514
5214879;2826
5214903;3468
5215009;8129
5215207;3516
5215231;95013
5215256;3953
5215306;14292
5215405;4040
5215504;5446
5215603;27689
5215652;3382
5215702;23333
5215801;2339
5215900;3561
5216007;2676
5216304;9119
5216403;10860
5216452;2950
5216809;10285
5216908;2766
5217104;24033
5217203;11268
5217302;23065
5217401;28691
5217609;81612
5217708;17112
5218003;42356
5218052;3347
5218102;3839
5218300;31417
5218391;3244
5218508;43243
5218607;10516
5218706;4556
5218789;3311
5218805;176502
5218904;18848
5219001;7563
5219100;5751
5219209;3142
5219258;4768
5219308;36459
5219357;3680
5219407;6928
5219456;3170
5219506;2905
5219605;3991
5219704;10304
5219712;4430
5219738;4690
5219753;63166
5219803;11236
5219902;6117
5220058;1692
5220009;10254
5220108;30050
5220157;4617
5220207;22294
5220264;3761
5220280;1991
5220405;17086
5220454;84399
5220504;7477
5220603;19096
5220686;6512
5220702;2821
5221007;3540
5221080;3016
5221197;6562
5221304;2817
5221403;104506
5221452;3435
5221502;4839
5221551;4399
5221577;2935
5221601;36949
5221700;13821
5221809;3058
5221858;132947
5221908;3661
5222005;12549
5222054;7371
5222203;4742
5222302;5145
2100055;104013
2100105;5957
2100154;11590
2100204;21852
2100303;23952
2100402;10211
2100436;24596
2100477;31028
2100501;10765
2100550;6431
2100600;37894
2100709;25294
2100808;13923
2100832;14959
2100873;13957
2100907;42600
2100956;31568
2101004;28477
2101103;11425
2101202;99960
2101251;14965
2101301;16626
2101350;5304
2101400;83537
2101509;17816
2101608;82692
2101707;54991
2101772;11946
2101731;6527
2101806;5473
2101905;20339
2101939;5996
2101970;7949
2102002;39093
2102036;28456
2102077;14823
2102101;33314
2102150;10540
2102200;27042
2102309;22886
2102325;65226
2102358;14770
2102374;8442
2102408;10632
2102507;18348
2102556;13369
2102606;18505
2102705;20457
2102754;10698
2102804;23979
2102903;22008
2103000;155202
2103109;10300
2103125;7988
2103158;12517
2103174;17622
2103208;73281
2103257;13593
2103307;118072
2103406;46792
2103505;39167
2103554;14428
2103604;61653
2103703;32594
2103752;12551
2103802;22673
2103901;10634
2104008;18456
2104057;35738
2104073;8120
2104081;9180
2104099;17780
2104107;11644
2104206;15108
2104305;10635
2104404;17485
2104503;10205
2104552;15895
2104602;15983
2104628;7337
2104651;11922
2104677;25402
2104701;6140
2104800;61903
2104909;12105
2105005;26197
2105104;25147
2105153;12543
2105203;11047
2105302;247553
2105351;14264
2105401;62123
2105427;24891
2105450;8526
2105476;15397
2105500;20381
2105609;15437
2105658;4020
2105708;46108
2105807;10736
2105948;7799
2105906;15407
2105922;10954
2105963;10536
2105989;6923
2106003;11415
2106102;11374
2106201;6510
2106300;17633
2106326;19142
2106359;8045
2106375;14066
2106409;15123
2106508;21832
2106607;30930
2106631;13796
2106672;8118
2106706;20434
2106755;24331
2106805;14213
2106904;31748
2107001;9424
2107100;17805
2107209;12467
2107258;4885
2107308;4600
2107357;19125
2107407;18505
2107456;13122
2107506;104881
2107605;18766
2107704;20104
2107803;34613
2107902;17576
2108009;18079
2108058;14498
2108108;20087
2108207;39481
2108256;22731
2108306;34246
2108405;13807
2108454;20274
2108504;31145
2108603;78147
2108702;22016
2108801;17358
2108900;19705
2109007;21506
2109056;6062
2109106;44719
2109205;11537
2109239;6370
2109270;17143
2109304;10729
2109403;13896
2109452;26280
2109502;20218
2109551;7294
2109601;39582
2109700;5484
2109759;7063
2109809;39060
2109908;78182
2110005;69392
2110039;22644
2110104;29172
2110203;32365
2110237;11661
2110278;13821
2110302;14288
2110401;17802
2110500;40717
2110609;26480
2110658;6983
2110708;33630
2110807;4688
2110856;10226
2110906;12163
2111003;19966
2111029;12315
2111052;10823
2111078;17104
2111102;24913
2111201;162925
2111250;7496
2111300;1011943
2111409;20156
2111508;39109
2111532;12025
2111573;4428
2111607;17480
2111631;6090
2111672;5957
2111706;20870
2111722;11987
2111748;10253
2111763;18010
2111789;10924
2111805;17007
2111904;10431
2111953;4610
2112001;7796
2112100;28007
2112209;155396
2112233;18951
2112274;5607
2112308;39257
2112407;33956
2112456;22850
2112506;52711
2112605;24548
2112704;49415
2112803;49452
2112852;11258
2112902;31234
2113009;31654
2114007;50160
5100102;5516
5100201;20844
5100250;49233
5100300;15670
5100359;5249
5100409;10321
5100508;9951
5100607;8100
5100805;8538
5101001;3221
5101209;1095
5101258;15387
5101308;10355
5101407;18581
5101605;7591
5101704;31058
5101803;56423
5101852;5231
5101902;15280
5102504;87912
5102603;14222
5102637;27574
5102678;31612
5102686;5019
5102694;4767
5102702;18701
5102793;10985
5102850;8231
5103007;17799
5103056;10972
5103106;5498
5103205;30864
5103254;26390
5103304;18157
5103353;25127
5103361;3388
5103379;14987
5103403;551350
5103437;4898
5103452;8494
5103502;20420
5103601;8131
5103700;10933
5103809;3805
5103858;6287
5103908;5018
5103957;3125
5104104;32150
5104203;13867
5104500;2407
5104526;5123
5104542;5260
5104559;4570
5104609;11493
5104807;25666
5104906;7696
5105002;10461
5105101;32769
5105150;39260
5105176;11269
5105200;11434
5105234;5438
5105259;45545
5105309;2229
5105580;11994
5105606;14172
5105622;25331
5105903;15011
5106000;6438
5106109;11592
5106158;11630
5106208;4593
5106216;12132
5108808;4929
5106182;5469
5108857;2925
5108907;6590
5108956;8088
5106224;31633
5106174;3021
5106232;17529
5106190;3475
5106240;9245
5106257;19475
5106273;3746
5106265;7069
5106315;2005
5106281;6043
5106299;10690
5106307;19280
5106372;15693
5106422;30762
5106455;2726
5106505;31778
5106653;5427
5106703;1783
5106752;41386
5106778;10754
5106802;5448
5106828;10950
5106851;3639
5107008;17602
5107040;52114
5107065;13021
5107156;2578
5107180;8880
5107198;2199
5107206;5061
5107578;3538
5107602;195550
5107701;17682
5107750;3903
5107248;4075
5107743;1899
5107768;2466
5107776;7399
5107263;2974
5107792;3757
5107800;18409
5107859;10531
5107297;3601
5107305;17128
5107354;5267
5107107;18963
5107404;4142
5107875;18080
5107883;1365
5107909;113082
5107925;66506
5107941;9917
5107958;84076
5108006;10390
5108055;11302
5108105;3437
5108204;4036
5108303;3767
5108352;3058
5108402;252709
5108501;10235
5105507;14491
5108600;21403
5000203;14429
5000252;4570
5000609;34739
5000708;23846
5000807;8494
5000856;9170
5000906;8215
5001003;22305
5001102;45623
5001243;10255
5001508;6598
5001904;19825
5002001;10938
5002100;23175
5002159;7986
5002209;19598
5002308;11804
5002407;25763
5002605;13648
5002704;787204
5002803;5400
5002902;20932
5002951;19654
5003108;4862
5003157;14064
5003207;103772
5003256;19689
5003306;32180
5003454;12131
5003488;10362
5003504;5365
5003702;196068
5003751;11680
5003801;19024
5003900;2927
5004007;9928
5004106;10368
5004304;14887
5004403;7686
5004502;20879
5004601;18618
5004700;22355
5004809;7645
5004908;6341
5005004;24363
5005103;4017
5005152;5900
5005202;19653
5005251;6493
5005400;37407
5005608;25615
5005681;17035
5005707;46355
5005806;14396
5006002;16433
5006200;45599
5006259;4944
5006309;40174
5006358;12355
5006408;7967
5006606;77866
5006903;15369
5007109;20967
5007208;30647
5007307;5040
5007406;18892
5007505;4922
5007554;7254
5007695;22164
5007802;6277
5007703;10780
5007901;42076
5007935;14867
5007950;10215
5007976;3512
5008008;17162
5008305;101722
5008404;5901
1500107;141054
1500131;6792
1500206;53605
1500305;35017
1500347;25061
1500404;52714
1500503;33665
1500602;105030
1500701;24771
1500800;471744
1500859;20493
1500909;40499
1500958;26579
1501006;15767
1501105;23855
1501204;36907
1501253;3434
1501303;99800
1501402;1392031
1501451;16324
1501501;51663
1501576;15246
1501600;13630
1501709;113165
1501725;17960
1501758;7324
1501782;52497
1501808;92865
1501907;25700
1502004;20460
1501956;26476
1502103;120904
1502152;26727
1502202;63628
1502301;51899
1502400;173096
1502509;21138
1502608;11382
1502707;45530
1502756;28221
1502764;10478
1502772;18295
1502806;28582
1502855;12262
1502905;34490
1502939;51318
1502954;31745
1503002;8181
1503044;17825
1503077;25051
1503093;30437
1503101;29060
1503200;35843
1503309;58023
1503408;10064
1503457;51383
1503507;31382
1503606;97343
1503705;51258
1503754;14040
1503804;51375
1503903;47123
1504000;25028
1504059;27892
1504109;8115
1504208;233462
1504307;28376
1504406;26605
1504422;108251
1504455;27442
1504505;24789
1504604;26745
1504703;69921
1504802;55459
1504901;34237
1504950;20159
1504976;14645
1505007;13660
1505031;25106
1505064;62124
1505106;49254
1505205;28595
1505304;62963
1505403;16296
1505437;27564
1505486;40052
1505494;7487
1505502;97788
1505536;153942
1505551;6029
1505601;7868
1505635;12703
1505650;23930
1505700;25989
1505809;52166
1505908;33951
1506005;29265
1506104;10268
1506112;12411
1506138;75505
1506161;17722
1506187;46974
1506195;40068
1506203;37430
1506302;20184
1506351;17154
1506401;8163
1506500;59476
1506559;19422
1506583;17198
1506609;23033
1506708;56132
1506807;294774
1506906;6145
1507003;26673
1507102;16891
1507151;23140
1507201;29827
1507300;91293
1507409;15196
1507458;25584
1507466;5265
1507474;20644
1507508;13149
1507607;51527
1507706;22890
1507755;5047
1507805;12998
1507904;22995
1507953;79299
1507961;10254
1507979;16952
1508001;56514
1508035;27466
1508050;16885
1508084;33651
1508100;97109
1508126;43345
1508159;44720
1508209;47902
1508308;56681
1508357;13480
1508407;40573
2500106;9449
2500205;5530
2500304;28482
2500403;19686
2500502;13577
2500536;5239
2500577;2366
2500601;18001
2500734;2088
2500775;7676
2500809;17224
2500908;12653
2501005;18886
2501104;23837
2501153;1927
2501203;6470
2501302;19089
2501351;3522
2501401;8007
2501500;21854
2501534;4222
2501609;14160
2501575;8205
2501708;5611
2501807;99758
2501906;17083
2502003;7143
2502052;3075
2502102;5751
2502151;6224
2502201;2399
2502300;5037
2502409;10806
2502508;16889
2502706;5111
2502805;13123
2502904;6197
2503001;20363
2503100;5035
2503209;57926
2503308;9546
2503407;3557
2503506;16755
2503555;6814
2503605;7220
2503704;58437
2503753;3033
2503803;5637
2503902;5749
2504009;385276
2504033;5601
2504074;3899
2504108;2378
2504157;7058
2504207;4812
2504306;28766
2504355;4546
2504405;18366
2504504;6587
2504603;21418
2504702;4692
2504801;15149
2504850;1771
2504900;16257
2505006;6868
2505105;19950
2505238;6198
2505204;6889
2505279;5214
2505303;2505
2505352;4900
2505402;7991
2505600;6616
2505709;10517
2505808;3640
2505907;3317
2506004;31095
2506103;11409
2506202;2933
2506251;8376
2506301;55340
2506400;13872
2506509;3159
2506608;6031
2502607;6156
2506707;11352
2506806;18180
2506905;24483
2507002;23195
2507101;16998
2507200;10201
2507309;13952
2507408;7538
2507507;723514
2507606;7459
2507705;16776
2507804;6643
2507903;10240
2508000;9826
2508109;4681
2508208;7370
2508307;25911
2508406;2841
2508505;7164
2508554;3942
2508604;11730
2508703;4019
2508802;5612
2508901;42330
2509008;10759
2509057;7611
2509107;21173
2509156;6173
2509206;12910
2509305;7404
2509339;4316
2509370;2702
2509396;5939
2509404;12490
2509503;4990
2509602;4508
2509701;30844
2509800;9469
2509909;10566
2510006;7280
2510105;10533
2510204;6070
2510303;4365
2510402;6931
2510501;3627
2510600;2928
2510659;1256
2510709;2233
2510808;100695
2510907;11783
2511004;3721
2511103;7475
2511202;27034
2512721;5779
2511301;15465
2511400;18226
2511509;11191
2511608;6978
2511707;5155
2511806;10319
2511905;17032
2512002;17020
2512036;3752
2512077;3978
2512101;32117
2512200;3854
2512309;21283
2512408;12929
2512507;41054
2512606;1699
2512705;17582
2512747;3274
2512754;4264
2512762;4164
2512788;1722
2512804;8314
2512903;22979
2513000;3508
2513109;11976
2513158;6661
2513208;6471
2513307;5369
2513356;3539
2513406;14729
2513703;120333
2513802;4581
2513505;5332
2513604;7266
2513653;2615
2513851;2638
2513927;4138
2513901;30880
2513968;2851
2513943;2420
2513984;3364
2514008;4344
2500700;18201
2514107;4396
2514206;7564
2514305;6010
2514404;4760
2514503;19099
2514552;4219
2514602;3233
2514651;1684
2514701;4010
2514800;3985
2514453;5508
2514909;7748
2515005;6696
2515104;11041
2515203;3239
2515302;50151
2515401;10230
2515500;12971
2515609;3204
2515708;2975
2515807;7054
2515906;6238
2515930;4395
2515971;7363
2516003;26689
2516102;13739
2516151;3173
2516201;65807
2516300;16072
2516409;10263
2516508;14938
2516607;14103
2516706;14153
2516755;2816
2516805;9223
2516904;14584
2517001;9300
2517100;2504
2517209;5045
2505501;3508
2517407;2075
4100103;7753
4100202;6374
4100301;8270
4100400;103245
4100459;4306
4128625;3206
4100608;13662
4100707;10179
4100509;20516
4100806;10298
4100905;5444
4101002;17308
4101051;2865
4101101;20615
4101150;2861
4101200;18891
4101309;7351
4101408;120884
4101507;104161
4101606;25856
4101655;3554
4101705;13424
4101804;119207
4101853;2453
4101903;16368
4102000;33028
4102109;24704
4102208;3913
4102307;11294
4102406;32182
4102505;12653
4102703;2727
4102604;9737
4102752;3939
4102802;15080
4102901;15883
4103008;4568
4103024;2768
4103040;6549
4103057;7911
4103107;11005
4103156;3796
4103206;6568
4103222;3296
4103305;7877
4103354;5735
4103370;3209
4103404;2695
4103453;14551
4103479;4285
4103503;8069
4103602;23871
4103701;96735
4103800;7236
4103909;15393
4103958;4076
4104006;38756
4104055;4407
4104105;7125
4104204;112486
4104253;24836
4104303;87287
4104402;16662
4104428;14982
4104451;12952
4104501;18512
4104600;14936
4104659;19171
4104709;13706
4104808;286172
4104907;67082
4105003;10208
4105102;11178
4105201;16948
4105300;11032
4105409;19673
4105508;69962
4105607;11067
4105706;17232
4105805;213027
4105904;22347
4106001;8279
4106100;3627
4106209;15892
4106308;16302
4106407;46925
4106456;7238
4106506;21737
4106555;4003
4106803;18043
4106571;4274
4106605;20419
4106704;4563
4106852;3162
4106902;1746896
4107009;13924
4107108;5524
4107124;3510
4107157;5027
4107207;36198
4107256;7446
4107306;5829
4128633;5734
4107405;6101
4107504;13920
4107538;3922
4107520;1970
4107546;4677
4107553;3472
4107603;16317
4107652;81687
4107702;4802
4107736;5932
4107751;8293
4107850;4725
4107801;5050
4107900;5921
4108007;11220
4108106;2540
4108205;7543
4108304;256081
4108452;5414
4108320;6424
4108403;78957
4108502;13667
4108551;3337
4108601;29024
4108650;7504
4108700;6625
4108809;30669
4108908;6194
4108957;7900
4109005;3886
4109104;2218
4109203;5247
4109302;14583
4109401;167463
4109500;7870
4109609;32088
4109658;5960
4109708;28725
4109757;6066
4109807;48200
4109906;8839
4110003;3992
4110052;2233
4110078;11276
4110102;28455
4110201;10943
4110300;2988
4110409;4299
4110508;14153
4110607;14964
4110656;2578
4110706;56288
4110805;10602
4110904;4568
4110953;9027
4111001;6759
4111100;5977
4111209;10532
4111258;23899
4111308;3585
4111407;12806
4111506;31812
4111555;7524
4111605;3008
4111704;4895
4111803;39093
4111902;12256
4112009;32616
4112108;20283
4112207;6536
4112306;4910
4112405;8547
4112504;12325
4112603;1409
4112702;11859
4112751;9001
4112801;10735
4112900;3433
4112959;7641
4113007;6613
4113106;4503
4113205;44936
4113254;6361
4113304;30783
4113403;4145
4113429;3972
4113452;5363
4113502;21211
4113601;4392
4113700;506645
4113734;7317
4113759;5156
4113809;4592
4113908;12973
4114005;13968
4114104;19784
4114203;32669
4114302;22235
4114351;3127
4114401;17041
4114500;13164
4114609;46799
4114708;5956
4114807;31972
4114906;8855
4115002;6854
4115101;10224
4115200;357117
4115309;6269
4115358;5691
4115408;13909
4115457;4983
4115507;4599
4115606;16077
4115705;29426
4115739;3822
4115754;8553
4115804;41830
4115853;5046
4115903;2327
4116000;1858
4116059;10474
4116109;12606
4116208;15718
4116307;3678
4116406;3834
4116505;1433
4116604;3480
4116703;11871
4116802;7425
4116901;26613
4116950;5110
4117008;8153
4117057;11239
4117107;13069
4117206;5506
4117255;10369
4117214;3911
4117222;7625
4117271;7389
4117297;2827
4117305;23364
4117404;3380
4117453;5690
4117503;35941
4117602;42887
4117701;32125
4117800;14870
4117909;28692
4118006;11781
4118105;10256
4118204;140450
4118303;2791
4118402;81595
4118451;4823
4118501;72373
4118600;5430
4118709;6913
4118808;13622
4118857;5648
4118907;10208
4119004;6764
4119103;11214
4119152;117166
4119251;2620
4119202;6210
4119301;30233
4119400;23425
4119509;93279
4119608;32645
4119657;2814
4119707;4095
4119806;13668
4119905;311697
4119954;20919
4120002;14183
4120101;4515
4120150;3659
4120200;2531
4120309;4020
4120333;3434
4120358;5632
4120408;4775
4120507;10832
4120606;48793
4120655;4856
4120705;7044
4120804;19786
4120853;3804
4120903;30585
4121000;11749
4121109;5085
4121208;17088
4121257;4134
4121307;3955
4121356;2847
4121406;16348
4121505;14176
4121604;6810
4121703;25177
4121752;7327
4121802;10690
4121901;13522
4122008;14093
4122107;3334
4122156;13660
4122172;3897
4122206;30662
4122305;31261
4122404;57870
4122503;11544
4122602;9005
4122651;5586
4122701;6095
4122800;4403
4122909;5178
4123006;13672
4123105;3804
4123204;3646
4123303;8093
4123402;10436
4123501;23425
4123600;1818
4123709;8755
4123808;13134
4123824;3926
4123857;11497
4123907;12437
4123956;3570
4124020;10342
4124053;20834
4124004;5249
4124103;42688
4124202;2732
4124301;2412
4124400;18905
4124509;5269
4124608;6352
4124707;11336
4124806;10607
4124905;5909
4125001;11523
4125100;13704
4125308;5508
4125357;6047
4125209;9085
4125407;6511
4125456;3831
4125506;263488
4125555;2098
4125605;41257
4125704;25755
4125753;6492
4125803;10164
4125902;2494
4126009;8629
4126108;5349
4126207;6736
4126256;82842
4126272;5007
4126306;18410
4126355;4568
4126405;5817
4126504;15637
4126603;18446
4126652;3394
4126678;12232
4126702;4664
4126801;14600
4126900;5834
4127007;10277
4127106;69878
4127205;15791
4127304;15256
4127403;16763
4127502;19332
4127601;14526
4127700;119353
4127809;8788
4127858;11824
4127882;6258
4127908;8697
4127957;7997
4127965;13838
4128005;21562
4128104;100716
4128203;52753
4128302;2465
4128401;11472
4128534;9967
4128559;8973
4128609;7879
4128658;3950
4128708;6509
4128500;19294
4128807;6011
2600054;94428
2600104;35091
2600203;17588
2600302;22680
2600401;33046
2600500;40007
2600609;13761
2600708;37414
2600807;22363
2600906;21925
2601003;10204
2601052;18144
2601102;77363
2601201;69157
2601300;12765
2601409;40720
2601508;11349
2601607;20236
2601706;72412
2601805;12005
2601904;58675
2602001;35178
2602100;45506
2602209;37828
2602308;37570
2602407;8851
2602506;7307
2602605;45192
2602704;12537
2602803;51990
2602902;185123
2603009;30883
2603108;18833
2603207;26577
2603306;11125
2603405;5651
2603454;144506
2603504;17104
2603603;8147
2603702;24536
2603801;19593
2603900;18585
2603926;11782
2604007;74851
2604106;314951
2604155;13791
2604205;37830
2604304;10778
2604403;12375
2604502;20020
2604601;24298
2604700;17421
2604809;12458
2604908;17166
2605004;23392
2605103;34305
2605152;16915
2605202;63535
2605301;31636
2605400;20588
2605459;2629
2605509;11437
2605608;22171
2605707;29284
2605806;14231
2605905;27915
2606002;129392
2606101;29675
2606200;75648
2606309;6857
2606408;76669
2606507;18271
2606606;26959
2606705;7534
2606804;101987
2606903;11780
2607604;22449
2607000;19081
2607109;4496
2607208;80542
2607307;28120
2607406;4369
2607505;26264
2607653;35398
2607703;13882
2607752;23723
2607802;15698
2607901;644699
2607950;11513
2608008;15810
2608057;13982
2608107;30735
2608206;15774
2608255;10604
2608305;13709
2608404;14494
2608503;20653
2608453;15990
2608602;12121
2608701;15615
2608750;22719
2608800;36606
2608909;55574
2609006;23907
2609105;13632
2609154;18187
2609204;12257
2609303;14308
2614303;11137
2609402;56767
2609501;30782
2609600;375559
2609709;22865
2609808;13176
2609907;64335
2610004;59524
2610103;8188
2610202;25654
2610301;11001
2610400;20227
2610509;28664
2610608;51374
2610707;300611
2610806;20950
2610905;62793
2611002;32485
2611101;294081
2611200;11242
2611309;24033
2611408;13439
2611507;24187
2611533;6735
2611606;1536934
2611705;19158
2611804;44445
2611903;22140
2612000;11242
2612109;9287
2612208;56641
2612307;15283
2612406;21960
2612455;13594
2612471;11769
2612505;87538
2612554;13322
2612604;39473
2612703;13023
2612802;10991
2612901;13939
2613008;53232
2613107;35278
2613206;21305
2613305;20489
2613404;18172
2613503;32620
2613602;31838
2613701;102956
2613800;17000
2613909;79241
2614006;18331
2614105;33723
2614204;40306
2614402;5744
2614501;58444
2614600;26430
2614709;12704
2614808;22073
2614857;20745
2615003;24923
2615102;6737
2615201;9256
2615300;53823
2615409;35631
2615508;13055
2615607;26116
2615706;15006
2615805;24254
2615904;7925
2616001;16064
2616100;9142
2616183;7894
2616209;18267
2616308;30731
2616407;130540
2616506;14092
2200053;6749
2200103;5114
2200202;16461
2200251;7349
2200277;5151
2200301;13654
2200400;38823
2200459;5051
2200509;17141
2200608;6670
2200707;9094
2200806;3046
2200905;5781
2200954;2442
2201002;4688
2201051;7503
2201101;11067
2201150;10516
2201176;3852
2201200;44850
2201309;3234
2201408;6609
2201507;25786
2201556;3778
2201572;3284
2201606;9911
2201705;5319
2201739;6015
2201770;6299
2201804;4346
2201903;22632
2201919;5304
2201929;5393
2201945;6193
2201960;7961
2201988;3852
2202000;19074
2202026;7977
2202059;9927
2202075;3343
2202083;7163
2202091;5668
2202109;5406
2202117;4696
2202133;5592
2202174;6803
2202208;45180
2202251;3922
2202307;20035
2202406;10956
2202455;3876
2202505;10212
2202539;5522
2202554;4825
2202604;18338
2202653;5039
2202703;26044
2202711;4525
2202729;5572
2202737;3811
2202752;6035
2202778;7433
2202802;4484
2202851;4541
2202901;25408
2203008;7831
2203107;9981
2203206;10765
2203230;4704
2203271;4870
2203255;4182
2203305;13274
2203354;6677
2203404;6587
2203453;9246
2203420;4264
2203503;14499
2203602;4667
2203701;37765
2203750;5076
2203800;4368
2203859;2482
2203909;57707
2204006;5230
2204105;4483
2204154;2879
2204204;8619
2204303;11122
2204352;5475
2204402;10393
2204501;10268
2204550;4401
2204600;3771
2204659;8914
2204709;14868
2204808;9326
2204907;8218
2205003;11099
2205102;10677
2205151;5719
2205201;18008
2205250;4309
2205276;4637
2205300;4383
2205359;2960
2205409;13822
2205458;5100
2205508;37095
2205516;4757
2205524;5377
2205532;4517
2205557;8008
2205573;6422
2205565;4523
2205581;3863
2205599;4853
2205540;2656
2205607;5281
2205706;28422
2205805;24711
2205854;7816
2205904;5209
2205953;7810
2206001;4456
2206050;6222
2206100;10485
2206209;32292
2206308;1253
2206357;6770
2206407;10337
2206506;7391
2206605;10349
2206654;4068
2206670;6499
2206696;8464
2206704;7327
2206720;8039
2206753;4560
2206803;8214
2207959;4192
2206902;6498
2206951;3260
2207009;35646
2207108;2630
2207207;6651
2207306;4059
2207355;3366
2207405;4993
2207504;13745
2207553;4147
2207603;10265
2207702;145729
2207751;4546
2207777;6106
2207793;3757
2207801;19783
2207850;3666
2207900;37500
2207934;2410
2208007;73417
2208106;11713
2208205;17693
2208304;27548
2208403;61840
2208502;11897
2208551;2559
2208601;3085
2208650;8565
2208700;8403
2208809;17576
2208858;4238
2208874;4263
2208908;6841
2209005;6429
2209104;6025
2209153;3794
2209203;6096
2209302;5513
2209377;5149
2209351;4920
2209401;6008
2209450;2058
2209500;3653
2209559;4313
2209609;3069
2209658;5575
2209708;6301
2209757;2825
2209807;4754
2209856;4445
2209872;5608
2209906;6157
2209955;4648
2209971;7337
2210003;19553
2210052;5141
2210102;3700
2210201;6608
2210300;5677
2210359;4423
2210375;2561
2210383;2113
2210391;2976
2210409;18149
2210508;13645
2210607;32347
2210623;3559
2210631;4116
2210656;9619
2210706;14185
2210805;12078
2210904;4528
2210938;6235
2210953;2755
2210979;2621
2211001;814439
2211100;42657
2211209;20152
2211308;20325
2211357;4913
2211407;4336
2211506;2987
2211605;3076
2211704;4280
3300100;169270
3300159;10215
3300209;112028
3300225;11421
3300233;27538
3300258;27770
3300308;94855
3300407;177861
3300456;469261
3300506;25398
3300605;35384
3300704;186222
3300803;54370
3300902;14829
3301009;463545
3301108;19826
3300936;13348
3301157;12540
3301207;17439
3301306;35373
3300951;8183
3301405;21200
3301504;20403
3301603;10933
3301702;855046
3301801;13239
3301850;51487
3301876;22858
3301900;218090
3302007;109163
3302056;14027
3302106;22902
3302205;95876
3302254;28852
3302270;95391
3302304;7491
3302403;206748
3302452;5269
3302502;228150
3302601;36311
3302700;127519
3302809;17940
3302858;168403
3302908;24647
3303005;26829
3303104;15077
3303203;157483
3303302;487327
3303401;182016
3303500;795212
3303609;47074
3303708;41088
3303807;37575
3303856;26381
3303906;296044
3303955;22724
3304003;26309
3304102;17771
3304110;16574
3304128;12831
3304144;137938
3304151;20244
3304201;119801
3304300;55586
3304409;17401
3304508;8545
3304524;105757
3304557;6323037
3304607;10321
3304706;40569
3304805;37553
3304755;41357
3304904;999901
3305000;32767
3305109;459356
3305133;7003
3305158;20252
3305208;88013
3305307;8906
3305406;17504
3305505;74221
3305554;78183
3305604;21360
3305703;14920
3305752;30731
3305802;163805
3305901;10281
3306008;77503
3306107;71894
3306156;9503
3306206;34439
3306305;257996
2400109;11035
2400208;53245
2400307;10879
2400406;2984
2400505;13475
2400604;4880
2400703;12306
2400802;11553
2400901;6907
2401008;34777
2401107;25263
2401206;12931
2401305;9289
2401404;8569
2401453;24187
2401503;3957
2401602;5110
2401651;2425
2401701;9432
2401800;11577
2401859;6016
2401909;3304
2402006;62727
2402105;10266
2402204;30900
2402303;19582
2402402;7429
2402501;9775
2402600;67844
2402709;10916
2402808;5405
2402907;4774
2403004;7968
2403103;42668
2403202;6495
2403301;5228
2403400;5822
2403509;10480
2403608;24550
2403707;5734
2403756;2850
2403806;8959
2403905;2874
2404002;4233
2404101;2150
2404200;22467
2404309;12373
2404408;9393
2404507;12431
2404606;12188
2404705;13855
2404804;2074
2404853;6952
2404903;5568
2405009;7925
2405108;6796
2405207;5350
2405306;9009
2405405;5522
2405504;2607
2405603;13511
2405702;12115
2405801;32203
2405900;2601
2406007;5868
2406106;17692
2406155;3585
2406205;6228
2406304;6992
2406403;2674
2406502;13990
2406601;7565
2406700;10385
2406809;4614
2406908;3633
2407005;9612
2407104;69538
2407203;28974
2407252;3536
2407302;8265
2407401;8228
2407500;10442
2407609;4188
2407708;11418
2407807;20670
2407906;2266
2408003;259886
2408102;803811
2408201;23818
2408300;35541
2408409;4301
2408508;4699
2408607;3952
2408706;3862
2408805;4845
2408904;20347
2403251;202413
2409100;11111
2409209;2899
2409308;11964
2409407;27733
2409506;3521
2409605;2583
2409704;7168
2409803;14119
2409902;13436
2410009;3453
2410108;13947
2410207;7297
2410256;5217
2410306;8774
2410405;8432
2410504;4692
2410603;3070
2410702;3165
2410801;4157
2410900;7067
2408953;10060
2411007;4417
2411106;3595
2411205;35759
2409332;4762
2411403;13798
2411429;2526
2411502;22214
2411601;2974
2411700;3909
2411809;3401
2411908;3874
2412005;87700
2412104;5914
2412203;39771
2412302;12359
2412401;4231
2412500;22159
2412559;8659
2412609;15866
2412708;6223
2412807;8106
2412906;10868
2413003;6030
2413102;5645
2413201;3924
2413300;5746
2413359;10281
2413409;7770
2413508;6581
2413557;4538
2413607;5752
2413706;5020
2413805;2317
2413904;11836
2414001;14175
2414100;9911
2414159;5406
2411056;3687
2414209;11402
2414308;2295
2414407;31076
2414456;3366
2414506;10669
2414605;12985
2414704;5227
2414753;3821
2414803;10725
2414902;1618
2415008;2872
4300034;4394
4300059;3726
4300109;16729
4300208;7255
4300307;7045
4300406;77673
4300455;4301
4300471;2062
4300505;8027
4300554;1848
4300570;2908
4300604;195718
4300638;6355
4300646;7323
4300661;1216
4300703;6073
4300802;12837
4300851;3693
4300877;4868
4300901;6568
4301008;18783
4301073;2730
4301057;7744
4301206;12648
4301107;13608
4301305;18469
4301404;10229
4301503;7097
4301552;3665
4301602;116792
4301636;10855
4301651;5742
4301701;6529
4301750;7018
4301859;3089
4301875;4016
4301909;12568
4301925;2003
4301958;2367
4301800;5355
4302006;11133
4302055;2307
4302105;107341
4302154;2114
4302204;6576
4302220;2441
4302238;2425
4302253;2778
4302303;11556
4302352;11792
4302378;2328
4302402;11472
4302451;7673
4302501;6887
4302584;2200
4302600;3702
4302659;4677
4302709;20405
4302808;33700
4302907;13685
4303004;83827
4303103;118294
4303202;4865
4303301;4954
4303400;5071
4303509;62759
4303558;2591
4303608;6545
4303673;3247
4303707;6117
4303806;5509
4303905;60081
4304002;5459
4304101;3494
4304200;30176
4304309;6535
4304358;8776
4304408;39238
4304507;53268
4304606;324025
4304614;1807
4304622;1753
4304630;42047
4304655;3107
4304663;24294
4304689;11613
4304697;2636
4304671;3890
4304713;7313
4304705;59301
4304804;25193
4304853;1607
4304903;8648
4304952;3007
4305009;9323
4305108;435482
4305116;2967
4305124;6404
4305132;4454
4305157;2417
4305173;10280
4305207;13289
4305306;9377
4305355;35363
4305371;3471
4305405;4044
4305439;5919
4305447;4944
4305454;12654
4305504;4922
4305587;2420
4305603;3550
4305702;6552
4305801;9741
4305835;1528
4305850;2457
4305871;2459
4305900;7748
4305934;1725
4305959;3917
4305975;2826
4306007;14085
4306056;7280
4306072;2826
4306106;62825
4306130;2141
4306205;12331
4306304;4683
4306320;3190
4306353;2866
4306379;3064
4306403;27572
4306429;2157
4306452;3280
4306502;14380
4306601;38916
4306551;2550
4306700;3401
4306734;5313
4306759;2030
4306767;34335
4306809;20514
4306908;24537
4306924;1530
4306957;3080
4306932;8938
4306973;2970
4307005;96105
4307054;3088
4307203;5167
4307302;7878
4307401;3169
4307450;3272
4307500;15240
4307559;6011
4307609;42589
4307708;80669
4307807;30628
4307815;3628
4307831;2797
4307864;2579
4307906;63641
4308003;6672
4308052;2567
4308078;3697
4308102;12359
4308201;27135
4308250;2018
4308300;10712
4308409;7014
4308433;2473
4308458;4577
4308508;28848
4308607;30692
4308656;3233
4308706;5862
4308805;8452
4308854;1677
4308904;16156
4309001;17085
4309050;6885
4309100;32300
4309126;2269
4309159;3970
4309209;255762
4309258;1598
4309308;95230
4309407;22810
4309506;8115
4309555;4254
4307104;6757
4309571;2954
4309605;18350
4309654;6048
4309704;4919
4309753;4371
4309803;4710
4309902;7175
4309951;4061
4310009;19312
4310108;31663
4310207;78920
4310306;4098
4310330;17667
4310363;3025
4310405;6618
4310413;2267
4310439;6017
4310462;1944
4310504;8078
4310538;5011
4310553;3441
4310579;2337
4310603;38166
4310652;2589
4310702;4171
4310751;2156
4310801;19877
4310850;4111
4310876;2507
4310900;3630
4311007;27942
4311106;11478
4311122;4177
4311130;3575
4311155;8329
4311205;19579
4311239;2662
4311270;1598
4311304;27529
4311254;6185
4311403;71481
4311429;2487
4311502;7669
4311601;5780
4311627;5229
4311643;1624
4311718;4742
4311700;5515
4311734;2997
4311759;7074
4311775;6908
4311791;2527
4311809;36383
4311908;5134
4311981;3768
4312005;2210
4312054;4068
4312104;5111
4312138;2470
4312153;3869
4312179;1799
4312203;4907
4312252;7631
4312302;4855
4312351;1542
4312377;3098
4312385;2670
4312401;59436
4312427;2749
4312443;3185
4312450;6231
4312476;5680
4312500;12130
4312609;4791
4312617;2977
4312625;1813
4312658;15938
4312674;1721
4312708;12076
4312757;3177
4312807;4003
4312906;8840
4312955;1960
4313003;3184
4313011;2751
4313037;4671
4313060;18346
4313086;2445
4313102;6345
4313201;19058
4313300;22830
4313334;2437
4313359;3347
4313375;22706
4313490;3978
4313391;3855
4313409;239051
4313425;3927
4313441;2277
4313466;1757
4313508;40941
4313607;4243
4313656;10971
4313706;34335
4313805;6920
4313904;38068
4313953;9895
4314001;6812
4314027;7336
4314035;3511
4314050;51481
4314068;5159
4314076;6011
4314100;184869
4314134;2196
4314159;8047
4314175;2218
4314209;7817
4314308;3973
4314407;327778
4314423;5182
4314456;2515
4314464;2130
4314472;4471
4314498;4503
4314506;12787
4314555;2757
4314605;19831
4314704;10524
4314753;2017
4314779;3857
4314787;1750
4314803;30881
4314902;1409939
4315008;5421
4315057;2544
4315073;1852
4315107;10560
4315131;1875
4315149;2485
4315156;6161
4315172;2000
4315206;4147
4315305;23021
4315313;1778
4315321;2710
4315354;3653
4315404;10222
4315453;2155
4315503;15850
4315552;3616
4315602;197253
4315701;37602
4315750;4327
4315800;10287
4315909;5743
4315958;2546
4316006;19493
4316105;10228
4316204;5520
4316303;7206
4316402;39751
4316428;2595
4316436;2869
4316451;11880
4316477;2669
4316501;6747
4316600;15373
4316709;8829
4316733;1655
4316758;5692
4316808;118287
4316972;2352
4316907;261027
4316956;6053
4317202;68595
4317251;1717
4317301;31002
4317004;8244
4317103;82513
4317400;49082
4317509;76304
4317608;39679
4317707;11210
4317558;2139
4317756;1987
4317806;13970
4317905;14378
4317954;2461
4318002;61662
4318051;2926
4318101;19258
4318200;20540
4318309;60508
4318408;22141
4318424;4726
4318432;2635
4318440;2774
4318457;2720
4318465;2204
4318481;4094
4318499;2200
4318507;25523
4318606;6906
4318614;2082
4318622;3290
4318705;214210
4318804;43114
4318903;34558
4319000;20105
4319109;5773
4319125;3201
4319158;7421
4319208;5727
4319307;6367
4319356;3317
4319364;1886
4319372;2873
4319406;16371
4319505;21944
4319604;23798
4319703;3632
4319711;2168
4319737;2647
4319752;1944
4319802;8440
4319901;75020
4320008;130988
4320107;21312
4320206;10902
4320230;3011
4320263;7158
4320305;4929
4320321;2814
4320354;5197
4320404;14243
4320453;2281
4320503;6294
4320552;5850
4320578;2126
4320602;3842
4320651;2452
4320677;10067
4320701;14285
4320800;30065
4320859;4131
4320909;19252
4321006;10452
4321105;16649
4321204;54656
4321303;26135
4321329;2970
4321352;5351
4321402;13716
4321436;9878
4321451;27265
4321469;2724
4321477;6461
4321493;2952
4321501;34646
4321600;41655
4321626;2314
4321634;2855
4321667;10239
4321709;23855
4321808;23726
4321832;2912
4321857;4381
4321907;23973
4321956;5787
4322004;25811
4322103;5901
4322152;4395
4322186;1574
4322202;22286
4322251;3919
4322301;8557
4322327;3522
4322343;2296
4322350;1487
4322376;2453
4322400;125507
4322509;61345
4322533;11077
4322541;5121
4322525;3253
4322558;1984
4322608;65964
4322707;23986
4322806;22815
4322855;1974
4322905;5311
4323002;239234
4323101;5285
4323200;3036
4323309;3207
4323358;2152
4323408;4221
4323457;4221
4323507;2832
4323606;1569
4323705;2759
4323754;3485
4323770;2793
4323804;12405
1100015;24422
1100379;12826
1100403;17144
1100346;16864
1100023;90354
1100452;32385
1100031;6309
1100601;5727
1100049;78601
1100700;12669
1100809;19782
1100908;3581
1100056;17030
1100924;8304
1100064;18602
1100072;8802
1100080;13700
1100940;15873
1100098;28741
1101005;10513
1100106;41646
1101104;8561
1100114;52043
1100122;116587
1100130;31107
1101203;10354
1101302;11869
1101401;14090
1100148;19845
1100338;22552
1101435;7498
1100502;10237
1100155;37941
1101450;4810
1100189;33754
1101468;2322
1100205;426558
1100254;22319
1101476;3523
1100262;3316
1100288;50672
1100296;8886
1101484;6018
1101492;16019
1100320;21824
1101500;11649
1101559;4893
1101609;10644
1101708;12969
1101757;9361
1101807;8218
1100304;76187
1400050;16286
1400027;9330
1400100;284258
1400159;10951
1400175;13778
1400209;18384
1400233;8114
1400282;8676
1400308;14814
1400407;8926
1400456;10448
1400472;25587
1400506;6778
1400605;6750
1400704;8147
4200051;2653
4200101;17100
4200200;9328
4200309;4901
4200408;6960
4200507;6109
4200556;2424
4200606;5546
4200705;9410
4200754;2005
4200804;6378
4200903;5250
4201000;8627
4201109;3214
4201208;7455
4201257;9605
4201273;4193
4201307;24814
4201406;61339
4201505;7730
4201604;3500
4201653;2256
4201703;7419
4201802;3300
4201901;5552
4201950;9590
4202057;8423
4202008;108107
4202073;8244
4212809;17074
4202081;2906
4202099;1878
4202107;22403
4202131;6004
4202156;2635
4202206;10331
4202305;58238
4202404;309214
4202438;3290
4202503;4400
4202537;2526
4202578;2132
4202602;8942
4202453;14312
4202701;4468
4202800;29018
4202859;3457
4202875;2852
4202909;105495
4203006;70735
4203105;6218
4203154;3380
4203204;62289
4203303;11748
4203402;7486
4203501;9370
4203600;32829
4203709;10603
4203808;52775
4203253;2753
4203907;20771
4203956;21689
4204004;9558
4204103;4406
4204152;2773
4204178;3585
4204194;2764
4204202;183561
4204251;15171
4204301;68627
4204350;3787
4204400;10213
4204459;2458
4204558;14794
4204509;13852
4204608;192236
4204707;10613
4204756;1882
4204806;37774
4204905;8638
4205001;14801
4205100;3723
4205159;3604
4205175;3018
4205191;2050
4205209;4353
4205308;10658
4205357;1588
4205407;421203
4205431;2601
4205456;22548
4205506;34555
4205555;2480
4205605;3475
4205704;18144
4205803;14762
4205902;57958
4206009;13012
4206108;6223
4206207;10636
4206306;18433
4206405;10498
4206504;35186
4206603;4908
4206652;4675
4206702;21233
4206751;1945
4206801;3373
4206900;17342
4207007;58859
4207106;12356
4207205;11672
4207304;40200
4207403;5709
4207502;54794
4207577;2743
4207601;4752
4207650;8413
4207684;6802
4207700;7220
4207759;4253
4207809;9534
4207858;2096
4207908;10450
4208005;6427
4208104;20315
4208203;183388
4208302;45814
4208401;15430
4208450;14775
4208500;22255
4208609;4041
4208708;10608
4208807;17291
4208906;143206
4208955;1766
4209003;27005
4209102;515250
4209151;4720
4209177;2148
4209201;2197
4209300;156737
4209409;51554
4209458;1490
4209508;6005
4209607;14366
4209706;11862
4209805;3365
4209854;4642
4209904;10248
4210001;10449
4210035;5599
4210050;1826
4210100;52920
4210209;3279
4210308;7479
4210407;6409
4210506;22104
4210555;2203
4210605;14668
4210704;2838
4210803;7002
4210852;2513
4210902;4047
4211009;10231
4211058;9312
4211108;8348
4211207;16126
4211256;2890
4211306;60588
4211405;4275
4211454;4267
4211504;12179
4211603;13316
4211652;2750
4211702;21395
4211751;16348
4211801;7371
4211850;2271
4211876;1763
4211892;2353
4211900;137199
4212007;7765
4212056;2376
4212106;16021
4212205;17931
4212239;4080
4212254;6631
4212270;4429
4212304;6692
4212403;4107
4212502;25140
4212601;2988
4212700;6131
4212908;16335
4213005;3147
4213104;4786
4213153;2659
4213203;27772
4213302;4895
4213351;3303
4213401;11031
4213500;16118
4213609;33497
4213708;14812
4213807;7270
4213906;1724
4214003;14886
4214102;2284
4214151;2758
4214201;10251
4214300;2748
4214409;6147
4214508;6195
4214607;7094
4214805;61196
4214706;10280
4214904;4446
4215000;39849
4215059;2436
4215075;4838
4215109;10914
4215208;5551
4215307;7357
4215356;3961
4215406;4301
4215455;10402
4215505;15740
4215554;2382
4215604;2065
4215653;8054
4215679;8767
4215687;2896
4215695;1465
4215703;19830
4215802;74797
4215752;2679
4215901;3008
4216008;10284
4216057;5019
4216107;9496
4216206;42569
4216305;26260
4216354;3438
4216255;6035
4216404;7002
4216503;24812
4216602;210513
4216701;13672
4216800;9273
4216909;21797
4217006;10993
4217105;3211
4217154;1904
4217204;36295
4217253;4710
4217303;9016
4217402;15316
4217501;16922
4217550;3285
4217600;12995
4217709;26626
4217758;2766
4217808;17265
4217907;8674
4217956;1757
4218004;30973
4218103;5308
4218202;36817
4218251;7165
4218301;18131
4218350;3527
4218400;6877
4218509;6342
4218608;6554
4218707;97281
4218756;4633
4218806;11854
4218855;2910
4218905;10702
4218954;2482
4219002;20222
4219101;3535
4219150;2808
4219176;4795
4219200;6293
4219309;47204
4219358;5208
4219408;3601
4219507;44102
4219606;4142
4219705;25697
4219853;2991
3500105;33797
3500204;3557
3500303;32168
3500402;7580
3500501;17261
3500550;5598
3500600;2703
3500709;34532
3500758;4886
3500808;3891
3500907;3814
3501004;15609
3501103;4105
3501152;16845
3501202;3901
3501301;23506
3501400;4650
3501509;3000
3501608;210701
3501707;34522
3501806;5706
3501905;65836
3502002;4289
3502101;55317
3502200;22211
3502309;5648
3502408;3738
3502507;35043
3502606;4444
3502705;25196
3502754;17085
3502804;181618
3502903;27323
3503000;5150
3503109;6123
3503158;2492
3503208;208725
3503307;118898
3503356;1925
3503406;7842
3503505;3693
3503604;10581
3503703;8547
3503802;44270
3503901;74818
3503950;1809
3504008;95156
3504107;126614
3504206;14205
3504305;4959
3504404;11311
3504503;82935
3504602;14605
3504701;3932
3504800;8160
3504909;10220
3505005;3116
3505104;6593
3505203;31603
3505302;35256
3505351;5236
3505401;7729
3505500;112102
3505609;28503
3505708;240656
3505807;20461
3505906;56481
3506003;344039
3506102;75044
3506201;2674
3506300;10777
3506359;47572
3506409;7052
3506508;108722
3506607;28573
3506706;13658
3506805;10862
3506904;9282
3507001;48323
3507100;19703
3507159;3571
3507209;805
3507308;4268
3507407;14532
3507456;2295
3507506;127370
3507605;146663
3507704;5021
3507753;2573
3507803;21105
3507902;21580
3508009;18566
3508108;15418
3508207;4055
3508306;4365
3508405;41643
3508504;84844
3508603;30099
3508702;18536
3508801;16612
3508900;4072
3509007;86623
3509106;5039
3509205;64113
3509254;28371
3509304;9759
3509403;23378
3509452;5567
3509502;1080999
3509601;74114
3509700;47824
3509809;4539
3509908;12226
3509957;4387
3510005;29911
3510104;2668
3510153;4369
3510203;46178
3510302;17533
3510401;48573
3510500;100899
3510609;369908
3510708;11798
3510807;28312
3510906;2627
3511003;18006
3511102;112843
3511201;7127
3511300;7968
3511409;17532
3511508;39649
3511607;15547
3511706;15086
3557204;12114
3511904;7064
3512001;17373
3512100;5994
3512209;25242
3512308;16302
3512407;21085
3512506;5238
3512605;5001
3512704;3874
3512803;58821
3512902;7214
3513009;201023
3513108;31688
3513207;7591
3513306;2270
3513405;77070
3513504;118797
3513603;21874
3513702;31053
3513801;386039
3513850;1689
3513900;11209
3514007;7941
3514106;24768
3514205;2096
3514304;8607
3514403;43263
3514502;12251
3514601;8143
3514700;6318
3514809;14645
3514908;15796
3514924;3120
3514957;2423
3515004;240007
3515103;62846
3515129;3024
3515152;15719
3515186;41919
3515194;4246
3557303;10044
3515301;2661
3515202;8208
3515350;9585
3515400;15324
3515608;5534
3515509;64707
3515657;1563
3515707;168290
3515806;1752
3515905;3003
3516002;12849
3516101;2829
3516200;318785
3516309;154538
3516408;131603
3516507;2705
3516606;7011
3516705;43124
3516804;4193
3516853;4420
3516903;10674
3517000;10777
3517109;4577
3517208;10671
3517307;5425
3517406;37412
3517505;17885
3517604;17988
3517703;19864
3517802;8435
3517901;9976
3518008;1969
3518107;6400
3518206;30600
3518305;25861
3518404;112091
3518503;14568
3518602;35491
3518701;290607
3518800;1222357
3518859;6966
3518909;4754
3519006;8696
3519055;11292
3519071;192225
3519105;10010
3519204;6419
3519253;6377
3519303;30724
3519402;10868
3519501;6725
3519600;53166
3519709;71228
3519808;7462
3519907;7627
3520004;23370
3520103;27960
3520202;8825
3520301;28844
3520426;9027
3520442;25071
3520400;28176
3520509;201848
3520608;4828
3520707;3906
3520806;3630
3520905;13746
3521002;28301
3521101;6016
3521150;4459
3521200;4302
3521309;14146
3521408;20047
3521507;7284
3521606;7787
3521705;17861
3521804;24015
3521903;14553
3522000;3263
3522109;87053
3522158;3228
3522208;152380
3522307;144416
3522406;87765
3522505;200874
3522604;68365
3522653;3884
3522703;40064
3522802;14546
3522901;12181
3523008;4360
3523107;321854
3523206;47939
3523305;15471
3523404;101450
3523503;18052
3523602;15528
3523701;5914
3523800;7545
3523909;154200
3524006;44825
3524105;38699
3524204;6592
3524303;71667
3524402;211308
3524501;5657
3524600;17196
3524709;44331
3524808;47012
3524907;5350
3525003;108436
3525102;37725
3525201;23827
3525300;131068
3525409;3168
3525508;11771
3525607;4138
3525706;32774
3525805;4430
3525854;2801
3525904;370251
3526001;18726
3526100;19269
3526209;28732
3526308;4840
3526407;25246
3526506;8782
3526605;6586
3526704;91804
3526803;61454
3526902;276010
3527009;6708
3527108;71493
3527207;82553
3527256;2123
3527306;37153
3527405;19885
3527504;2255
3527603;11286
3527702;5030
3527801;4353
3527900;2703
3528007;16246
3528106;7663
3528205;3664
3528304;3200
3528403;43225
3528502;80920
3528601;8999
3528700;4812
3528809;13344
3528858;2633
3528908;3916
3529005;216684
3529104;2113
3529203;24260
3529302;76799
3529401;417281
3529500;4640
3529609;3851
3529658;1886
3529708;20442
3529807;12042
3530003;2827
3529906;20595
3530102;27475
3530201;17064
3530300;53809
3530409;4295
3530508;66303
3530607;387241
3530706;137286
3530805;86244
3530904;3266
3531001;2134
3531100;46310
3531209;7148
3531308;46647
3531407;21748
3531506;18931
3531605;4063
3531803;48971
3531704;4123
3531902;29127
3532009;11775
3532058;4290
3532108;4186
3532157;2707
3532207;4289
3532306;6681
3532405;16413
3532504;8777
3532603;10725
3532702;4274
3532801;5891
3532827;8515
3532843;2114
3532868;1127
3532900;9301
3533007;19178
3533106;2178
3533205;3072
3533304;3441
3533403;51278
3533254;4595
3533502;36612
3533601;6817
3533700;4163
3533809;2673
3533908;49792
3534005;3884
3534104;6097
3534203;5678
3534302;39781
3534401;666469
3534500;2539
3534609;30917
3534708;103026
3534807;7794
3534757;8406
3534906;12934
3535002;11052
3535101;10938
3535200;9584
3535309;21257
3535408;14603
3535507;42281
3535606;17384
3535705;5907
3535804;17810
3535903;3815
3536000;10844
3536109;5582
3536208;18453
3536257;2032
3536307;13002
3536406;6342
3536505;82150
3536570;1778
3536604;8589
3536703;41530
3536802;5780
3536901;2561
3537008;15699
3537107;41549
3537156;2936
3537206;10213
3537305;58529
3537404;24959
3537503;7468
3537602;59793
3537701;5287
3537800;52214
3537909;26411
3538006;147034
3538105;15043
3538204;13104
3538303;3541
3538501;14107
3538600;25139
3538709;364872
3538808;28489
3538907;22724
3539004;10623
3539103;15727
3539202;24718
3539301;70138
3539400;12072
3539509;35314
3539608;4472
3539707;3192
3539806;106033
3539905;5395
3540002;19963
3540101;3479
3540200;40245
3540259;4074
3540309;2523
3540408;4223
3540507;8333
3540606;48914
3540705;51407
3540754;19413
3540804;15453
3540853;2863
3540903;17404
3541000;260769
3541059;4599
3541109;4123
3541208;13544
3541307;41324
3541406;207625
3541505;37915
3541604;35688
3541653;3236
3541703;12828
3541802;2808
3541901;11325
3542008;6008
3542107;8624
3542206;28773
3542305;3879
3542404;18496
3542503;7325
3542602;54279
3542701;6587
3542800;3358
3542909;12129
3543006;18272
3543105;4273
3543204;4464
3543238;2187
3543253;7419
3543303;113043
3543402;605114
3543600;3436
3543709;10414
3543808;9935
3543907;186299
3544004;29508
3544103;44084
3544202;10574
3543501;6165
3544251;19691
3544301;9606
3544400;2729
3544509;2862
3544608;5226
3544707;2395
3544806;5450
3544905;10568
3545001;15639
3545100;4818
3545159;7059
3545209;105569
3545308;40141
3545407;8787
3545506;3699
3545605;14333
3545704;5723
3545803;180148
3546009;13770
3546108;2084
3546207;3998
3546256;1953
3546306;29974
3546405;43929
3546504;5568
3546603;29235
3546702;21644
3546801;50464
3546900;8246
3547007;5418
3547106;2831
3547502;26420
3547403;2543
3547601;23871
3547650;1447
3547205;1641
3547304;108875
3547700;20498
3547809;673914
3547908;6304
3548005;20635
3548054;7627
3548104;5943
3548203;6516
3548302;2806
3548401;4281
3548500;419757
3548609;10462
3548708;765203
3548807;149571
3548906;221936
3549003;2793
3549102;83661
3549201;2566
3549250;1780
3549300;2103
3549409;46524
3549508;8407
3549607;4097
3549706;51910
3549805;408435
3549904;627544
3549953;13985
3550001;10404
3550100;38390
3550209;31452
3550308;11244369
3550407;31688
3550506;7208
3550605;78873
3550704;73833
3550803;12100
3550902;14350
3551009;332424
3551108;9027
3551207;3622
3551306;3031
3551405;11259
3551603;26362
3551504;38891
3551702;110094
3551801;13006
3551900;15504
3552007;5792
3552106;36695
3552205;586311
3552304;7440
3552403;241437
3552551;3383
3552502;262568
3552601;11366
3552700;14686
3552809;244719
3552908;5714
3553005;10825
3553104;5894
3553203;5447
3553302;22410
3553401;24055
3553500;8015
3553609;12743
3553658;2726
3553708;53985
3553807;22294
3553856;5149
3553906;6605
3553955;12883
3554003;107975
3554102;278724
3554201;4809
3554300;21389
3554409;8505
3554508;36827
3554607;2646
3554656;2257
3554706;9330
3554755;1544
3554805;40985
3554904;5428
3554953;5935
3555000;63492
3555109;14262
3555208;1927
3555307;1978
3555356;5286
3555406;78870
3555505;4429
3555604;9475
3555703;1599
3555802;8836
3555901;1251
3556008;12720
3556107;11031
3556206;106968
3556305;22617
3556354;8801
3556404;39266
3556453;42946
3556503;107146
3556602;10769
3556701;63685
3556800;17307
3556909;6889
3556958;1737
3557006;108872
3557105;84728
3557154;2334
2800100;2275
2800209;20066
2800308;570937
2800407;9699
2800506;16882
2800605;25012
2800670;25528
2800704;7745
2801009;16766
2801108;3947
2801207;24693
2801306;30769
2801405;19990
2801504;13500
2801603;5633
2801702;16519
2801900;3813
2802007;4326
2802106;64464
2802205;5325
2802304;13854
2802403;11458
2802502;2914
2802601;5648
2802700;8348
2802809;15861
2802908;86981
2803005;38886
2803104;4972
2803203;30428
2803302;16874
2803401;12947
2803500;94852
2803609;26903
2803708;6411
2803807;3461
2803906;12056
2804003;16338
2804102;11034
2804201;13621
2804300;7342
2804409;18511
2804458;8510
2804508;32514
2804607;24579
2804706;6242
2804805;160829
2804904;13137
2805000;2968
2805109;8821
2805208;5973
2805307;8369
2805406;30877
2805505;21968
2805604;27124
2805703;28457
2805802;19394
2805901;9351
2806008;17163
2806107;9222
2806206;19362
2806305;13914
2806503;3752
2806404;7038
2806602;11389
2806701;78876
2806800;10257
2806909;3395
2807006;3702
2807105;38724
2807204;8006
2807303;2957
2807402;48039
2807501;12873
2807600;22660
1700251;2387
1700301;5158
1700350;5663
1700400;7595
1700707;8380
1701002;9873
1701051;3169
1701101;4213
1701309;5882
1701903;6317
1702000;8786
1702109;150520
1702158;5030
1702208;31324
1702307;6742
1702406;10643
1702554;15965
1702703;3446
1702901;9275
1703008;10446
1703057;3124
1703073;4123
1703107;5346
1703206;4467
1703305;3768
1703602;2066
1703701;5188
1703800;9770
1703826;2148
1703842;8139
1703867;3754
1703883;2305
1703891;3690
1703909;4601
1704105;2565
1705102;3280
1704600;1335
1705508;30879
1716703;8607
1705557;4669
1705607;4182
1706001;5009
1706100;7218
1706258;1566
1706506;5273
1707009;19110
1707108;6363
1707207;7161
1707306;4589
1707405;9476
1707553;3805
1707652;5340
1707702;8502
1708205;18428
1708254;2423
1708304;4960
1709005;12064
1709302;23212
1709500;76765
1709807;1639
1710508;7104
1710706;6029
1710904;3534
1711100;2439
1711506;3507
1711803;2231
1711902;10215
1711951;3525
1712009;2773
1712157;1605
1712405;3731
1712454;2622
1712504;4352
1712702;2219
1712801;3158
1713205;20692
1713304;12626
1713601;6717
1713700;2085
1713957;3152
1714203;9000
1714302;4386
1714880;10686
1715002;3770
1715101;3762
1715150;2286
1715259;2457
1715507;1035
1721000;228297
1715705;4954
1713809;5746
1715754;7342
1716109;44432
1716208;10335
1716307;4588
1716505;11542
1716604;10389
1716653;5052
1717008;4506
1717206;2920
1717503;6696
1717800;4548
1717909;7180
1718006;2795
1718204;49143
1718303;7661
1718402;3685
1718451;2366
1718501;3768
1718550;4183
1718659;1714
1718709;2570
1718758;6259
1718808;3868
1718840;3326
1718865;6599
1718881;2894
1718899;2128
1718907;4568
1719004;2523
1720002;2471
1720101;4615
1720150;1445
1720200;10490
1720259;2910
1720309;4283
1720499;4384
1720655;5071
1720804;9148
1720853;1739
1720903;15053
1720937;1945
1720978;2562
1721109;6598
1721208;22608
1721257;1574
1721307;2097
1722081;10978
1722107;11484
3100104;6704
3100203;22700
3100302;13311
3100401;3924
3100500;10298
3100609;15193
3100708;2020
3100807;4049
3100906;18482
3101003;12718
3101102;24969
3101201;6173
3101300;2709
3101409;2913
3101508;34341
3101607;73722
3101631;6078
3101706;38779
3101805;7172
3101904;18490
3102001;13714
3102050;5297
3153509;8323
3102100;12158
3102209;4443
3102308;15263
3102407;3548
3102506;5052
3102605;37302
3102803;12146
3102852;8003
3102902;11112
3103009;9573
3103108;1673
3103207;2247
3103306;2057
3103405;36041
3103504;109779
3103603;2823
3103702;8165
3103751;6233
3103801;2772
3103900;7884
3104007;93683
3104106;9509
3104205;36582
3104304;13729
3104403;2901
3104452;4770
3104502;17674
3104601;13049
3104700;14451
3104809;4962
3104908;18292
3105004;7917
3105103;22709
3105202;4988
3105301;5340
3105400;28432
3105509;5727
3105608;126325
3105707;6147
3105905;19623
3106002;10012
3106101;3404
3106200;2375444
3106309;23397
3106408;7536
3106507;12307
3106655;4371
3106606;4498
3106705;377547
3106804;3796
3106903;13653
3107000;2634
3107109;38509
3107208;5000
3107307;46595
3107406;45626
3107505;6513
3107604;3882
3107703;5495
3107802;15376
3107901;10457
3108008;17244
3108107;6816
3108206;5867
3108255;9671
3108305;17129
3108404;14935
3108503;6497
3108701;4650
3108552;14226
3108602;31221
3108909;14663
3108800;5034
3109006;34013
3109105;10892
3109204;10291
3109253;3990
3109303;22729
3109402;26921
3109451;6453
3109501;13823
3109600;3654
3109709;11034
3102704;8962
3109808;2506
3109907;10227
3110004;40786
3110103;4970
3110202;4047
3110301;13630
3110400;3154
3110509;21074
3110608;26491
3110707;12658
3110806;3559
3110905;15435
3111002;20701
3111101;19285
3111150;3685
3111200;51509
3111309;11518
3111408;6870
3111507;14213
3111606;27623
3111903;5589
3111705;4631
3111804;11357
3112000;14592
3112059;4190
3112109;5209
3112208;4758
3112307;34796
3112406;7089
3112505;8880
3112604;15297
3112653;4929
3112703;14206
3112802;8185
3112901;9033
3113008;22343
3113107;3288
3113206;23341
3113305;32321
3113404;85322
3113503;9158
3113602;6302
3113701;20087
3113800;2460
3113909;11836
3114006;10927
3114105;13752
3114204;20018
3114303;29752
3114402;20426
3114501;17050
3114550;9467
3114600;3952
3114709;3350
3114808;4555
3114907;2242
3115003;2857
3115102;17428
3115300;69810
3115359;4839
3115409;3462
3115458;6705
3115474;5102
3115508;21719
3115607;1212
3115706;6774
3115805;10270
3115904;2792
3116001;5647
3116100;15165
3116159;10792
3116209;2785
3116308;6547
3116407;4544
3116506;7781
3116605;25777
3116704;7054
3116803;9024
3116902;2972
3117009;8309
3117108;9814
3115201;3961
3117306;23055
3117207;2749
3117405;4467
3117504;17914
3117603;5162
3117702;12950
3117801;10388
3117836;7089
3117876;5943
3117900;10480
3118007;48550
3118106;4947
3118205;6527
3118304;116527
3118403;22232
3118502;1727
3118601;603048
3118700;9287
3118809;26035
3118908;8667
3119005;3435
3119104;23901
3119203;10274
3119302;27551
3119401;103797
3119500;9117
3119609;2983
3119708;3301
3119807;3391
3119906;3732
3119955;5821
3120003;3129
3120102;4204
3120151;6040
3120201;11301
3120300;5760
3120409;5007
3120508;10214
3120607;4749
3120706;3934
3120805;14596
3120839;4680
3120870;6930
3120904;74184
3121001;5210
3121100;7971
3121209;6830
3121258;8107
3121308;4757
3121407;7002
3121506;3009
3121605;45884
3121704;3848
3121803;8739
3121902;3292
3122009;19131
3122108;4937
3122207;7036
3122306;213076
3122355;5884
3122405;5760
3122454;8970
3122470;3817
3122504;5210
3122603;4535
3122702;5193
3122801;2994
3122900;6001
3123007;9303
3123106;5223
3123205;13781
3123304;4439
3123403;1440
3123502;1841
3123528;7402
3123601;25266
3123700;10276
3123809;7125
3123858;5172
3123908;14262
3124005;17958
3124104;60153
3124203;22859
3124302;31113
3124401;4429
3124500;10844
3124609;2470
3124708;3515
3124807;7457
3124906;10541
3125002;3752
3125101;28564
3125200;2348
3125309;3377
3125408;5137
3125606;6887
3125705;14121
3125804;3033
3125903;10837
3125952;10351
3126000;6603
3126109;65064
3126208;8173
3126307;4098
3126406;2701
3126505;10244
3126604;4867
3126703;24918
3126752;5803
3126802;5880
3126901;8924
3126950;3329
3127008;14047
3127057;4687
3127073;5940
3127107;53474
3127206;3854
3127305;6966
3127339;5139
3127354;2964
3127370;3054
3127388;3659
3127404;4220
3127503;5919
3127602;11687
3127701;263594
3127800;15026
3127909;1373
3128006;31266
3128105;13838
3128204;10223
3128253;4719
3128303;18714
3128402;8688
3128501;3932
3128600;6569
3128709;49491
3128808;7210
3128907;7290
3129004;8697
3129103;6137
3129202;6120
3129301;10331
3129400;5029
3129509;23265
3129608;7839
3129657;6155
3129707;12177
3129806;159026
3129905;3406
3130002;2866
3130051;10737
3130101;34879
3130200;9265
3130309;8031
3130408;5863
3130507;11488
3130556;6412
3130606;6904
3130655;7327
3130705;6181
3130804;2636
3130903;24269
3131000;5781
3131109;6729
3131158;16692
3131208;18169
3131307;239177
3131406;4106
3131505;9522
3131604;6464
3131703;109551
3131802;10692
3131901;45484
3132008;4982
3132107;17739
3132206;12371
3132305;11798
3132404;90679
3132503;32177
3132602;4079
3132701;22797
3132800;2283
3132909;10349
3133006;14007
3133105;14183
3133204;11850
3133303;21001
3133402;13669
3133501;21377
3133600;8673
3133709;9938
3133758;14950
3133808;85396
3133907;5798
3134004;14407
3134103;5836
3134202;97159
3134301;6139
3134400;34440
3134509;3913
3134608;17119
3134707;12134
3134806;7502
3134905;22797
3135001;2982
3135050;33587
3135076;5068
3135100;66803
3135209;65464
3135308;3950
3135357;8305
3135407;5396
3135456;7117
3135506;12845
3135605;8010
3135704;5153
3135803;24179
3135902;4768
3136009;14930
3136108;5427
3136207;73451
3136306;45260
3136405;4305
3136504;10319
3136520;4577
3136553;4376
3136579;4566
3136652;22221
3136702;517872
3136801;4110
3136900;9238
3136959;5708
3137007;16999
3137106;7598
3137205;45999
3137304;4227
3137403;12267
3137502;17136
3137536;8631
3137601;52526
3137700;19616
3137809;19569
3137908;3456
3138005;6465
3138104;6490
3138203;92171
3138302;3205
3138351;4814
3138401;51136
3138500;5347
3138609;16166
3138625;6890
3138658;8401
3138674;6236
3138682;6405
3138708;5425
3138807;17492
3138906;6974
3139003;38684
3139102;4898
3139201;18787
3139250;6321
3139300;19846
3139409;79635
3139508;21366
3139607;27115
3139805;11758
3139706;7156
3139904;14216
3140001;54179
3140100;4219
3140159;13214
3140209;2788
3140308;4021
3140407;2968
3140506;12589
3140530;7173
3140555;7880
3140605;4595
3140704;27856
3171501;3371
3140803;13435
3140852;9977
3140902;17639
3141009;12685
3141108;32973
3141207;3763
3141306;3444
3141405;21037
3141504;6329
3141603;10372
3141702;6072
3141801;30803
3141900;3840
3142007;13043
3142106;10251
3142205;13800
3142254;4561
3142304;4700
3142403;7028
3142502;2360
3142601;8168
3142700;15859
3142809;19616
3142908;22000
3143005;13061
3143104;45799
3143153;4664
3143203;21246
3143401;21203
3143302;361971
3143450;7472
3143500;8256
3143609;2661
3143708;3399
3143807;6257
3143906;100861
3144003;26672
3144102;20432
3144201;3154
3144300;40816
3144359;6341
3144375;3288
3144409;4650
3144508;7953
3144607;25721
3144656;9795
3144672;3732
3144706;17540
3144805;81162
3144904;3793
3145000;12823
3145059;7398
3145109;15373
3145208;73719
3136603;5554
3145307;30726
3145356;10342
3145372;4953
3145406;1981
3145455;5264
3145505;2533
3145604;39469
3145703;2123
3145802;3197
3145851;4486
3145877;7284
3145901;35260
3146008;31580
3146107;70227
3146206;6021
3146255;5834
3146305;18852
3146552;5934
3146404;4631
3146503;8015
3146602;1560
3146701;6545
3146750;6925
3146909;14171
3147105;84252
3147006;84687
3147204;20241
3147303;19392
3147402;22571
3147600;15584
3147709;8199
3147501;1766
3147808;2084
3147907;106313
3147956;5594
3148004;138836
3148103;82541
3148202;5298
3148301;9269
3148400;4918
3148509;8589
3148608;17270
3148707;23843
3148756;6673
3148806;3365
3148905;3878
3149002;2187
3149101;11467
3149150;10310
3149200;3490
3149309;58696
3149408;1789
3149507;3165
3149606;4075
3149705;8912
3149804;14391
3149903;20140
3149952;7030
3150000;4129
3150109;2844
3150158;7101
3150208;4063
3150307;4709
3150406;4645
3150505;8236
3150539;4420
3150570;7215
3150604;6406
3150703;4664
3150802;17230
3150901;5219
3151008;8016
3151107;10366
3151206;53379
3151305;10866
3151404;25339
3151503;31885
3151602;10393
3151701;15961
3151800;152496
3151909;8998
3152006;29083
3152105;57361
3152131;3966
3152170;11345
3152204;37638
3152303;10410
3152402;15668
3152501;130586
3152600;6213
3152709;8395
3152808;25805
3152907;8808
3153004;3285
3153103;5537
3153202;3907
3153301;2959
3153400;18546
3153608;9576
3153707;3315
3153806;1866
3153905;15345
3154002;23818
3154101;10301
3154150;6561
3154200;10918
3154309;17099
3154408;4686
3154457;8007
3154507;9360
3154606;296376
3154705;3826
3154804;9095
3154903;14198
3155108;5213
3155009;2468
3155207;6078
3155306;5267
3155405;8715
3155504;11898
3155603;29075
3155702;14167
3155801;17123
3155900;5292
3156007;13648
3156106;4931
3156205;2116
3156304;6863
3156403;3601
3156452;4242
3156502;7777
3156601;9908
3156700;126219
3156809;15707
3156908;23880
3157005;39182
3157104;6862
3157203;27850
3157252;7679
3157278;2789
3157302;4603
3157336;7870
3157377;4397
3157401;4996
3157500;4610
3157609;3979
3157658;6055
3157708;11343
3157807;203184
3157906;15011
3158003;10561
3158102;5293
3158201;14399
3159209;9031
3159407;3583
3159308;4996
3159357;6552
3159506;5700
3159605;37784
3159704;3224
3159803;18157
3158300;7239
3158409;3622
3158508;8004
3158607;3854
3158706;2235
3158805;4613
3158904;8603
3158953;27258
3159001;4023
3159100;3822
3159902;17349
3160009;3534
3160108;4090
3160207;4135
3160306;11780
3160405;25989
3160454;6938
3160504;1777
3160603;3240
3160702;46289
3160801;4577
3160900;3512
3160959;5396
3161007;17352
3161056;3382
3161106;53898
3161205;6487
3161304;5800
3161403;5184
3161502;10246
3161601;4389
3161650;3487
3161700;6252
3161809;10405
3161908;9782
3125507;3039
3162005;23909
3162104;31807
3162203;6890
3162252;4659
3162302;2732
3162401;25362
3162450;11715
3162500;84404
3162559;10245
3162575;5183
3162609;7874
3162658;4066
3162708;22334
3162807;15538
3162906;25062
3162922;25619
3162948;6778
3162955;19801
3163003;4075
3163102;4201
3163201;3996
3163300;3837
3163409;5636
3163508;6553
3163607;2592
3163706;41664
3163805;6750
3163904;5040
3164100;5570
3164001;8353
3164209;10285
3164308;6686
3164407;4948
3164431;2798
3164472;5739
3164506;10647
3164605;5805
3164704;65034
3164803;1616
3164902;2110
3165206;6655
3165008;10553
3165107;7093
3165305;7008
3165404;6241
3165503;5597
3165537;25798
3165560;2847
3165578;5225
3165602;1980
3165701;7230
3165800;1868
3165909;4574
3166006;5689
3166105;3493
3166204;10202
3166303;7125
3166402;1790
3166501;4220
3166600;815
3166808;10541
3166709;8419
3166907;7540
3166956;4425
3167004;1996
3167103;20833
3167202;214071
3165552;10885
3167301;2192
3167400;6029
3167509;2537
3167608;18302
3167707;5828
3167806;5678
3167905;4076
3168002;30894
3168051;3137
3168101;4102
3168200;1873
3168309;3792
3168408;14294
3168507;11346
3168606;134733
3168705;81119
3168804;7002
3168903;6906
3169000;15839
3169059;3950
3169109;5761
3169208;9542
3169307;72796
3169356;28315
3169406;53825
3169505;6291
3169604;24185
3169703;18046
3169802;4658
3169901;101466
3170008;11677
3170057;12040
3170107;296000
3170206;600285
3170305;2700
3170404;77590
3170438;4424
3170479;3238
3170503;10291
3170529;13605
3170578;6457
3170602;2163
3170651;4733
3170701;123120
3170750;6065
3170800;35804
3170909;19126
3171006;19721
3171030;8350
3171071;5533
3171105;3466
3171154;4689
3171204;104612
3171303;72244
3171402;3732
3171600;13625
3171709;8626
3171808;10572
3171907;5659
3172004;37952
3172103;5063
3172202;2553
