code_muni;POP_ESTIM
1100015.0;22945
1100023.0;107863
1100031.0;5312
1100049.0;85359
1100056.0;16323
1100064.0;15882
1100072.0;7391
1100080.0;18331
1100098.0;32374
1100106.0;46174
1100114.0;51775
1100122.0;128969
1100130.0;39991
1100148.0;20474
1100155.0;36035
1100189.0;36660
1100205.0;529544
1100254.0;18986
1100262.0;3764
1100288.0;55058
1100296.0;6495
1100304.0;99854
1100320.0;23005
1100338.0;30583
1100346.0;14411
1100379.0;13241
1100403.0;21428
1100452.0;39654
1100502.0;8538
1100601.0;6230
1100700.0;14139
1100809.0;26693
1100908.0;3052
1100924.0;11182
1100940.0;25215
1101005.0;7767
1101104.0;10458
1101203.0;9660
1101302.0;10947
1101401.0;15852
1101435.0;6970
1101450.0;6074
1101468.0;2169
1101476.0;2856
1101484.0;5172
1101492.0;20266
1101500.0;11856
1101559.0;4308
1101609.0;10444
1101708.0;11467
1101757.0;11204
1101807.0;6825
1200013.0;15256
1200054.0;7417
1200104.0;26278
1200138.0;10266
1200179.0;11733
1200203.0;88376
1200252.0;18411
1200302.0;34780
1200328.0;8317
1200336.0;18977
1200344.0;9459
1200351.0;18867
1200385.0;19761
1200393.0;11982
1200401.0;407319
1200427.0;18930
1200435.0;6540
1200450.0;23024
1200500.0;45848
1200609.0;42567
1200708.0;19323
1200807.0;18504
1300029.0;16041
1300060.0;11536
1300086.0;13614
1300102.0;21010
1300144.0;21973
1300201.0;19921
1300300.0;39565
1300409.0;27502
1300508.0;32041
1300607.0;42984
1300631.0;19679
1300680.0;19207
1300706.0;34308
1300805.0;41161
1300839.0;13081
1300904.0;15629
1301001.0;28294
1301100.0;37869
1301159.0;30225
1301209.0;85097
1301308.0;28637
1301407.0;35273
1301506.0;20033
1301605.0;17609
1301654.0;16678
1301704.0;55080
1301803.0;29689
1301852.0;48296
1301902.0;101337
1301951.0;7851
1302009.0;9148
1302108.0;2755
1302207.0;14712
1302306.0;14317
1302405.0;46069
1302504.0;97377
1302553.0;32105
1302603.0;2182763
1302702.0;55751
1302801.0;18224
1302900.0;63905
1303007.0;21173
1303106.0;37378
1303205.0;19454
1303304.0;25644
1303403.0;114273
1303502.0;19426
1303536.0;36279
1303569.0;33347
1303601.0;25156
1303700.0;21602
1303809.0;45564
1303908.0;39299
1303957.0;14020
1304005.0;9171
1304062.0;65844
1304104.0;17156
1304203.0;59849
1304237.0;18755
1304260.0;13540
1304302.0;16256
1304401.0;23065
1400027.0;12796
1400050.0;15510
1400100.0;399213
1400159.0;12409
1400175.0;18335
1400209.0;21926
1400233.0;10169
1400282.0;11950
1400308.0;17853
1400407.0;11290
1400456.0;17401
1400472.0;30163
1400506.0;8201
1400605.0;7986
1400704.0;10559
1500107.0;157698
1500131.0;7434
1500206.0;55591
1500305.0;39218
1500347.0;27430
1500404.0;56789
1500503.0;34109
1500602.0;114594
1500701.0;29277
1500800.0;530598
1500859.0;27890
1500909.0;45998
1500958.0;31338
1501006.0;16388
1501105.0;30673
1501204.0;47446
1501253.0;3286
1501303.0;124680
1501402.0;1492745
1501451.0;17732
1501501.0;62737
1501576.0;16981
1501600.0;16286
1501709.0;127686
1501725.0;15086
1501758.0;7380
1501782.0;66046
1501808.0;102701
1501907.0;29132
1501956.0;33900
1502004.0;23767
1502103.0;137890
1502152.0;37085
1502202.0;69027
1502301.0;54303
1502400.0;200793
1502509.0;23717
1502608.0;12085
1502707.0;47864
1502756.0;33318
1502764.0;13473
1502772.0;17929
1502806.0;34448
1502855.0;14393
1502905.0;40066
1502939.0;59719
1502954.0;33808
1503002.0;7194
1503044.0;20304
1503077.0;26066
1503093.0;40475
1503101.0;33376
1503200.0;38807
1503309.0;62698
1503408.0;11711
1503457.0;64053
1503507.0;32550
1503606.0;101247
1503705.0;53269
1503754.0;8239
1503804.0;59155
1503903.0;57943
1504000.0;28935
1504059.0;30077
1504109.0;8548
1504208.0;279349
1504307.0;29473
1504406.0;28336
1504422.0;131521
1504455.0;31597
1504505.0;27654
1504604.0;31136
1504703.0;82094
1504802.0;58032
1504901.0;40349
1504950.0;21368
1504976.0;16678
1505007.0;15363
1505031.0;25762
1505064.0;75919
1505106.0;52137
1505205.0;32512
1505304.0;73096
1505403.0;17842
1505437.0;32832
1505486.0;47706
1505494.0;7589
1505502.0;113145
1505536.0;208273
1505551.0;5483
1505601.0;8077
1505635.0;12981
1505650.0;30982
1505700.0;31082
1505809.0;62043
1505908.0;41135
1506005.0;29866
1506104.0;10825
1506112.0;13608
1506138.0;84787
1506161.0;18193
1506187.0;52357
1506195.0;50510
1506203.0;40675
1506302.0;23752
1506351.0;21079
1506401.0;10128
1506500.0;70801
1506559.0;19848
1506583.0;21449
1506609.0;24861
1506708.0;72817
1506807.0;304589
1506906.0;6709
1507003.0;31482
1507102.0;18050
1507151.0;25557
1507201.0;31989
1507300.0;128481
1507409.0;15882
1507458.0;24847
1507466.0;6139
1507474.0;23045
1507508.0;13996
1507607.0;58986
1507706.0;26640
1507755.0;5930
1507805.0;11658
1507904.0;25374
1507953.0;106339
1507961.0;11720
1507979.0;18769
1508001.0;63447
1508035.0;30959
1508050.0;18989
1508084.0;39602
1508100.0;113659
1508126.0;59210
1508159.0;45476
1508209.0;53686
1508308.0;61403
1508357.0;15134
1508407.0;44751
1600055.0;5397
1600105.0;9109
1600154.0;16502
1600204.0;11117
1600212.0;5983
1600238.0;7780
1600253.0;5503
1600279.0;50410
1600303.0;503327
1600402.0;21632
1600501.0;27270
1600535.0;21971
1600550.0;5120
1600600.0;121364
1600709.0;17315
1600808.0;15931
1700251.0;2579
1700301.0;6733
1700350.0;5390
1700400.0;7055
1700707.0;8412
1701002.0;9549
1701051.0;3433
1701101.0;4795
1701309.0;5758
1701903.0;7086
1702000.0;8517
1702109.0;180470
1702158.0;5729
1702208.0;35761
1702307.0;6643
1702406.0;10567
1702554.0;18412
1702703.0;3757
1702901.0;9756
1703008.0;10664
1703057.0;3553
1703073.0;4591
1703107.0;5632
1703206.0;4459
1703305.0;4894
1703602.0;2201
1703701.0;5497
1703800.0;11348
1703826.0;2275
1703842.0;10116
1703867.0;4382
1703883.0;2580
1703891.0;4095
1703909.0;5369
1704105.0;2905
1704600.0;1406
1705102.0;3333
1705508.0;35424
1705557.0;4852
1705607.0;4105
1706001.0;5588
1706100.0;7289
1706258.0;1722
1706506.0;6097
1707009.0;22139
1707108.0;6900
1707207.0;7198
1707306.0;4686
1707405.0;10996
1707553.0;3835
1707652.0;5263
1707702.0;8856
1708205.0;18440
1708254.0;2589
1708304.0;5123
1709005.0;13019
1709302.0;25923
1709500.0;86647
1709807.0;2015
1710508.0;7433
1710706.0;5864
1710904.0;3777
1711100.0;2427
1711506.0;3849
1711803.0;2193
1711902.0;13357
1711951.0;4316
1712009.0;3134
1712157.0;1923
1712405.0;3740
1712454.0;3108
1712504.0;5175
1712702.0;2684
1712801.0;3426
1713205.0;18248
1713304.0;13434
1713601.0;7947
1713700.0;2279
1713809.0;6658
1713957.0;3551
1714203.0;9244
1714302.0;3898
1714880.0;11819
1715002.0;4260
1715101.0;4342
1715150.0;2332
1715259.0;2722
1715507.0;1112
1715705.0;6026
1715754.0;7659
1716109.0;51252
1716208.0;10449
1716307.0;4849
1716505.0;13578
1716604.0;11749
1716653.0;5477
1716703.0;8205
1717008.0;4447
1717206.0;3028
1717503.0;7654
1717800.0;4596
1717909.0;8039
1718006.0;3139
1718204.0;53010
1718303.0;8432
1718402.0;3684
1718451.0;2688
1718501.0;4293
1718550.0;4645
1718659.0;2130
1718709.0;2834
1718758.0;6478
1718808.0;4711
1718840.0;3375
1718865.0;7512
1718881.0;3434
1718899.0;2365
1718907.0;4829
1719004.0;2866
1720002.0;2529
1720101.0;5324
1720150.0;1585
1720200.0;12139
1720259.0;3082
1720309.0;4805
1720499.0;3960
1720655.0;5403
1720804.0;9029
1720853.0;1966
1720903.0;16683
1720937.0;2148
1720978.0;2793
1721000.0;299127
1721109.0;7545
1721208.0;22870
1721257.0;1891
1721307.0;2671
1722081.0;11683
1722107.0;11540
2100055.0;112445
2100105.0;6524
2100154.0;12571
2100204.0;22097
2100303.0;26532
2100402.0;8128
2100436.0;27053
2100477.0;31919
2100501.0;11190
2100550.0;6962
2100600.0;41435
2100709.0;26803
2100808.0;15732
2100832.0;17239
2100873.0;15426
2100907.0;46440
2100956.0;32701
2101004.0;29848
2101103.0;12130
2101202.0;104949
2101251.0;17055
2101301.0;18582
2101350.0;5644
2101400.0;94887
2101509.0;18820
2101608.0;88212
2101707.0;62528
2101731.0;7469
2101772.0;11209
2101806.0;5632
2101905.0;21280
2101939.0;6043
2101970.0;9287
2102002.0;41630
2102036.0;34028
2102077.0;16294
2102101.0;36397
2102150.0;9188
2102200.0;28678
2102309.0;23884
2102325.0;72358
2102358.0;15430
2102374.0;9431
2102408.0;11177
2102507.0;19379
2102556.0;14374
2102606.0;20178
2102705.0;21995
2102754.0;10934
2102804.0;24322
2102903.0;23807
2103000.0;164880
2103109.0;10675
2103125.0;8673
2103158.0;13458
2103174.0;21622
2103208.0;79675
2103257.0;14697
2103307.0;122859
2103406.0;49435
2103505.0;41178
2103554.0;16237
2103604.0;65296
2103703.0;32695
2103752.0;12908
2103802.0;23350
2103901.0;11349
2104008.0;17241
2104057.0;41946
2104073.0;8504
2104081.0;10360
2104099.0;19089
2104107.0;12631
2104206.0;15552
2104305.0;11819
2104404.0;17934
2104503.0;10840
2104552.0;18296
2104602.0;16828
2104628.0;7807
2104651.0;10180
2104677.0;25577
2104701.0;6262
2104800.0;69527
2104909.0;12030
2105005.0;28717
2105104.0;27113
2105153.0;14177
2105203.0;11320
2105302.0;258682
2105351.0;16057
2105401.0;68203
2105427.0;26000
2105450.0;10153
2105476.0;16515
2105500.0;23632
2105609.0;16168
2105658.0;3432
2105708.0;50266
2105807.0;10840
2105906.0;16257
2105922.0;11250
2105948.0;8873
2105963.0;11394
2105989.0;7550
2106003.0;11893
2106102.0;12157
2106201.0;6951
2106300.0;19826
2106326.0;21395
2106359.0;7792
2106375.0;16265
2106409.0;16829
2106508.0;23370
2106607.0;33782
2106631.0;16745
2106672.0;8464
2106706.0;21015
2106755.0;28381
2106805.0;14962
2106904.0;33434
2107001.0;9160
2107100.0;19433
2107209.0;14454
2107258.0;5384
2107308.0;4683
2107357.0;20928
2107407.0;19505
2107456.0;14701
2107506.0;122197
2107605.0;19722
2107704.0;21386
2107803.0;34907
2107902.0;19019
2108009.0;19472
2108058.0;16035
2108108.0;21040
2108207.0;39229
2108256.0;25144
2108306.0;38470
2108405.0;14318
2108454.0;23196
2108504.0;32941
2108603.0;83387
2108702.0;21485
2108801.0;18625
2108900.0;17873
2109007.0;23885
2109056.0;5975
2109106.0;47804
2109205.0;12734
2109239.0;7015
2109270.0;18918
2109304.0;11193
2109403.0;15315
2109452.0;30761
2109502.0;20195
2109551.0;7791
2109601.0;42740
2109700.0;5671
2109759.0;7773
2109809.0;42130
2109908.0;89044
2110005.0;72667
2110039.0;25254
2110104.0;25642
2110203.0;37855
2110237.0;13386
2110278.0;15846
2110302.0;14528
2110401.0;18663
2110500.0;45211
2110609.0;28507
2110658.0;7392
2110708.0;34376
2110807.0;4585
2110856.0;11798
2110906.0;12210
2111003.0;20665
2111029.0;15808
2111052.0;11177
2111078.0;18543
2111102.0;25929
2111201.0;177687
2111250.0;7641
2111300.0;1101884
2111409.0;18856
2111508.0;41529
2111532.0;12690
2111573.0;4668
2111607.0;18868
2111631.0;5237
2111672.0;6719
2111706.0;22247
2111722.0;13914
2111748.0;11141
2111763.0;14293
2111789.0;10253
2111805.0;18081
2111904.0;10636
2111953.0;5660
2112001.0;8521
2112100.0;29124
2112209.0;169107
2112233.0;21998
2112274.0;5840
2112308.0;41832
2112407.0;35604
2112456.0;25619
2112506.0;58860
2112605.0;33122
2112704.0;56510
2112803.0;52441
2112852.0;13392
2112902.0;32764
2113009.0;31523
2114007.0;51714
2200053.0;7084
2200103.0;5139
2200202.0;17411
2200251.0;7651
2200277.0;4915
2200301.0;14304
2200400.0;40524
2200459.0;5419
2200509.0;17598
2200608.0;6788
2200707.0;9880
2200806.0;3164
2200905.0;5835
2200954.0;2551
2201002.0;4727
2201051.0;7846
2201101.0;11289
2201150.0;11586
2201176.0;3951
2201200.0;47066
2201309.0;3348
2201408.0;7032
2201507.0;26857
2201556.0;4015
2201572.0;3566
2201606.0;10467
2201705.0;5501
2201739.0;6205
2201770.0;6781
2201804.0;4500
2201903.0;25179
2201919.0;5630
2201929.0;5670
2201945.0;6407
2201960.0;8329
2201988.0;3875
2202000.0;19781
2202026.0;8244
2202059.0;10586
2202075.0;3559
2202083.0;7642
2202091.0;5776
2202109.0;5613
2202117.0;5045
2202133.0;5943
2202174.0;7279
2202208.0;46833
2202251.0;3950
2202307.0;21187
2202406.0;11417
2202455.0;4100
2202505.0;10916
2202539.0;5868
2202554.0;5067
2202604.0;19716
2202653.0;5424
2202703.0;27787
2202711.0;4891
2202729.0;6153
2202737.0;4020
2202752.0;6484
2202778.0;7656
2202802.0;4803
2202851.0;4682
2202901.0;26644
2203008.0;8294
2203107.0;10423
2203206.0;11388
2203230.0;4954
2203255.0;4443
2203271.0;5343
2203305.0;13817
2203354.0;7011
2203404.0;6904
2203420.0;4355
2203453.0;9556
2203503.0;14602
2203602.0;4915
2203701.0;39737
2203750.0;5307
2203800.0;4463
2203859.0;2558
2203909.0;59935
2204006.0;5348
2204105.0;4348
2204154.0;3184
2204204.0;9319
2204303.0;11625
2204352.0;5442
2204402.0;10690
2204501.0;10499
2204550.0;4562
2204600.0;3877
2204659.0;9426
2204709.0;15308
2204808.0;9811
2204907.0;8549
2205003.0;11530
2205102.0;11019
2205151.0;5741
2205201.0;19104
2205250.0;4504
2205276.0;4865
2205300.0;4452
2205359.0;3008
2205409.0;14354
2205458.0;5443
2205508.0;39208
2205516.0;5478
2205524.0;5627
2205532.0;4763
2205540.0;2845
2205557.0;8542
2205565.0;4655
2205573.0;6758
2205581.0;4064
2205599.0;5177
2205607.0;5295
2205706.0;30311
2205805.0;25486
2205854.0;8310
2205904.0;5349
2205953.0;8492
2206001.0;4549
2206050.0;6441
2206100.0;10936
2206209.0;33760
2206308.0;1246
2206357.0;6613
2206407.0;10564
2206506.0;7749
2206605.0;10613
2206654.0;4532
2206670.0;6796
2206696.0;9159
2206704.0;7339
2206720.0;8570
2206753.0;4870
2206803.0;8692
2206902.0;6565
2206951.0;2991
2207009.0;37029
2207108.0;2459
2207207.0;6868
2207306.0;4129
2207355.0;3389
2207405.0;5043
2207504.0;14539
2207553.0;3945
2207603.0;10791
2207702.0;153078
2207751.0;4313
2207777.0;6392
2207793.0;4045
2207801.0;20523
2207850.0;3677
2207900.0;38742
2207934.0;2536
2207959.0;4374
2208007.0;78222
2208106.0;12127
2208205.0;18425
2208304.0;28791
2208403.0;63742
2208502.0;12568
2208551.0;2710
2208601.0;3151
2208650.0;8992
2208700.0;8778
2208809.0;17978
2208858.0;4312
2208874.0;4477
2208908.0;7341
2209005.0;6432
2209104.0;6240
2209153.0;4019
2209203.0;6253
2209302.0;5860
2209351.0;4634
2209377.0;5257
2209401.0;6415
2209450.0;2161
2209500.0;3798
2209559.0;4448
2209609.0;2942
2209658.0;5755
2209708.0;6423
2209757.0;3041
2209807.0;5015
2209856.0;4608
2209872.0;6042
2209906.0;6139
2209955.0;4840
2209971.0;7989
2210003.0;20601
2210052.0;5346
2210102.0;3745
2210201.0;6705
2210300.0;6363
2210359.0;4573
2210375.0;2644
2210383.0;2452
2210391.0;3039
2210409.0;17662
2210508.0;14291
2210607.0;34710
2210623.0;3469
2210631.0;4294
2210656.0;10041
2210706.0;14633
2210805.0;12711
2210904.0;4569
2210938.0;6730
2210953.0;2919
2210979.0;2765
2211001.0;864845
2211100.0;44485
2211209.0;21558
2211308.0;20918
2211357.0;4947
2211407.0;4391
2211506.0;3077
2211605.0;2971
2211704.0;4462
2300101.0;11737
2300150.0;14929
2300200.0;62641
2300309.0;54270
2300408.0;17399
2300507.0;11714
2300606.0;7586
2300705.0;17146
2300754.0;43452
2300804.0;7353
2300903.0;14600
2301000.0;80271
2301109.0;74547
2301208.0;26469
2301257.0;10935
2301307.0;21600
2301406.0;11847
2301505.0;7840
2301604.0;23417
2301703.0;24654
2301802.0;6288
2301851.0;18197
2301901.0;60781
2301950.0;22425
2302008.0;22680
2302057.0;15017
2302107.0;35750
2302206.0;53573
2302305.0;32591
2302404.0;54470
2302503.0;49477
2302602.0;63661
2302701.0;27426
2302800.0;76997
2302909.0;17738
2303006.0;22547
2303105.0;18448
2303204.0;26965
2303303.0;18699
2303402.0;17606
2303501.0;71743
2303600.0;20698
2303659.0;10342
2303709.0;361400
2303808.0;25557
2303907.0;13069
2303931.0;13521
2303956.0;20264
2304004.0;23136
2304103.0;75074
2304202.0;132123
2304236.0;18063
2304251.0;24827
2304269.0;9625
2304277.0;7198
2304285.0;53618
2304301.0;19450
2304350.0;24218
2304400.0;2669342
2304459.0;16480
2304509.0;14072
2304608.0;7618
2304657.0;14399
2304707.0;54748
2304806.0;4844
2304905.0;11068
2304954.0;26064
2305001.0;40642
2305100.0;5193
2305209.0;19978
2305233.0;67337
2305266.0;13353
2305308.0;24997
2305332.0;12525
2305357.0;19934
2305407.0;68018
2305506.0;102498
2305605.0;26178
2305654.0;11593
2305704.0;12463
2305803.0;41964
2305902.0;38166
2306009.0;14297
2306108.0;24156
2306207.0;7827
2306256.0;37980
2306306.0;52675
2306405.0;129358
2306504.0;20382
2306553.0;41826
2306603.0;21647
2306702.0;18162
2306801.0;11401
2306900.0;34682
2307007.0;33705
2307106.0;27174
2307205.0;8111
2307254.0;19816
2307304.0;274207
2307403.0;24833
2307502.0;31508
2307601.0;59540
2307635.0;19691
2307650.0;227886
2307700.0;128978
2307809.0;27361
2307908.0;11233
2308005.0;38737
2308104.0;47962
2308203.0;15057
2308302.0;27512
2308351.0;13155
2308377.0;13818
2308401.0;35393
2308500.0;43797
2308609.0;17234
2308708.0;61890
2308807.0;8724
2308906.0;22534
2309003.0;14537
2309102.0;10823
2309201.0;15565
2309300.0;32328
2309409.0;28607
2309458.0;25703
2309508.0;21427
2309607.0;72203
2309706.0;83432
2309805.0;12261
2309904.0;6533
2310001.0;9386
2310100.0;13322
2310209.0;35076
2310258.0;32744
2310308.0;31521
2310407.0;12226
2310506.0;43258
2310605.0;9077
2310704.0;37751
2310803.0;16307
2310852.0;20567
2310902.0;16959
2310951.0;10951
2311009.0;12336
2311108.0;14996
2311207.0;11045
2311231.0;6419
2311264.0;21084
2311306.0;87728
2311355.0;16178
2311405.0;81082
2311504.0;22149
2311603.0;29053
2311702.0;18491
2311801.0;78194
2311900.0;15819
2311959.0;16554
2312007.0;32452
2312106.0;17700
2312205.0;43703
2312304.0;47903
2312403.0;48422
2312502.0;7645
2312601.0;13000
2312700.0;25496
2312809.0;7623
2312908.0;208935
2313005.0;18324
2313104.0;30697
2313203.0;26251
2313252.0;8592
2313302.0;58859
2313351.0;19187
2313401.0;75946
2313500.0;55918
2313559.0;16271
2313609.0;34792
2313708.0;7733
2313757.0;19825
2313807.0;21850
2313906.0;13840
2313955.0;18420
2314003.0;40721
2314102.0;60889
2400109.0;11136
2400208.0;58017
2400307.0;11035
2400406.0;3252
2400505.0;13577
2400604.0;4735
2400703.0;14529
2400802.0;11714
2400901.0;7145
2401008.0;35845
2401107.0;27774
2401206.0;14306
2401305.0;9655
2401404.0;9271
2401453.0;28374
2401503.0;3998
2401602.0;5497
2401651.0;2223
2401701.0;10210
2401800.0;12699
2401859.0;6549
2401909.0;3684
2402006.0;67952
2402105.0;11217
2402204.0;34276
2402303.0;20493
2402402.0;8180
2402501.0;10759
2402600.0;73497
2402709.0;11179
2402808.0;5506
2402907.0;4912
2403004.0;7998
2403103.0;44786
2403202.0;7076
2403251.0;261469
2403301.0;5638
2403400.0;6045
2403509.0;10505
2403608.0;28583
2403707.0;5985
2403756.0;3054
2403806.0;9116
2403905.0;2824
2404002.0;4068
2404101.0;2786
2404200.0;26328
2404309.0;13037
2404408.0;10383
2404507.0;15659
2404606.0;13766
2404705.0;15491
2404804.0;2241
2404853.0;7548
2404903.0;5878
2405009.0;9133
2405108.0;6878
2405207.0;5268
2405306.0;10181
2405405.0;5055
2405504.0;2612
2405603.0;14837
2405702.0;12396
2405801.0;34955
2405900.0;2654
2406007.0;5951
2406106.0;18295
2406155.0;3898
2406205.0;6769
2406304.0;7544
2406403.0;2732
2406502.0;15614
2406601.0;8245
2406700.0;11277
2406809.0;4759
2406908.0;3996
2407005.0;10116
2407104.0;80792
2407203.0;31814
2407252.0;4020
2407302.0;8347
2407401.0;8725
2407500.0;12371
2407609.0;4601
2407708.0;11251
2407807.0;22451
2407906.0;2105
2408003.0;297378
2408102.0;884122
2408201.0;27602
2408300.0;37343
2408409.0;4258
2408508.0;4812
2408607.0;4254
2408706.0;3768
2408805.0;5237
2408904.0;21477
2408953.0;10848
2409100.0;13277
2409209.0;3089
2409308.0;12755
2409332.0;5551
2409407.0;30394
2409506.0;3237
2409605.0;2458
2409704.0;6716
2409803.0;14806
2409902.0;15129
2410009.0;3838
2410108.0;15413
2410207.0;7867
2410256.0;6437
2410306.0;10395
2410405.0;9621
2410504.0;5098
2410603.0;3201
2410702.0;3579
2410801.0;4204
2410900.0;8128
2411007.0;4467
2411056.0;4106
2411106.0;3600
2411205.0;39674
2411403.0;12791
2411429.0;2680
2411502.0;24136
2411601.0;2747
2411700.0;4449
2411809.0;3584
2411908.0;4228
2412005.0;102400
2412104.0;6193
2412203.0;43899
2412302.0;12856
2412401.0;4634
2412500.0;23519
2412559.0;10282
2412609.0;17579
2412708.0;5971
2412807.0;8202
2412906.0;11055
2413003.0;6424
2413102.0;6086
2413201.0;4440
2413300.0;5762
2413359.0;11938
2413409.0;8078
2413508.0;6229
2413557.0;4800
2413607.0;2440
2413706.0;5522
2413805.0;2566
2413904.0;12279
2414001.0;15727
2414100.0;10786
2414159.0;5952
2414209.0;14180
2414308.0;2414
2414407.0;33287
2414456.0;3237
2414506.0;10555
2414605.0;14659
2414704.0;5500
2414753.0;4177
2414803.0;12481
2414902.0;1718
2415008.0;3170
2500106.0;10234
2500205.0;5640
2500304.0;28496
2500403.0;20849
2500502.0;14489
2500536.0;5492
2500577.0;2567
2500601.0;19588
2500700.0;18034
2500734.0;2238
2500775.0;8347
2500809.0;16987
2500908.0;13470
2501005.0;20312
2501104.0;22819
2501153.0;2128
2501203.0;6998
2501302.0;19153
2501351.0;3990
2501401.0;8993
2501500.0;21318
2501534.0;4892
2501575.0;8359
2501609.0;15384
2501708.0;6036
2501807.0;96880
2501906.0;17676
2502003.0;7342
2502052.0;3501
2502102.0;5366
2502151.0;7051
2502201.0;2561
2502300.0;4975
2502409.0;11917
2502508.0;17804
2502607.0;6117
2502706.0;5263
2502805.0;14122
2502904.0;6449
2503001.0;21828
2503100.0;5611
2503209.0;67736
2503308.0;10244
2503407.0;3682
2503506.0;17187
2503555.0;7173
2503605.0;7201
2503704.0;61993
2503753.0;3193
2503803.0;6014
2503902.0;6013
2504009.0;409731
2504033.0;6523
2504074.0;4162
2504108.0;2659
2504157.0;7468
2504207.0;4932
2504306.0;30546
2504355.0;4852
2504405.0;18982
2504504.0;6654
2504603.0;24670
2504702.0;4786
2504801.0;15445
2504850.0;1921
2504900.0;17319
2505006.0;7797
2505105.0;20338
2505204.0;6803
2505238.0;6353
2505279.0;5227
2505303.0;2516
2505352.0;5330
2505402.0;8297
2505501.0;3798
2505600.0;6552
2505709.0;10453
2505808.0;3596
2505907.0;3522
2506004.0;33007
2506103.0;11253
2506202.0;2989
2506251.0;8316
2506301.0;58833
2506400.0;14129
2506509.0;3428
2506608.0;5929
2506707.0;11819
2506806.0;18103
2506905.0;24477
2507002.0;24692
2507101.0;18664
2507200.0;10962
2507309.0;14431
2507408.0;7739
2507507.0;809015
2507606.0;7936
2507705.0;18171
2507804.0;7150
2507903.0;10756
2508000.0;9867
2508109.0;4666
2508208.0;7719
2508307.0;27503
2508406.0;2737
2508505.0;7256
2508554.0;4332
2508604.0;13080
2508703.0;4009
2508802.0;5759
2508901.0;44882
2509008.0;10955
2509057.0;8558
2509107.0;21837
2509156.0;6617
2509206.0;13918
2509305.0;8434
2509339.0;4500
2509370.0;2908
2509396.0;6569
2509404.0;13284
2509503.0;5669
2509602.0;4816
2509701.0;33222
2509800.0;9902
2509909.0;10454
2510006.0;7301
2510105.0;10638
2510204.0;5949
2510303.0;4906
2510402.0;6526
2510501.0;3932
2510600.0;3039
2510659.0;1771
2510709.0;2419
2510808.0;107605
2510907.0;12347
2511004.0;3801
2511103.0;7843
2511202.0;28458
2511301.0;16075
2511400.0;18703
2511509.0;11917
2511608.0;6635
2511707.0;4976
2511806.0;10579
2511905.0;19065
2512002.0;18564
2512036.0;3888
2512077.0;4307
2512101.0;32801
2512200.0;4209
2512309.0;23345
2512408.0;13680
2512507.0;43967
2512606.0;1956
2512705.0;19621
2512721.0;6089
2512747.0;3588
2512754.0;4521
2512762.0;4509
2512788.0;1948
2512804.0;8526
2512903.0;24176
2513000.0;3885
2513109.0;12140
2513158.0;6558
2513208.0;6583
2513307.0;5889
2513356.0;3595
2513406.0;15382
2513505.0;5162
2513604.0;7031
2513653.0;2636
2513703.0;136586
2513802.0;4573
2513851.0;2521
2513901.0;34031
2513927.0;4529
2513943.0;2615
2513968.0;3073
2513984.0;3392
2514008.0;4199
2514107.0;4422
2514206.0;7630
2514305.0;6359
2514404.0;4682
2514453.0;5957
2514503.0;20251
2514552.0;4003
2514602.0;3557
2514651.0;1801
2514701.0;4141
2514800.0;3628
2514909.0;7724
2515005.0;7368
2515104.0;11661
2515203.0;3489
2515302.0;52625
2515401.0;10775
2515500.0;13699
2515609.0;3148
2515708.0;2909
2515807.0;7041
2515906.0;6099
2515930.0;5024
2515971.0;7783
2516003.0;26407
2516102.0;14989
2516151.0;3555
2516201.0;69444
2516300.0;16966
2516409.0;10911
2516508.0;15376
2516607.0;14726
2516706.0;15161
2516755.0;3058
2516805.0;9455
2516904.0;15242
2517001.0;9907
2517100.0;2810
2517209.0;5348
2517407.0;2240
2600054.0;99990
2600104.0;37259
2600203.0;19635
2600302.0;24885
2600401.0;36771
2600500.0;43443
2600609.0;14636
2600708.0;38386
2600807.0;22972
2600906.0;22829
2601003.0;11150
2601052.0;20524
2601102.0;84418
2601201.0;74338
2601300.0;14385
2601409.0;42659
2601508.0;12073
2601607.0;20729
2601706.0;76439
2601805.0;12719
2601904.0;60798
2602001.0;38146
2602100.0;48554
2602209.0;39184
2602308.0;38134
2602407.0;8993
2602506.0;7487
2602605.0;50742
2602704.0;13155
2602803.0;58378
2602902.0;207048
2603009.0;34221
2603108.0;20380
2603207.0;28739
2603306.0;11053
2603405.0;5750
2603454.0;157828
2603504.0;18765
2603603.0;8551
2603702.0;24804
2603801.0;20048
2603900.0;19551
2603926.0;12932
2604007.0;83641
2604106.0;361118
2604155.0;14341
2604205.0;42892
2604304.0;11807
2604403.0;13518
2604502.0;21698
2604601.0;26421
2604700.0;18207
2604809.0;12578
2604908.0;10906
2605004.0;24107
2605103.0;37111
2605152.0;18908
2605202.0;68875
2605301.0;31825
2605400.0;22131
2605459.0;3061
2605509.0;12123
2605608.0;22624
2605707.0;32873
2605806.0;15457
2605905.0;31052
2606002.0;139788
2606101.0;30604
2606200.0;79758
2606309.0;7486
2606408.0;84074
2606507.0;19197
2606606.0;29235
2606705.0;7762
2606804.0;117019
2606903.0;12228
2607000.0;23247
2607109.0;4548
2607208.0;96204
2607307.0;30854
2607406.0;4918
2607505.0;26349
2607604.0;26258
2607653.0;36447
2607703.0;13616
2607752.0;26651
2607802.0;16955
2607901.0;702298
2607950.0;11656
2608008.0;17150
2608057.0;14796
2608107.0;33822
2608206.0;16023
2608255.0;11424
2608305.0;14836
2608404.0;15378
2608453.0;18071
2608503.0;21429
2608602.0;13145
2608701.0;16290
2608750.0;25601
2608800.0;40288
2608909.0;56250
2609006.0;25376
2609105.0;16088
2609154.0;21434
2609204.0;11345
2609303.0;15390
2609402.0;62784
2609501.0;32471
2609600.0;392482
2609709.0;23884
2609808.0;14991
2609907.0;69459
2610004.0;63250
2610103.0;7693
2610202.0;26474
2610301.0;11523
2610400.0;22010
2610509.0;28933
2610608.0;56506
2610707.0;331774
2610806.0;22617
2610905.0;67395
2611002.0;36548
2611101.0;349145
2611200.0;11302
2611309.0;27091
2611408.0;14966
2611507.0;26037
2611533.0;6813
2611606.0;1645727
2611705.0;20546
2611804.0;47415
2611903.0;23535
2612000.0;9932
2612109.0;10919
2612208.0;60930
2612307.0;15843
2612406.0;26462
2612455.0;15398
2612471.0;12592
2612505.0;107937
2612554.0;14477
2612604.0;41931
2612703.0;14137
2612802.0;11815
2612901.0;15895
2613008.0;59504
2613107.0;37245
2613206.0;22793
2613305.0;21356
2613404.0;21298
2613503.0;33959
2613602.0;33951
2613701.0;113230
2613800.0;18018
2613909.0;86350
2614006.0;19165
2614105.0;35907
2614204.0;45865
2614303.0;11270
2614402.0;6007
2614501.0;65089
2614600.0;28534
2614709.0;12874
2614808.0;25765
2614857.0;23388
2615003.0;28775
2615102.0;7169
2615201.0;10096
2615300.0;53022
2615409.0;45219
2615508.0;13769
2615607.0;30521
2615706.0;15254
2615805.0;27304
2615904.0;8202
2616001.0;18482
2616100.0;9534
2616183.0;7618
2616209.0;20731
2616308.0;32643
2616407.0;138757
2616506.0;14725
2700102.0;20196
2700201.0;17545
2700300.0;231747
2700409.0;47185
2700508.0;15932
2700607.0;8322
2700706.0;18232
2700805.0;4344
2700904.0;6704
2701001.0;27281
2701100.0;10494
2701209.0;10858
2701308.0;21264
2701357.0;6936
2701407.0;57063
2701506.0;9558
2701605.0;17722
2701704.0;17053
2701803.0;9081
2701902.0;7311
2702009.0;10693
2702108.0;21698
2702207.0;5845
2702306.0;56933
2702355.0;24219
2702405.0;52016
2702504.0;11075
2702553.0;18205
2702603.0;22166
2702702.0;4754
2702801.0;12790
2702900.0;40917
2703007.0;15616
2703106.0;25631
2703205.0;24499
2703304.0;18385
2703403.0;5253
2703502.0;7021
2703601.0;8361
2703700.0;5770
2703759.0;11580
2703809.0;23993
2703908.0;4155
2704005.0;24727
2704104.0;17852
2704203.0;28635
2704302.0;1018948
2704401.0;19804
2704500.0;32704
2704609.0;9163
2704708.0;51901
2704807.0;13264
2704906.0;3514
2705002.0;25216
2705101.0;24642
2705200.0;17856
2705309.0;5329
2705408.0;7159
2705507.0;28236
2705606.0;12690
2705705.0;21688
2705804.0;9373
2705903.0;5123
2706000.0;11624
2706109.0;11496
2706208.0;5011
2706307.0;73218
2706406.0;24399
2706422.0;10533
2706448.0;13176
2706505.0;15245
2706604.0;7564
2706703.0;63683
2706802.0;17827
2706901.0;35111
2707008.0;2908
2707107.0;25039
2707206.0;14386
2707305.0;27165
2707404.0;7786
2707503.0;20066
2707602.0;11294
2707701.0;75120
2707800.0;6664
2707909.0;7296
2708006.0;47654
2708105.0;10740
2708204.0;6961
2708303.0;23927
2708402.0;32260
2708501.0;34555
2708600.0;61251
2708709.0;7951
2708808.0;34152
2708907.0;13828
2708956.0;13870
2709004.0;6162
2709103.0;19980
2709152.0;44169
2709202.0;27715
2709301.0;65611
2709400.0;25733
2800100.0;2374
2800209.0;21563
2800308.0;657013
2800407.0;10056
2800506.0;18542
2800605.0;30407
2800670.0;26816
2800704.0;8309
2801009.0;18109
2801108.0;4008
2801207.0;29900
2801306.0;34213
2801405.0;22082
2801504.0;16634
2801603.0;5897
2801702.0;17874
2801900.0;3987
2802007.0;5138
2802106.0;69184
2802205.0;5584
2802304.0;15421
2802403.0;11604
2802502.0;3346
2802601.0;5818
2802700.0;8520
2802809.0;17957
2802908.0;95427
2803005.0;41928
2803104.0;4903
2803203.0;34356
2803302.0;18743
2803401.0;13434
2803500.0;104408
2803609.0;29826
2803708.0;6919
2803807.0;3682
2803906.0;12618
2804003.0;17213
2804102.0;11335
2804201.0;15031
2804300.0;7625
2804409.0;18719
2804458.0;8796
2804508.0;36924
2804607.0;26629
2804706.0;6483
2804805.0;183628
2804904.0;14428
2805000.0;3261
2805109.0;9602
2805208.0;6576
2805307.0;9280
2805406.0;34775
2805505.0;23728
2805604.0;28596
2805703.0;29626
2805802.0;19805
2805901.0;10213
2806008.0;18652
2806107.0;10855
2806206.0;19998
2806305.0;14035
2806404.0;7780
2806503.0;3913
2806602.0;12102
2806701.0;90072
2806800.0;11137
2806909.0;3724
2807006.0;3930
2807105.0;40484
2807204.0;8893
2807303.0;3227
2807402.0;52191
2807501.0;13536
2807600.0;25294
2900108.0;8739
2900207.0;20086
2900306.0;15159
2900355.0;17040
2900405.0;16970
2900504.0;10610
2900603.0;4446
2900702.0;151596
2900801.0;22470
2900900.0;5464
2901007.0;37241
2901106.0;25102
2901155.0;16094
2901205.0;22005
2901304.0;13143
2901353.0;14595
2901403.0;13977
2901502.0;11221
2901601.0;19291
2901700.0;11683
2901809.0;11798
2901908.0;17731
2901957.0;7330
2902005.0;13135
2902054.0;12177
2902104.0;54379
2902203.0;11397
2902252.0;11019
2902302.0;8825
2902401.0;11531
2902500.0;13877
2902609.0;20468
2902658.0;13229
2902708.0;53578
2902807.0;20598
2902906.0;31603
2903003.0;13865
2903102.0;5714
2903201.0;155439
2903235.0;14931
2903276.0;15978
2903300.0;5591
2903409.0;23328
2903508.0;17211
2903607.0;15979
2903706.0;12633
2903805.0;18576
2903904.0;69148
2903953.0;9880
2904001.0;14368
2904050.0;16764
2904100.0;21508
2904209.0;10211
2904308.0;14295
2904407.0;10557
2904506.0;10231
2904605.0;67195
2904704.0;18349
2904753.0;21174
2904803.0;6758
2904852.0;18807
2904902.0;33470
2905008.0;23170
2905107.0;9213
2905156.0;14542
2905206.0;50975
2905305.0;18437
2905404.0;18176
2905503.0;13327
2905602.0;31988
2905701.0;299132
2905800.0;35316
2905909.0;28798
2906006.0;71206
2906105.0;9711
2906204.0;26176
2906303.0;31099
2906402.0;8258
2906501.0;87076
2906600.0;14319
2906709.0;25189
2906808.0;34834
2906824.0;16668
2906857.0;11637
2906873.0;30662
2906899.0;8951
2906907.0;22016
2907004.0;9295
2907103.0;29018
2907202.0;71969
2907301.0;26264
2907400.0;3577
2907509.0;54704
2907558.0;9329
2907608.0;17266
2907707.0;11177
2907806.0;32515
2907905.0;17300
2908002.0;16993
2908101.0;18777
2908200.0;22581
2908309.0;17247
2908408.0;66612
2908507.0;33153
2908606.0;25837
2908705.0;17247
2908804.0;4066
2908903.0;22605
2909000.0;8614
2909109.0;14194
2909208.0;15895
2909307.0;32137
2909406.0;13782
2909505.0;5349
2909604.0;21103
2909703.0;13910
2909802.0;63239
2909901.0;34700
2910008.0;10710
2910057.0;81089
2910107.0;12199
2910206.0;4058
2910305.0;8122
2910404.0;17006
2910503.0;41780
2910602.0;37237
2910701.0;60585
2910727.0;113380
2910750.0;17890
2910776.0;5665
2910800.0;614872
2910859.0;16377
2910909.0;5617
2911006.0;10629
2911105.0;25591
2911204.0;32403
2911253.0;4463
2911303.0;11233
2911402.0;15221
2911501.0;7128
2911600.0;20722
2911659.0;6937
2911709.0;84481
2911808.0;20843
2911857.0;13031
2911907.0;24305
2912004.0;9224
2912103.0;21689
2912202.0;19571
2912301.0;16198
2912400.0;18211
2912509.0;14902
2912608.0;4044
2912707.0;23375
2912806.0;8637
2912905.0;15312
2913002.0;16339
2913101.0;17113
2913200.0;26927
2913309.0;6206
2913408.0;15640
2913457.0;13226
2913507.0;26916
2913606.0;162327
2913705.0;39926
2913804.0;14487
2913903.0;45873
2914000.0;59595
2914109.0;9865
2914208.0;7260
2914307.0;8537
2914406.0;25216
2914505.0;29034
2914604.0;72967
2914653.0;30584
2914703.0;64489
2914802.0;213223
2914901.0;28296
2915007.0;16056
2915106.0;12351
2915205.0;14579
2915304.0;6869
2915353.0;14429
2915403.0;6682
2915502.0;20491
2915601.0;64486
2915700.0;8035
2915809.0;23049
2915908.0;6441
2916005.0;19405
2916104.0;22228
2916203.0;8761
2916302.0;10259
2916401.0;76147
2916500.0;35576
2916609.0;10313
2916708.0;8319
2916807.0;19747
2916856.0;14487
2916906.0;12576
2917003.0;36089
2917102.0;20382
2917201.0;18962
2917300.0;28602
2917334.0;10994
2917359.0;8385
2917409.0;14842
2917508.0;80518
2917607.0;54423
2917706.0;33570
2917805.0;18788
2917904.0;10709
2918001.0;155966
2918100.0;40463
2918209.0;14537
2918308.0;11166
2918357.0;25188
2918407.0;216707
2918456.0;9126
2918506.0;15284
2918555.0;5833
2918605.0;6186
2918704.0;3724
2918753.0;15665
2918803.0;23840
2918902.0;3955
2919009.0;3783
2919058.0;8562
2919108.0;8307
2919157.0;27223
2919207.0;198440
2919306.0;11409
2919405.0;12388
2919504.0;45732
2919553.0;87519
2919603.0;11348
2919702.0;18755
2919801.0;49826
2919900.0;7824
2919926.0;21093
2919959.0;3161
2920007.0;10112
2920106.0;18676
2920205.0;16845
2920304.0;8393
2920403.0;13240
2920452.0;13643
2920502.0;20834
2920601.0;44677
2920700.0;20570
2920809.0;10406
2920908.0;13822
2921005.0;46583
2921054.0;12201
2921104.0;22688
2921203.0;26023
2921302.0;10950
2921401.0;18338
2921450.0;8641
2921500.0;49418
2921609.0;8519
2921708.0;35413
2921807.0;12042
2921906.0;9062
2922003.0;41748
2922052.0;10889
2922102.0;26776
2922201.0;7422
2922250.0;11348
2922300.0;29399
2922409.0;22221
2922508.0;28525
2922607.0;13997
2922656.0;13130
2922706.0;16462
2922730.0;7812
2922755.0;6591
2922805.0;8226
2922854.0;9118
2922904.0;26947
2923001.0;43376
2923035.0;12385
2923050.0;15440
2923100.0;28229
2923209.0;21825
2923308.0;8564
2923357.0;17451
2923407.0;21750
2923506.0;9019
2923605.0;21607
2923704.0;32000
2923803.0;28989
2923902.0;9831
2924009.0;117782
2924058.0;13578
2924108.0;7347
2924207.0;16667
2924306.0;17123
2924405.0;35048
2924504.0;16260
2924603.0;20150
2924652.0;10437
2924678.0;10023
2924702.0;10707
2924801.0;24755
2924900.0;9322
2925006.0;26265
2925105.0;46871
2925204.0;39519
2925253.0;14914
2925303.0;148686
2925402.0;7224
2925501.0;28174
2925600.0;15142
2925709.0;12338
2925758.0;27719
2925808.0;25439
2925907.0;27580
2925931.0;8972
2925956.0;22621
2926004.0;41008
2926103.0;14396
2926202.0;22339
2926301.0;33436
2926400.0;35421
2926509.0;14592
2926608.0;53807
2926657.0;5812
2926707.0;12989
2926806.0;15371
2926905.0;11655
2927002.0;40732
2927101.0;9331
2927200.0;30814
2927309.0;15667
2927408.0;2872347
2927507.0;20791
2927606.0;14213
2927705.0;27778
2927804.0;6315
2927903.0;10631
2928000.0;37348
2928059.0;12597
2928109.0;39845
2928208.0;26614
2928307.0;8943
2928406.0;28338
2928505.0;10405
2928604.0;60069
2928703.0;101512
2928802.0;52850
2928901.0;33742
2928950.0;9058
2929008.0;14740
2929057.0;15391
2929107.0;21074
2929206.0;39802
2929255.0;18793
2929305.0;37550
2929354.0;5657
2929370.0;10462
2929404.0;11675
2929503.0;44300
2929602.0;17398
2929701.0;17273
2929750.0;12043
2929800.0;12913
2929909.0;44091
2930006.0;11434
2930105.0;79015
2930154.0;31472
2930204.0;40684
2930303.0;17386
2930402.0;14878
2930501.0;80861
2930600.0;13397
2930709.0;134377
2930758.0;13012
2930766.0;9986
2930774.0;23191
2930808.0;16979
2930907.0;12518
2931004.0;20403
2931053.0;17366
2931103.0;7918
2931202.0;21074
2931301.0;17010
2931350.0;160487
2931400.0;7425
2931509.0;22518
2931608.0;14943
2931707.0;13033
2931806.0;16394
2931905.0;50687
2932002.0;24240
2932101.0;19895
2932200.0;19056
2932309.0;27035
2932408.0;13887
2932457.0;19222
2932507.0;19002
2932606.0;16658
2932705.0;20519
2932804.0;19178
2932903.0;96562
2933000.0;28473
2933059.0;14104
2933109.0;9170
2933158.0;12697
2933174.0;8838
2933208.0;43223
2933257.0;6205
2933307.0;338480
2933406.0;9345
2933455.0;12238
2933505.0;21101
2933604.0;46483
3100104.0;6989
3100203.0;23237
3100302.0;13454
3100401.0;3994
3100500.0;9470
3100609.0;13735
3100708.0;1999
3100807.0;4486
3100906.0;19207
3101003.0;13539
3101102.0;25167
3101201.0;6003
3101300.0;2674
3101409.0;3007
3101508.0;35362
3101607.0;79996
3101631.0;6907
3101706.0;41896
3101805.0;7424
3101904.0;19853
3102001.0;14466
3102050.0;5847
3102100.0;11000
3102209.0;3907
3102308.0;15203
3102407.0;3606
3102506.0;4713
3102605.0;41077
3102704.0;9412
3102803.0;12224
3102852.0;8520
3102902.0;11445
3103009.0;9318
3103108.0;1598
3103207.0;2347
3103306.0;2063
3103405.0;36708
3103504.0;117267
3103603.0;2795
3103702.0;8439
3103751.0;6869
3103801.0;2834
3103900.0;9273
3104007.0;106229
3104106.0;10772
3104205.0;40092
3104304.0;15070
3104403.0;2727
3104452.0;5231
3104502.0;17875
3104601.0;14179
3104700.0;12868
3104809.0;4869
3104908.0;19148
3105004.0;7826
3105103.0;23829
3105202.0;4795
3105301.0;5746
3105400.0;32485
3105509.0;5397
3105608.0;137313
3105707.0;5131
3105905.0;20810
3106002.0;10255
3106101.0;3429
3106200.0;2512070
3106309.0;26700
3106408.0;7715
3106507.0;11932
3106606.0;4604
3106655.0;4735
3106705.0;439340
3106804.0;3379
3106903.0;14494
3107000.0;2515
3107109.0;40127
3107208.0;5090
3107307.0;49979
3107406.0;50605
3107505.0;6474
3107604.0;4217
3107703.0;6083
3107802.0;14935
3107901.0;10547
3108008.0;17603
3108107.0;6868
3108206.0;5493
3108255.0;11230
3108305.0;19412
3108404.0;14971
3108503.0;6319
3108552.0;16538
3108602.0;32347
3108701.0;4333
3108800.0;4801
3108909.0;14459
3109006.0;40103
3109105.0;11001
3109204.0;10365
3109253.0;3982
3109303.0;24841
3109402.0;28056
3109451.0;6949
3109501.0;14075
3109600.0;3603
3109709.0;11547
3109808.0;2692
3109907.0;11624
3110004.0;44718
3110103.0;5496
3110202.0;3987
3110301.0;14480
3110400.0;2901
3110509.0;21770
3110608.0;29551
3110707.0;12814
3110806.0;3721
3110905.0;16665
3111002.0;21055
3111101.0;19745
3111150.0;3817
3111200.0;54029
3111309.0;11655
3111408.0;8151
3111507.0;15461
3111606.0;28774
3111705.0;4563
3111804.0;12150
3111903.0;5603
3112000.0;14886
3112059.0;4525
3112109.0;5438
3112208.0;4653
3112307.0;37784
3112406.0;6920
3112505.0;9754
3112604.0;16173
3112653.0;5468
3112703.0;15234
3112802.0;8632
3112901.0;9298
3113008.0;23685
3113107.0;3183
3113206.0;25501
3113305.0;33000
3113404.0;92062
3113503.0;9405
3113602.0;6757
3113701.0;18837
3113800.0;2632
3113909.0;12170
3114006.0;11476
3114105.0;14859
3114204.0;22478
3114303.0;30329
3114402.0;21225
3114501.0;19355
3114550.0;10027
3114600.0;4047
3114709.0;3579
3114808.0;4478
3114907.0;2257
3115003.0;3075
3115102.0;17740
3115201.0;3954
3115300.0;75123
3115359.0;5376
3115409.0;3641
3115458.0;6311
3115474.0;4986
3115508.0;21656
3115607.0;1164
3115706.0;7032
3115805.0;10350
3115904.0;3154
3116001.0;5704
3116100.0;15356
3116159.0;13680
3116209.0;2687
3116308.0;6787
3116407.0;4843
3116506.0;7551
3116605.0;28617
3116704.0;7556
3116803.0;8873
3116902.0;3111
3117009.0;6929
3117108.0;10292
3117207.0;2812
3117306.0;27893
3117405.0;4574
3117504.0;17842
3117603.0;5507
3117702.0;13638
3117801.0;11638
3117836.0;7642
3117876.0;6730
3117900.0;11950
3118007.0;54762
3118106.0;5045
3118205.0;6939
3118304.0;128589
3118403.0;22921
3118502.0;1783
3118601.0;663855
3118700.0;9159
3118809.0;26602
3118908.0;8890
3119005.0;3538
3119104.0;23731
3119203.0;9991
3119302.0;27974
3119401.0;109855
3119500.0;9222
3119609.0;3086
3119708.0;3434
3119807.0;3215
3119906.0;3704
3119955.0;6337
3120003.0;2771
3120102.0;4410
3120151.0;6704
3120201.0;12798
3120300.0;5971
3120409.0;5150
3120508.0;10242
3120607.0;5034
3120706.0;3626
3120805.0;15417
3120839.0;4982
3120870.0;7729
3120904.0;80129
3121001.0;5410
3121100.0;8025
3121209.0;7114
3121258.0;10533
3121308.0;5013
3121407.0;7243
3121506.0;2901
3121605.0;47723
3121704.0;3802
3121803.0;7729
3121902.0;3417
3122009.0;19931
3122108.0;4979
3122207.0;7571
3122306.0;238230
3122355.0;6786
3122405.0;6011
3122454.0;11019
3122470.0;3677
3122504.0;5072
3122603.0;4195
3122702.0;5237
3122801.0;3001
3122900.0;6572
3123007.0;10153
3123106.0;5169
3123205.0;13483
3123304.0;4259
3123403.0;1527
3123502.0;1908
3123528.0;7841
3123601.0;28076
3123700.0;11134
3123809.0;7242
3123858.0;5370
3123908.0;15298
3124005.0;18895
3124104.0;70552
3124203.0;24951
3124302.0;31617
3124401.0;4692
3124500.0;11354
3124609.0;2343
3124708.0;3500
3124807.0;7978
3124906.0;11275
3125002.0;3913
3125101.0;36225
3125200.0;2377
3125309.0;3241
3125408.0;4753
3125507.0;3167
3125606.0;7457
3125705.0;15336
3125804.0;3431
3125903.0;9820
3125952.0;11006
3126000.0;7461
3126109.0;67683
3126208.0;9562
3126307.0;4412
3126406.0;2947
3126505.0;10332
3126604.0;5215
3126703.0;26277
3126752.0;5391
3126802.0;5880
3126901.0;9611
3126950.0;3478
3127008.0;18103
3127057.0;4581
3127073.0;5369
3127107.0;59496
3127206.0;4349
3127305.0;6817
3127339.0;5109
3127354.0;3150
3127370.0;3353
3127388.0;3966
3127404.0;4350
3127503.0;6158
3127602.0;11825
3127701.0;279885
3127800.0;15836
3127909.0;1388
3128006.0;34319
3128105.0;14245
3128204.0;10324
3128253.0;4972
3128303.0;19021
3128402.0;8911
3128501.0;3796
3128600.0;6580
3128709.0;51917
3128808.0;7078
3128907.0;8039
3129004.0;8392
3129103.0;5639
3129202.0;6558
3129301.0;11004
3129400.0;5021
3129509.0;25199
3129608.0;8395
3129657.0;5400
3129707.0;13828
3129806.0;180204
3129905.0;3488
3130002.0;2989
3130051.0;11990
3130101.0;43045
3130200.0;10860
3130309.0;7947
3130408.0;6550
3130507.0;12375
3130556.0;6903
3130606.0;7328
3130655.0;7351
3130705.0;6891
3130804.0;2767
3130903.0;24140
3131000.0;6271
3131109.0;7515
3131158.0;18607
3131208.0;19861
3131307.0;263410
3131406.0;4221
3131505.0;10079
3131604.0;6987
3131703.0;120060
3131802.0;11512
3131901.0;51875
3132008.0;5385
3132107.0;18153
3132206.0;13358
3132305.0;12760
3132404.0;96869
3132503.0;34735
3132602.0;4355
3132701.0;23211
3132800.0;2081
3132909.0;10192
3133006.0;15579
3133105.0;15331
3133204.0;12228
3133303.0;21062
3133402.0;15243
3133501.0;21762
3133600.0;9783
3133709.0;11146
3133758.0;16108
3133808.0;93214
3133907.0;5419
3134004.0;14990
3134103.0;6051
3134202.0;104671
3134301.0;6023
3134400.0;39263
3134509.0;3788
3134608.0;20143
3134707.0;12326
3134806.0;7686
3134905.0;25979
3135001.0;3133
3135050.0;38909
3135076.0;5404
3135100.0;71648
3135209.0;67742
3135308.0;4350
3135357.0;7969
3135407.0;4912
3135456.0;7692
3135506.0;12386
3135605.0;7531
3135704.0;5211
3135803.0;25391
3135902.0;4787
3136009.0;15432
3136108.0;4573
3136207.0;79910
3136306.0;47452
3136405.0;4695
3136504.0;10812
3136520.0;4501
3136553.0;4995
3136579.0;4867
3136603.0;5725
3136652.0;26946
3136702.0;568873
3136801.0;4331
3136900.0;10563
3136959.0;5724
3137007.0;18111
3137106.0;7613
3137205.0;52165
3137304.0;4102
3137403.0;13009
3137502.0;18052
3137536.0;9532
3137601.0;64527
3137700.0;19923
3137809.0;20814
3137908.0;3391
3138005.0;6810
3138104.0;6512
3138203.0;103773
3138302.0;3229
3138351.0;4918
3138401.0;52587
3138500.0;5069
3138609.0;16698
3138625.0;7536
3138658.0;9661
3138674.0;6266
3138682.0;6699
3138708.0;5446
3138807.0;18215
3138906.0;7111
3139003.0;42133
3139102.0;5098
3139201.0;18650
3139250.0;6543
3139300.0;18407
3139409.0;90229
3139508.0;22707
3139607.0;27644
3139706.0;7976
3139805.0;12814
3139904.0;14095
3140001.0;60724
3140100.0;4115
3140159.0;15416
3140209.0;2973
3140308.0;4039
3140407.0;2755
3140506.0;13388
3140530.0;8417
3140555.0;8586
3140605.0;4459
3140704.0;31086
3140803.0;14468
3140852.0;11157
3140902.0;18908
3141009.0;12459
3141108.0;37820
3141207.0;3749
3141306.0;3802
3141405.0;20820
3141504.0;6446
3141603.0;10739
3141702.0;5605
3141801.0;31484
3141900.0;3894
3142007.0;13589
3142106.0;10754
3142205.0;15014
3142254.0;4888
3142304.0;4919
3142403.0;7517
3142502.0;2220
3142601.0;8688
3142700.0;14877
3142809.0;21120
3142908.0;20854
3143005.0;13166
3143104.0;47809
3143153.0;4906
3143203.0;21524
3143302.0;409341
3143401.0;23803
3143450.0;8249
3143500.0;8863
3143609.0;2462
3143708.0;3182
3143807.0;6029
3143906.0;108763
3144003.0;26979
3144102.0;20569
3144201.0;3220
3144300.0;40750
3144359.0;6996
3144375.0;3311
3144409.0;4730
3144508.0;8608
3144607.0;26769
3144656.0;10295
3144672.0;3190
3144706.0;17578
3144805.0;94889
3144904.0;3600
3145000.0;15545
3145059.0;7500
3145109.0;16723
3145208.0;102693
3145307.0;31331
3145356.0;10755
3145372.0;5299
3145406.0;1747
3145455.0;6096
3145505.0;2787
3145604.0;41687
3145703.0;2133
3145802.0;3148
3145851.0;4655
3145877.0;8018
3145901.0;39500
3146008.0;33639
3146107.0;74281
3146206.0;5934
3146255.0;6378
3146305.0;20154
3146404.0;4486
3146503.0;8283
3146552.0;6089
3146602.0;1529
3146701.0;6616
3146750.0;5507
3146909.0;15674
3147006.0;93158
3147105.0;93969
3147204.0;21513
3147303.0;21083
3147402.0;24540
3147501.0;1649
3147600.0;16344
3147709.0;8084
3147808.0;2039
3147907.0;114679
3147956.0;5972
3148004.0;152488
3148103.0;90757
3148202.0;5684
3148301.0;9571
3148400.0;4830
3148509.0;8450
3148608.0;17541
3148707.0;24324
3148756.0;7097
3148806.0;3052
3148905.0;3972
3149002.0;2504
3149101.0;11195
3149150.0;12107
3149200.0;3635
3149309.0;64258
3149408.0;1807
3149507.0;3320
3149606.0;4406
3149705.0;11506
3149804.0;16168
3149903.0;21390
3149952.0;6810
3150000.0;4252
3150109.0;2748
3150158.0;8566
3150208.0;4140
3150307.0;4497
3150406.0;4982
3150505.0;8660
3150539.0;4941
3150570.0;7507
3150604.0;6409
3150703.0;6199
3150802.0;17626
3150901.0;5472
3151008.0;8596
3151107.0;10752
3151206.0;56428
3151305.0;10787
3151404.0;27989
3151503.0;34691
3151602.0;12133
3151701.0;16791
3151800.0;167397
3151909.0;8432
3152006.0;31812
3152105.0;59742
3152131.0;4261
3152170.0;12121
3152204.0;37906
3152303.0;11279
3152402.0;16555
3152501.0;150737
3152600.0;5940
3152709.0;9031
3152808.0;27856
3152907.0;8603
3153004.0;3603
3153103.0;5369
3153202.0;3641
3153301.0;3002
3153400.0;19573
3153509.0;8317
3153608.0;10733
3153707.0;3563
3153806.0;1939
3153905.0;16354
3154002.0;23762
3154101.0;10517
3154150.0;7154
3154200.0;11500
3154309.0;17397
3154408.0;4808
3154457.0;8136
3154507.0;9481
3154606.0;334858
3154705.0;4033
3154804.0;10312
3154903.0;13564
3155009.0;2610
3155108.0;5150
3155207.0;5474
3155306.0;5832
3155405.0;8949
3155504.0;12313
3155603.0;30914
3155702.0;14339
3155801.0;17910
3155900.0;5476
3156007.0;12846
3156106.0;4604
3156205.0;2305
3156304.0;8109
3156403.0;3533
3156452.0;4594
3156502.0;5995
3156601.0;10241
3156700.0;136344
3156809.0;15470
3156908.0;26185
3157005.0;41527
3157104.0;7009
3157203.0;31324
3157252.0;8147
3157278.0;3150
3157302.0;4430
3157336.0;8604
3157377.0;4142
3157401.0;4758
3157500.0;4409
3157609.0;3846
3157658.0;6366
3157708.0;14003
3157807.0;219134
3157906.0;16208
3158003.0;10847
3158102.0;5232
3158201.0;14615
3158300.0;7100
3158409.0;3872
3158508.0;7642
3158607.0;3976
3158706.0;2458
3158805.0;4821
3158904.0;8674
3158953.0;34663
3159001.0;4295
3159100.0;3777
3159209.0;8949
3159308.0;4884
3159357.0;7212
3159407.0;3425
3159506.0;5489
3159605.0;43260
3159704.0;3350
3159803.0;19742
3159902.0;18525
3160009.0;3602
3160108.0;3911
3160207.0;3838
3160306.0;11640
3160405.0;28243
3160454.0;7277
3160504.0;1765
3160603.0;3087
3160702.0;46487
3160801.0;5286
3160900.0;3738
3160959.0;5644
3161007.0;17359
3161056.0;3369
3161106.0;56323
3161205.0;6527
3161304.0;6238
3161403.0;4844
3161502.0;12366
3161601.0;3962
3161650.0;4012
3161700.0;8389
3161809.0;12411
3161908.0;10920
3162005.0;25449
3162104.0;35469
3162203.0;7453
3162252.0;4915
3162302.0;2749
3162401.0;25165
3162450.0;13014
3162500.0;90082
3162559.0;11559
3162575.0;5859
3162609.0;7498
3162658.0;4419
3162708.0;23618
3162807.0;15774
3162906.0;26361
3162922.0;31578
3162948.0;7426
3162955.0;23766
3163003.0;4268
3163102.0;5004
3163201.0;4196
3163300.0;3860
3163409.0;5420
3163508.0;6453
3163607.0;2791
3163706.0;45851
3163805.0;6938
3163904.0;4659
3164001.0;7781
3164100.0;5246
3164209.0;12337
3164308.0;7051
3164407.0;5504
3164431.0;3007
3164472.0;6555
3164506.0;10044
3164605.0;6775
3164704.0;70956
3164803.0;1506
3164902.0;2241
3165008.0;10941
3165107.0;7021
3165206.0;7089
3165305.0;7753
3165404.0;6930
3165503.0;6300
3165537.0;32752
3165552.0;12258
3165560.0;2633
3165578.0;5356
3165602.0;2005
3165701.0;7812
3165800.0;1502
3165909.0;4156
3166006.0;5786
3166105.0;3523
3166204.0;10459
3166303.0;7326
3166402.0;1851
3166501.0;4293
3166600.0;781
3166709.0;8699
3166808.0;11582
3166907.0;7669
3166956.0;4781
3167004.0;1963
3167103.0;20966
3167202.0;239639
3167301.0;2261
3167400.0;6238
3167509.0;2615
3167608.0;19633
3167707.0;5553
3167806.0;6151
3167905.0;3750
3168002.0;34132
3168051.0;3110
3168101.0;4773
3168200.0;1875
3168309.0;4077
3168408.0;14326
3168507.0;11661
3168606.0;140592
3168705.0;89842
3168804.0;7981
3168903.0;6480
3169000.0;16659
3169059.0;4101
3169109.0;6258
3169208.0;8022
3169307.0;79482
3169356.0;32356
3169406.0;56746
3169505.0;6732
3169604.0;25327
3169703.0;19964
3169802.0;5040
3169901.0;115552
3170008.0;12533
3170057.0;12471
3170107.0;333783
3170206.0;691305
3170305.0;2611
3170404.0;84378
3170438.0;4304
3170479.0;3264
3170503.0;10358
3170529.0;16865
3170578.0;6480
3170602.0;2153
3170651.0;5007
3170701.0;135558
3170750.0;7036
3170800.0;39493
3170909.0;19320
3171006.0;20590
3171030.0;9355
3171071.0;5720
3171105.0;3999
3171154.0;4839
3171204.0;127601
3171303.0;78846
3171402.0;3608
3171501.0;3203
3171600.0;13752
3171709.0;8674
3171808.0;10510
3171907.0;5380
3172004.0;42564
3172103.0;5252
3172202.0;2552
3200102.0;30586
3200136.0;9642
3200169.0;11019
3200201.0;30084
3200300.0;14601
3200359.0;7836
3200409.0;29263
3200508.0;7567
3200607.0;101220
3200706.0;11936
3200805.0;30998
3200904.0;44650
3201001.0;15037
3201100.0;9936
3201159.0;12404
3201209.0;208972
3201308.0;381285
3201407.0;37534
3201506.0;122499
3201605.0;31063
3201704.0;12723
3201803.0;4304
3201902.0;33850
3202009.0;6749
3202108.0;22923
3202207.0;21509
3202256.0;12709
3202306.0;30867
3202405.0;124859
3202454.0;26082
3202504.0;12479
3202553.0;8889
3202603.0;13860
3202652.0;13377
3202702.0;14066
3202801.0;34348
3202900.0;10555
3203007.0;29161
3203056.0;30477
3203106.0;12192
3203130.0;16668
3203163.0;10947
3203205.0;173555
3203304.0;15350
3203320.0;38499
3203346.0;16694
3203353.0;12833
3203403.0;26153
3203502.0;18833
3203601.0;5524
3203700.0;17465
3203809.0;15449
3203908.0;50110
3204005.0;23184
3204054.0;26184
3204104.0;27047
3204203.0;21711
3204252.0;7863
3204302.0;11574
3204351.0;19141
3204401.0;11622
3204500.0;12224
3204559.0;40431
3204609.0;23590
3204658.0;8638
3204708.0;37947
3204807.0;10556
3204906.0;130611
3204955.0;12415
3205002.0;517510
3205010.0;30070
3205036.0;21402
3205069.0;25277
3205101.0;78239
3205150.0;9208
3205176.0;14080
3205200.0;493838
3205309.0;362097
3300100.0;203785
3300159.0;11759
3300209.0;132400
3300225.0;12572
3300233.0;33870
3300258.0;30349
3300308.0;100374
3300407.0;184412
3300456.0;510906
3300506.0;27446
3300605.0;37096
3300704.0;226525
3300803.0;58937
3300902.0;15505
3300936.0;16301
3300951.0;8561
3301009.0;507548
3301108.0;20172
3301157.0;12823
3301207.0;18895
3301306.0;44184
3301405.0;23228
3301504.0;21926
3301603.0;11492
3301702.0;919596
3301801.0;14002
3301850.0;60517
3301876.0;28310
3301900.0;240592
3302007.0;133019
3302056.0;15207
3302106.0;23234
3302205.0;103224
3302254.0;31805
3302270.0;104768
3302304.0;7355
3302403.0;256672
3302452.0;5599
3302502.0;245071
3302601.0;44468
3302700.0;161207
3302809.0;18614
3302858.0;176103
3302908.0;25538
3303005.0;27174
3303104.0;15317
3303203.0;162485
3303302.0;513584
3303401.0;190631
3303500.0;821128
3303609.0;52257
3303708.0;44285
3303807.0;43165
3303856.0;27769
3303906.0;306191
3303955.0;25156
3304003.0;29277
3304102.0;18847
3304110.0;19683
3304128.0;14302
3304144.0;150319
3304151.0;24700
3304201.0;131341
3304300.0;60201
3304409.0;18529
3304508.0;9284
3304524.0;150674
3304557.0;6718903
3304607.0;10404
3304706.0;42479
3304755.0;42205
3304805.0;38669
3304904.0;1084839
3305000.0;36102
3305109.0;472406
3305133.0;7171
3305158.0;21795
3305208.0;104476
3305307.0;9357
3305406.0;18228
3305505.0;89170
3305554.0;82312
3305604.0;21774
3305703.0;15623
3305752.0;34309
3305802.0;182594
3305901.0;10626
3306008.0;81804
3306107.0;76523
3306156.0;11000
3306206.0;36896
3306305.0;273012
3500105.0;35068
3500204.0;3562
3500303.0;36305
3500402.0;8180
3500501.0;18705
3500550.0;6075
3500600.0;3451
3500709.0;37214
3500758.0;6025
3500808.0;4166
3500907.0;4160
3501004.0;16184
3501103.0;4099
3501152.0;18628
3501202.0;3679
3501301.0;24915
3501400.0;5227
3501509.0;3222
3501608.0;239597
3501707.0;40504
3501806.0;5969
3501905.0;72195
3502002.0;4995
3502101.0;57157
3502200.0;25228
3502309.0;6724
3502408.0;4115
3502507.0;36157
3502606.0;4196
3502705.0;24374
3502754.0;22364
3502804.0;197016
3502903.0;34146
3503000.0;5620
3503109.0;6357
3503158.0;2469
3503208.0;236072
3503307.0;134236
3503356.0;1791
3503406.0;8560
3503505.0;3886
3503604.0;11129
3503703.0;9668
3503802.0;54408
3503901.0;89824
3503950.0;1822
3504008.0;104386
3504107.0;142761
3504206.0;15189
3504305.0;5403
3504404.0;13649
3504503.0;90655
3504602.0;17502
3504701.0;5735
3504800.0;9068
3504909.0;10945
3505005.0;3469
3505104.0;7402
3505203.0;35264
3505302.0;36126
3505351.0;5724
3505401.0;7659
3505500.0;122098
3505609.0;32812
3505708.0;274182
3505807.0;20953
3505906.0;62508
3506003.0;376818
3506102.0;77496
3506201.0;2980
3506300.0;11148
3506359.0;63249
3506409.0;8034
3506508.0;123638
3506607.0;32598
3506706.0;14923
3506805.0;12329
3506904.0;11730
3507001.0;60997
3507100.0;25448
3507159.0;3954
3507209.0;837
3507308.0;4823
3507407.0;16046
3507456.0;2653
3507506.0;146497
3507605.0;168668
3507704.0;5686
3507753.0;2865
3507803.0;24939
3507902.0;24403
3508009.0;19878
3508108.0;17144
3508207.0;4481
3508306.0;4264
3508405.0;49707
3508504.0;94263
3508603.0;33327
3508702.0;18985
3508801.0;17767
3508900.0;4191
3509007.0;101470
3509106.0;5874
3509205.0;76801
3509254.0;28549
3509304.0;10542
3509403.0;26167
3509452.0;6024
3509502.0;1204073
3509601.0;84650
3509700.0;52088
3509809.0;4965
3509908.0;12540
3509957.0;5138
3510005.0;31280
3510104.0;2793
3510153.0;5216
3510203.0;47138
3510302.0;20706
3510401.0;55768
3510500.0;121532
3510609.0;400927
3510708.0;12326
3510807.0;30380
3510906.0;2523
3511003.0;21006
3511102.0;121862
3511201.0;7804
3511300.0;9237
3511409.0;19985
3511508.0;48949
3511607.0;18148
3511706.0;17190
3511904.0;8617
3512001.0;18468
3512100.0;6210
3512209.0;28050
3512308.0;17896
3512407.0;24528
3512506.0;6058
3512605.0;4681
3512704.0;4055
3512803.0;72252
3512902.0;7307
3513009.0;249210
3513108.0;35292
3513207.0;8631
3513306.0;2073
3513405.0;82238
3513504.0;130705
3513603.0;21547
3513702.0;33718
3513801.0;423884
3513850.0;1793
3513900.0;11146
3514007.0;8929
3514106.0;27315
3514205.0;2115
3514304.0;8873
3514403.0;46793
3514502.0;12445
3514601.0;9868
3514700.0;6102
3514809.0;15494
3514908.0;17772
3514924.0;3651
3514957.0;2452
3515004.0;273726
3515103.0;69385
3515129.0;3214
3515152.0;20773
3515186.0;44330
3515194.0;4829
3515202.0;8419
3515301.0;2766
3515350.0;9371
3515400.0;16036
3515509.0;69116
3515608.0;5783
3515657.0;1716
3515707.0;194276
3515806.0;1464
3515905.0;2917
3516002.0;14640
3516101.0;2676
3516200.0;353187
3516309.0;175844
3516408.0;154489
3516507.0;2776
3516606.0;6548
3516705.0;44390
3516804.0;4808
3516853.0;4789
3516903.0;10869
3517000.0;11409
3517109.0;4815
3517208.0;12168
3517307.0;5765
3517406.0;40790
3517505.0;21454
3517604.0;17157
3517703.0;21220
3517802.0;8323
3517901.0;11188
3518008.0;2000
3518107.0;6664
3518206.0;32939
3518305.0;29798
3518404.0;121798
3518503.0;18520
3518602.0;40105
3518701.0;320459
3518800.0;1379182
3518859.0;7656
3518909.0;5267
3519006.0;9526
3519055.0;14930
3519071.0;230851
3519105.0;11710
3519204.0;6321
3519253.0;9240
3519303.0;35104
3519402.0;12393
3519501.0;7753
3519600.0;60033
3519709.0;78878
3519808.0;8243
3519907.0;8159
3520004.0;24674
3520103.0;30432
3520202.0;9534
3520301.0;30857
3520400.0;34970
3520426.0;11166
3520442.0;26686
3520509.0;251627
3520608.0;4885
3520707.0;3897
3520806.0;3991
3520905.0;14971
3521002.0;37133
3521101.0;7546
3521150.0;5392
3521200.0;4218
3521309.0;16409
3521408.0;24235
3521507.0;7993
3521606.0;8294
3521705.0;17556
3521804.0;27125
3521903.0;15262
3522000.0;3835
3522109.0;101816
3522158.0;3328
3522208.0;175693
3522307.0;163901
3522406.0;94354
3522505.0;237700
3522604.0;74773
3522653.0;4241
3522703.0;43120
3522802.0;15149
3522901.0;13992
3523008.0;4906
3523107.0;370821
3523206.0;50503
3523305.0;17436
3523404.0;120858
3523503.0;20697
3523602.0;18157
3523701.0;6499
3523800.0;7841
3523909.0;173939
3524006.0;61252
3524105.0;41824
3524204.0;6929
3524303.0;77263
3524402.0;233662
3524501.0;7067
3524600.0;17866
3524709.0;57488
3524808.0;49107
3524907.0;6602
3525003.0;124937
3525102.0;44380
3525201.0;30044
3525300.0;150252
3525409.0;3159
3525508.0;13220
3525607.0;4523
3525706.0;37015
3525805.0;4776
3525854.0;3367
3525904.0;418962
3526001.0;20679
3526100.0;18812
3526209.0;31444
3526308.0;4896
3526407.0;28516
3526506.0;11980
3526605.0;7260
3526704.0;103391
3526803.0;68432
3526902.0;306114
3527009.0;7980
3527108.0;78013
3527207.0;88706
3527256.0;2289
3527306.0;48885
3527405.0;21747
3527504.0;2394
3527603.0;14947
3527702.0;5790
3527801.0;4584
3527900.0;2649
3528007.0;17163
3528106.0;8120
3528205.0;3698
3528304.0;3119
3528403.0;47150
3528502.0;100179
3528601.0;9846
3528700.0;5853
3528809.0;14002
3528858.0;3031
3528908.0;4084
3529005.0;238882
3529104.0;2112
3529203.0;26461
3529302.0;83170
3529401.0;472912
3529500.0;5490
3529609.0;3836
3529658.0;1908
3529708.0;22226
3529807.0;12908
3529906.0;19779
3530003.0;3086
3530102.0;29564
3530201.0;18259
3530300.0;59824
3530409.0;4871
3530508.0;68885
3530607.0;445842
3530706.0;151888
3530805.0;93189
3530904.0;3493
3531001.0;2259
3531100.0;56702
3531209.0;8038
3531308.0;50498
3531407.0;25087
3531506.0;19008
3531605.0;4166
3531704.0;4653
3531803.0;59772
3531902.0;32968
3532009.0;13622
3532058.0;4758
3532108.0;4486
3532157.0;3141
3532207.0;4857
3532306.0;6661
3532405.0;18524
3532504.0;8930
3532603.0;11478
3532702.0;5213
3532801.0;6973
3532827.0;9755
3532843.0;1881
3532868.0;1267
3532900.0;11186
3533007.0;21500
3533106.0;2316
3533205.0;3969
3533254.0;5830
3533304.0;4101
3533403.0;60174
3533502.0;41052
3533601.0;7432
3533700.0;4289
3533809.0;2496
3533908.0;54772
3534005.0;4381
3534104.0;6515
3534203.0;7066
3534302.0;44028
3534401.0;698418
3534500.0;2603
3534609.0;32879
3534708.0;113542
3534757.0;10361
3534807.0;8562
3534906.0;14197
3535002.0;12957
3535101.0;13275
3535200.0;9283
3535309.0;22221
3535408.0;15777
3535507.0;45703
3535606.0;18222
3535705.0;6454
3535804.0;20197
3535903.0;4078
3536000.0;10964
3536109.0;6435
3536208.0;19648
3536257.0;2161
3536307.0;14670
3536406.0;7366
3536505.0;109424
3536570.0;1833
3536604.0;8945
3536703.0;46687
3536802.0;6093
3536901.0;2494
3537008.0;16744
3537107.0;47919
3537156.0;3093
3537206.0;11331
3537305.0;63407
3537404.0;25669
3537503.0;8668
3537602.0;68284
3537701.0;5980
3537800.0;55348
3537909.0;29185
3538006.0;168328
3538105.0;17049
3538204.0;15207
3538303.0;3692
3538501.0;13657
3538600.0;27303
3538709.0;404142
3538808.0;29806
3538907.0;25492
3539004.0;11417
3539103.0;18895
3539202.0;27527
3539301.0;76409
3539400.0;13636
3539509.0;39719
3539608.0;5237
3539707.0;3550
3539806.0;117452
3539905.0;6059
3540002.0;22014
3540101.0;3416
3540200.0;49961
3540259.0;4628
3540309.0;2577
3540408.0;4169
3540507.0;9925
3540606.0;53098
3540705.0;56150
3540754.0;24643
3540804.0;17361
3540853.0;4093
3540903.0;21496
3541000.0;325073
3541059.0;5261
3541109.0;4094
3541208.0;13106
3541307.0;44200
3541406.0;228743
3541505.0;39516
3541604.0;40432
3541653.0;3804
3541703.0;14109
3541802.0;3406
3541901.0;13420
3542008.0;6638
3542107.0;9076
3542206.0;29707
3542305.0;3851
3542404.0;20261
3542503.0;9621
3542602.0;56322
3542701.0;7593
3542800.0;3340
3542909.0;13219
3543006.0;16444
3543105.0;4718
3543204.0;4541
3543238.0;2225
3543253.0;7673
3543303.0;123393
3543402.0;703293
3543501.0;5524
3543600.0;3629
3543709.0;10799
3543808.0;9981
3543907.0;206424
3544004.0;35228
3544103.0;50846
3544202.0;12518
3544251.0;16643
3544301.0;10712
3544400.0;3128
3544509.0;3148
3544608.0;5590
3544707.0;2432
3544806.0;6331
3544905.0;11890
3545001.0;17139
3545100.0;5300
3545159.0;8286
3545209.0;118663
3545308.0;45422
3545407.0;9331
3545506.0;4302
3545605.0;15480
3545704.0;6008
3545803.0;193475
3546009.0;14788
3546108.0;2115
3546207.0;4503
3546256.0;2139
3546306.0;34361
3546405.0;47673
3546504.0;5599
3546603.0;32322
3546702.0;26898
3546801.0;57386
3546900.0;8817
3547007.0;6173
3547106.0;2939
3547205.0;1487
3547304.0;139447
3547403.0;2498
3547502.0;27557
3547601.0;26540
3547650.0;1545
3547700.0;20878
3547809.0;718773
3547908.0;6929
3548005.0;23310
3548054.0;8420
3548104.0;5954
3548203.0;6811
3548302.0;3111
3548401.0;4777
3548500.0;433311
3548609.0;10878
3548708.0;838936
3548807.0;161127
3548906.0;251983
3549003.0;2821
3549102.0;91211
3549201.0;2568
3549250.0;1922
3549300.0;2105
3549409.0;51888
3549508.0;8928
3549607.0;4147
3549706.0;54946
3549805.0;460671
3549904.0;721944
3549953.0;15825
3550001.0;10687
3550100.0;40954
3550209.0;32931
3550308.0;12252023
3550407.0;35653
3550506.0;7666
3550605.0;91016
3550704.0;88980
3550803.0;12182
3550902.0;15322
3551009.0;365798
3551108.0;10285
3551207.0;3638
3551306.0;3513
3551405.0;14662
3551504.0;45107
3551603.0;29229
3551702.0;125815
3551801.0;12832
3551900.0;17496
3552007.0;6302
3552106.0;41005
3552205.0;679378
3552304.0;7718
3552403.0;282441
3552502.0;297637
3552551.0;3963
3552601.0;12407
3552700.0;16496
3552809.0;289664
3552908.0;6285
3553005.0;13859
3553104.0;6295
3553203.0;5566
3553302.0;23207
3553401.0;25967
3553500.0;7807
3553609.0;12960
3553658.0;2811
3553708.0;57177
3553807.0;23218
3553856.0;5852
3553906.0;7468
3553955.0;15000
3554003.0;121766
3554102.0;314924
3554201.0;4532
3554300.0;23148
3554409.0;9370
3554508.0;42076
3554607.0;2658
3554656.0;2412
3554706.0;10010
3554755.0;1724
3554805.0;47185
3554904.0;5807
3554953.0;6894
3555000.0;65524
3555109.0;15495
3555208.0;2016
3555307.0;1727
3555356.0;6309
3555406.0;90799
3555505.0;4780
3555604.0;10110
3555703.0;1844
3555802.0;9114
3555901.0;1165
3556008.0;13809
3556107.0;13326
3556206.0;129193
3556305.0;26480
3556354.0;10537
3556404.0;42845
3556453.0;52597
3556503.0;121838
3556602.0;10843
3556701.0;78728
3556800.0;18898
3556909.0;8810
3556958.0;1840
3557006.0;122480
3557105.0;94547
3557154.0;2718
3557204.0;12418
3557303.0;11304
4100103.0;7457
4100202.0;5919
4100301.0;9371
4100400.0;118623
4100459.0;1942
4100509.0;22056
4100608.0;14770
4100707.0;9836
4100806.0;11406
4100905.0;6257
4101002.0;19152
4101051.0;2801
4101101.0;20031
4101150.0;2928
4101200.0;18980
4101309.0;7434
4101408.0;134996
4101507.0;123027
4101606.0;28115
4101655.0;3068
4101705.0;13970
4101804.0;143843
4101853.0;2108
4101903.0;15119
4102000.0;33362
4102109.0;26111
4102208.0;3892
4102307.0;12941
4102406.0;31367
4102505.0;11568
4102604.0;10275
4102703.0;2781
4102752.0;3511
4102802.0;15397
4102901.0;16389
4103008.0;4105
4103024.0;2503
4103040.0;6387
4103057.0;7591
4103107.0;12944
4103156.0;3541
4103206.0;7032
4103222.0;3264
4103305.0;6592
4103354.0;5427
4103370.0;2651
4103404.0;2934
4103453.0;18120
4103479.0;4044
4103503.0;8570
4103602.0;25360
4103701.0;106533
4103800.0;7865
4103909.0;14202
4103958.0;3887
4104006.0;43288
4104055.0;3833
4104105.0;7971
4104204.0;132002
4104253.0;29318
4104303.0;94859
4104402.0;15018
4104428.0;15979
4104451.0;13317
4104501.0;19124
4104600.0;15780
4104659.0;23415
4104709.0;14320
4104808.0;328454
4104907.0;71484
4105003.0;10189
4105102.0;10827
4105201.0;17779
4105300.0;11765
4105409.0;19254
4105508.0;82620
4105607.0;12652
4105706.0;16559
4105805.0;243726
4105904.0;24012
4106001.0;8818
4106100.0;3860
4106209.0;18584
4106308.0;17071
4106407.0;47845
4106456.0;7497
4106506.0;20734
4106555.0;3219
4106571.0;4252
4106605.0;20932
4106704.0;4469
4106803.0;18708
4106852.0;2950
4106902.0;1933105
4107009.0;15101
4107108.0;5087
4107124.0;3439
4107157.0;5253
4107207.0;40641
4107256.0;8747
4107306.0;5979
4107405.0;5961
4107504.0;14000
4107520.0;1698
4107538.0;4539
4107546.0;4117
4107553.0;3089
4107603.0;17251
4107652.0;100209
4107702.0;4762
4107736.0;5646
4107751.0;7770
4107801.0;4929
4107850.0;4624
4107900.0;6774
4108007.0;10548
4108106.0;2689
4108205.0;6578
4108304.0;258532
4108320.0;6046
4108403.0;91093
4108452.0;4650
4108502.0;13710
4108551.0;2946
4108601.0;28884
4108650.0;7111
4108700.0;5618
4108809.0;33119
4108908.0;6581
4108957.0;8739
4109005.0;3802
4109104.0;2243
4109203.0;5502
4109302.0;12472
4109401.0;181504
4109500.0;7636
4109609.0;37067
4109658.0;5211
4109708.0;31364
4109757.0;6352
4109807.0;54558
4109906.0;7904
4110003.0;4404
4110052.0;2256
4110078.0;13111
4110102.0;32564
4110201.0;11125
4110300.0;3109
4110409.0;4457
4110508.0;15172
4110607.0;13926
4110656.0;2288
4110706.0;60727
4110805.0;10169
4110904.0;4466
4110953.0;11176
4111001.0;6582
4111100.0;6108
4111209.0;11964
4111258.0;28634
4111308.0;2865
4111407.0;13879
4111506.0;31984
4111555.0;8185
4111605.0;3259
4111704.0;5274
4111803.0;39378
4111902.0;13620
4112009.0;34857
4112108.0;21176
4112207.0;5245
4112306.0;4994
4112405.0;9425
4112504.0;11328
4112603.0;1331
4112702.0;12588
4112751.0;8412
4112801.0;11908
4112900.0;3292
4112959.0;7340
4113007.0;7013
4113106.0;4100
4113205.0;48163
4113254.0;5852
4113304.0;32073
4113403.0;3954
4113429.0;3310
4113452.0;4676
4113502.0;23086
4113601.0;4787
4113700.0;569733
4113734.0;7262
4113759.0;4794
4113809.0;4920
4113908.0;13630
4114005.0;13132
4114104.0;22819
4114203.0;34400
4114302.0;26869
4114351.0;2571
4114401.0;16714
4114500.0;13502
4114609.0;52944
4114708.0;5677
4114807.0;35496
4114906.0;8836
4115002.0;7076
4115101.0;10345
4115200.0;423666
4115309.0;6610
4115358.0;5603
4115408.0;14367
4115457.0;4405
4115507.0;4679
4115606.0;17943
4115705.0;34720
4115739.0;3272
4115754.0;10601
4115804.0;46198
4115853.0;5536
4115903.0;2213
4116000.0;1806
4116059.0;10702
4116109.0;12121
4116208.0;16406
4116307.0;3984
4116406.0;4008
4116505.0;1543
4116604.0;3445
4116703.0;10472
4116802.0;5302
4116901.0;27904
4116950.0;5046
4117008.0;8153
4117057.0;11554
4117107.0;13213
4117206.0;5806
4117214.0;4249
4117222.0;8219
4117255.0;10548
4117271.0;5649
4117297.0;2844
4117305.0;22141
4117404.0;3428
4117453.0;5996
4117503.0;41281
4117602.0;50986
4117701.0;33877
4117800.0;13172
4117909.0;31846
4118006.0;13830
4118105.0;11472
4118204.0;154936
4118303.0;3203
4118402.0;88374
4118451.0;5610
4118501.0;82881
4118600.0;5873
4118709.0;7354
4118808.0;13996
4118857.0;6127
4118907.0;11234
4119004.0;6347
4119103.0;12746
4119152.0;132157
4119202.0;6326
4119251.0;2731
4119301.0;32391
4119400.0;25463
4119509.0;113036
4119608.0;30310
4119657.0;3224
4119707.0;4263
4119806.0;13479
4119905.0;351736
4119954.0;27284
4120002.0;12914
4120101.0;4848
4120150.0;3237
4120200.0;2559
4120309.0;4065
4120333.0;3753
4120358.0;5157
4120408.0;5306
4120507.0;11123
4120606.0;52241
4120655.0;4512
4120705.0;7449
4120804.0;23559
4120853.0;4015
4120903.0;34103
4121000.0;12206
4121109.0;4573
4121208.0;19049
4121257.0;4451
4121307.0;3808
4121356.0;2655
4121406.0;16922
4121505.0;14899
4121604.0;6802
4121703.0;26715
4121752.0;8010
4121802.0;10668
4121901.0;13029
4122008.0;15236
4122107.0;3203
4122156.0;13269
4122172.0;4096
4122206.0;32397
4122305.0;34170
4122404.0;66580
4122503.0;9849
4122602.0;9579
4122651.0;4786
4122701.0;6827
4122800.0;3580
4122909.0;4935
4123006.0;14785
4123105.0;3324
4123204.0;3334
4123303.0;7800
4123402.0;12037
4123501.0;26490
4123600.0;1596
4123709.0;8562
4123808.0;14659
4123824.0;3813
4123857.0;9615
4123907.0;11724
4123956.0;3981
4124004.0;4992
4124020.0;10139
4124053.0;23465
4124103.0;45993
4124202.0;2641
4124301.0;2106
4124400.0;20166
4124509.0;5438
4124608.0;6878
4124707.0;11170
4124806.0;10241
4124905.0;5855
4125001.0;10219
4125100.0;15120
4125209.0;9050
4125308.0;5551
4125357.0;5641
4125407.0;6206
4125456.0;3654
4125506.0;323340
4125555.0;2160
4125605.0;46261
4125704.0;27452
4125753.0;5897
4125803.0;10981
4125902.0;2313
4126009.0;8853
4126108.0;5722
4126207.0;6736
4126256.0;96688
4126272.0;5500
4126306.0;19327
4126355.0;4495
4126405.0;5284
4126504.0;16369
4126603.0;21016
4126652.0;2981
4126678.0;14797
4126702.0;5120
4126801.0;16205
4126900.0;5539
4127007.0;12367
4127106.0;78974
4127205.0;17094
4127304.0;16789
4127403.0;17481
4127502.0;20522
4127601.0;16868
4127700.0;140635
4127809.0;7918
4127858.0;12040
4127882.0;8769
4127908.0;8566
4127957.0;8124
4127965.0;13215
4128005.0;21013
4128104.0;111557
4128203.0;57517
4128302.0;2605
4128401.0;11314
4128500.0;19414
4128534.0;11892
4128559.0;8521
4128609.0;7257
4128625.0;2741
4128633.0;5580
4128658.0;4023
4128708.0;6838
4128807.0;5679
4200051.0;2563
4200101.0;17904
4200200.0;10864
4200309.0;5448
4200408.0;7145
4200507.0;6486
4200556.0;2366
4200606.0;6469
4200705.0;10036
4200754.0;1937
4200804.0;5638
4200903.0;4801
4201000.0;7133
4201109.0;3232
4201208.0;8513
4201257.0;10743
4201273.0;4267
4201307.0;38129
4201406.0;68228
4201505.0;8674
4201604.0;3550
4201653.0;2240
4201703.0;7934
4201802.0;3210
4201901.0;5679
4201950.0;13071
4202008.0;142295
4202057.0;10795
4202073.0;10979
4202081.0;2678
4202099.0;1677
4202107.0;29168
4202131.0;6337
4202156.0;2706
4202206.0;11652
4202305.0;68481
4202404.0;357199
4202438.0;3474
4202453.0;19769
4202503.0;4743
4202537.0;3010
4202578.0;2142
4202602.0;9966
4202701.0;5246
4202800.0;33450
4202859.0;3743
4202875.0;2420
4202909.0;134723
4203006.0;78595
4203105.0;6148
4203154.0;3346
4203204.0;82989
4203253.0;2525
4203303.0;11978
4203402.0;7016
4203501.0;8526
4203600.0;36244
4203709.0;12240
4203808.0;54401
4203907.0;22848
4203956.0;24871
4204004.0;10861
4204103.0;3642
4204152.0;2728
4204178.0;3124
4204194.0;2988
4204202.0;220367
4204251.0;16684
4204301.0;74641
4204350.0;4453
4204400.0;9981
4204459.0;2549
4204509.0;15909
4204558.0;12795
4204608.0;215186
4204707.0;11086
4204756.0;1962
4204806.0;39745
4204905.0;8250
4205001.0;15498
4205100.0;4146
4205159.0;4064
4205175.0;3203
4205191.0;2063
4205209.0;4412
4205308.0;10667
4205357.0;1582
4205407.0;500973
4205431.0;2510
4205456.0;26793
4205506.0;36443
4205555.0;2023
4205605.0;2873
4205704.0;23078
4205803.0;18145
4205902.0;69639
4206009.0;14471
4206108.0;6569
4206207.0;11501
4206306.0;23832
4206405.0;10090
4206504.0;44819
4206603.0;5160
4206652.0;4704
4206702.0;22606
4206751.0;1957
4206801.0;3202
4206900.0;18950
4207007.0;56421
4207106.0;14184
4207205.0;10135
4207304.0;44853
4207403.0;6197
4207502.0;69425
4207577.0;2945
4207601.0;4446
4207650.0;8996
4207684.0;7514
4207700.0;7593
4207759.0;3976
4207809.0;10419
4207858.0;1930
4207908.0;11222
4208005.0;6169
4208104.0;21669
4208203.0;219536
4208302.0;65312
4208401.0;16872
4208450.0;20576
4208500.0;25086
4208609.0;3936
4208708.0;10416
4208807.0;20024
4208906.0;177697
4208955.0;1570
4209003.0;30118
4209102.0;590466
4209151.0;4997
4209177.0;2101
4209201.0;2246
4209300.0;157544
4209409.0;45814
4209458.0;1427
4209508.0;6970
4209607.0;15244
4209706.0;12107
4209805.0;3041
4209854.0;4563
4209904.0;12130
4210001.0;12859
4210035.0;5685
4210050.0;1775
4210100.0;56292
4210209.0;3442
4210308.0;8103
4210407.0;7293
4210506.0;25762
4210555.0;1797
4210605.0;16916
4210704.0;2520
4210803.0;7015
4210852.0;2309
4210902.0;4209
4211009.0;11742
4211058.0;9866
4211108.0;8275
4211207.0;17796
4211256.0;2893
4211306.0;81475
4211405.0;5019
4211454.0;4331
4211504.0;14549
4211603.0;15166
4211652.0;2442
4211702.0;22912
4211751.0;18744
4211801.0;7295
4211850.0;2217
4211876.0;1505
4211892.0;2359
4211900.0;171797
4212007.0;7423
4212056.0;2627
4212106.0;16169
4212205.0;19320
4212239.0;3437
4212254.0;8823
4212270.0;4147
4212304.0;7494
4212403.0;3976
4212502.0;32531
4212601.0;2787
4212700.0;5937
4212809.0;23147
4212908.0;20313
4213005.0;3555
4213104.0;3854
4213153.0;2870
4213203.0;33447
4213302.0;4682
4213351.0;3414
4213401.0;11593
4213500.0;21388
4213609.0;35398
4213708.0;17453
4213807.0;7319
4213906.0;1568
4214003.0;17471
4214102.0;2287
4214151.0;2924
4214201.0;9887
4214300.0;2878
4214409.0;6205
4214508.0;5940
4214607.0;7489
4214706.0;11676
4214805.0;71061
4214904.0;4611
4215000.0;42302
4215059.0;2483
4215075.0;4598
4215109.0;11551
4215208.0;4786
4215307.0;7642
4215356.0;3781
4215406.0;4718
4215455.0;12678
4215505.0;16830
4215554.0;2223
4215604.0;2142
4215653.0;8358
4215679.0;8787
4215687.0;2428
4215695.0;1260
4215703.0;23245
4215752.0;2336
4215802.0;84507
4215901.0;2838
4216008.0;11281
4216057.0;5549
4216107.0;9445
4216206.0;52721
4216255.0;6381
4216305.0;37424
4216354.0;3733
4216404.0;7297
4216503.0;26952
4216602.0;246586
4216701.0;13829
4216800.0;8295
4216909.0;24076
4217006.0;13410
4217105.0;3180
4217154.0;1820
4217204.0;40482
4217253.0;5823
4217303.0;9745
4217402.0;21365
4217501.0;17541
4217550.0;3263
4217600.0;14007
4217709.0;30374
4217758.0;2461
4217808.0;18395
4217907.0;8676
4217956.0;1633
4218004.0;38407
4218103.0;5348
4218202.0;44238
4218251.0;7877
4218301.0;19275
4218350.0;3929
4218400.0;7081
4218509.0;7840
4218608.0;7360
4218707.0;105686
4218756.0;4543
4218806.0;12899
4218855.0;2464
4218905.0;11235
4218954.0;2465
4219002.0;21268
4219101.0;3573
4219150.0;2477
4219176.0;4492
4219200.0;6338
4219309.0;53065
4219358.0;4979
4219408.0;3965
4219507.0;50982
4219606.0;3933
4219705.0;28706
4219853.0;3363
4300034.0;4901
4300059.0;3748
4300109.0;16461
4300208.0;7024
4300307.0;5950
4300406.0;73589
4300455.0;3464
4300471.0;1964
4300505.0;6258
4300554.0;1638
4300570.0;3028
4300604.0;210305
4300638.0;7031
4300646.0;7409
4300661.0;1333
4300703.0;5981
4300802.0;13050
4300851.0;3581
4300877.0;5698
4300901.0;6235
4301008.0;20805
4301057.0;10065
4301073.0;2937
4301107.0;14151
4301206.0;13373
4301305.0;18293
4301404.0;10424
4301503.0;6661
4301552.0;3554
4301602.0;121143
4301636.0;14068
4301651.0;6171
4301701.0;6623
4301750.0;7487
4301800.0;5275
4301859.0;3248
4301875.0;4215
4301909.0;13491
4301925.0;1690
4301958.0;2539
4302006.0;11199
4302055.0;1994
4302105.0;120454
4302154.0;2098
4302204.0;6712
4302220.0;2470
4302238.0;2603
4302253.0;2783
4302303.0;11349
4302352.0;14055
4302378.0;1942
4302402.0;12328
4302451.0;7714
4302501.0;6279
4302584.0;2123
4302600.0;3353
4302659.0;5074
4302709.0;20941
4302808.0;33624
4302907.0;12561
4303004.0;82201
4303103.0;130293
4303202.0;5065
4303301.0;4846
4303400.0;4743
4303509.0;66261
4303558.0;2733
4303608.0;6431
4303673.0;3388
4303707.0;5474
4303806.0;5454
4303905.0;66712
4304002.0;4484
4304101.0;3320
4304200.0;31365
4304309.0;6198
4304358.0;9584
4304408.0;44998
4304507.0;56045
4304606.0;346616
4304614.0;1716
4304622.0;1654
4304630.0;53049
4304655.0;3651
4304663.0;25354
4304671.0;4660
4304689.0;11940
4304697.0;2757
4304705.0;62110
4304713.0;8270
4304804.0;29833
4304853.0;1377
4304903.0;9031
4304952.0;3202
4305009.0;8774
4305108.0;510906
4305116.0;2891
4305124.0;6091
4305132.0;4691
4305157.0;2311
4305173.0;12239
4305207.0;14133
4305306.0;9269
4305355.0;40789
4305371.0;3279
4305405.0;3756
4305439.0;6704
4305447.0;5441
4305454.0;16254
4305504.0;4747
4305587.0;2438
4305603.0;3175
4305702.0;6753
4305801.0;9911
4305835.0;1501
4305850.0;2306
4305871.0;2519
4305900.0;7325
4305934.0;1628
4305959.0;3853
4305975.0;2756
4306007.0;13448
4306056.0;8009
4306072.0;2847
4306106.0;60299
4306130.0;1833
4306205.0;12348
4306304.0;4740
4306320.0;2805
4306353.0;2427
4306379.0;3014
4306403.0;32671
4306429.0;2026
4306452.0;3400
4306502.0;15414
4306551.0;2534
4306601.0;38461
4306700.0;3041
4306734.0;4549
4306759.0;1983
4306767.0;41285
4306809.0;22706
4306908.0;25877
4306924.0;1034
4306932.0;8475
4306957.0;2792
4306973.0;2991
4307005.0;105862
4307054.0;3168
4307104.0;6821
4307203.0;4859
4307302.0;6912
4307401.0;3282
4307450.0;2926
4307500.0;15588
4307559.0;5958
4307609.0;50022
4307708.0;83202
4307807.0;34116
4307815.0;3655
4307831.0;2396
4307864.0;2731
4307906.0;72331
4308003.0;6677
4308052.0;2315
4308078.0;4533
4308102.0;13547
4308201.0;30745
4308250.0;1766
4308300.0;10304
4308409.0;6664
4308433.0;2412
4308458.0;4320
4308508.0;31313
4308607.0;35070
4308656.0;2924
4308706.0;5534
4308805.0;8385
4308854.0;1634
4308904.0;16212
4309001.0;16004
4309050.0;8098
4309100.0;36232
4309126.0;2082
4309159.0;4325
4309209.0;281519
4309258.0;1503
4309308.0;98143
4309407.0;25727
4309506.0;7537
4309555.0;4866
4309571.0;3018
4309605.0;19329
4309654.0;6776
4309704.0;4762
4309753.0;4406
4309803.0;4709
4309902.0;7262
4309951.0;4013
4310009.0;20350
4310108.0;36899
4310207.0;83475
4310306.0;4078
4310330.0;22800
4310363.0;3120
4310405.0;6167
4310413.0;2226
4310439.0;6640
4310462.0;1889
4310504.0;7241
4310538.0;5499
4310553.0;3465
4310579.0;2094
4310603.0;37620
4310652.0;2419
4310702.0;3324
4310751.0;1910
4310801.0;24293
4310850.0;3810
4310876.0;2692
4310900.0;3561
4311007.0;26680
4311106.0;10848
4311122.0;3716
4311130.0;3503
4311155.0;8560
4311205.0;19293
4311239.0;2903
4311254.0;6452
4311270.0;1609
4311304.0;27807
4311403.0;84014
4311429.0;2564
4311502.0;7480
4311601.0;5219
4311627.0;6054
4311643.0;1714
4311700.0;5445
4311718.0;4587
4311734.0;2981
4311759.0;7299
4311775.0;6714
4311791.0;2691
4311809.0;44161
4311908.0;4402
4311981.0;3885
4312005.0;2031
4312054.0;4009
4312104.0;4823
4312138.0;2540
4312153.0;4515
4312179.0;1648
4312203.0;4377
4312252.0;8075
4312302.0;4925
4312351.0;1453
4312377.0;3226
4312385.0;2548
4312401.0;65264
4312427.0;3085
4312443.0;2949
4312450.0;6568
4312476.0;6407
4312500.0;12804
4312609.0;4954
4312617.0;3162
4312625.0;1893
4312658.0;17624
4312674.0;1682
4312708.0;11695
4312757.0;3625
4312807.0;4759
4312906.0;9916
4312955.0;1775
4313003.0;3330
4313011.0;2698
4313037.0;5352
4313060.0;21615
4313086.0;2553
4313102.0;6512
4313201.0;21353
4313300.0;27257
4313334.0;2242
4313359.0;3689
4313375.0;29300
4313391.0;4196
4313409.0;246748
4313425.0;3323
4313441.0;2211
4313466.0;1719
4313490.0;4164
4313508.0;45994
4313607.0;3828
4313656.0;11318
4313706.0;33303
4313805.0;7057
4313904.0;43667
4313953.0;9174
4314001.0;7657
4314027.0;7611
4314035.0;3837
4314050.0;58272
4314068.0;5702
4314076.0;6535
4314100.0;203275
4314134.0;2293
4314159.0;8487
4314175.0;1982
4314209.0;7730
4314308.0;3874
4314407.0;342405
4314423.0;5742
4314456.0;2579
4314464.0;1941
4314472.0;4350
4314498.0;4871
4314506.0;12271
4314555.0;2304
4314605.0;20663
4314704.0;10084
4314753.0;2098
4314779.0;3904
4314787.0;1547
4314803.0;37079
4314902.0;1483771
4315008.0;4678
4315057.0;2374
4315073.0;1360
4315107.0;10246
4315131.0;1639
4315149.0;2901
4315156.0;6244
4315172.0;1947
4315206.0;3919
4315305.0;22687
4315313.0;1849
4315321.0;2788
4315354.0;3796
4315404.0;11549
4315453.0;2090
4315503.0;15789
4315552.0;2752
4315602.0;211005
4315701.0;38275
4315750.0;4653
4315800.0;11393
4315909.0;5867
4315958.0;2323
4316006.0;21349
4316105.0;10601
4316204.0;5130
4316303.0;6847
4316402.0;39422
4316428.0;2609
4316436.0;2650
4316451.0;12449
4316477.0;2733
4316501.0;7799
4316600.0;16270
4316709.0;7994
4316733.0;1639
4316758.0;6603
4316808.0;130416
4316907.0;282123
4316956.0;6331
4316972.0;2562
4317004.0;8098
4317103.0;77027
4317202.0;73254
4317251.0;1729
4317301.0;29676
4317400.0;49425
4317509.0;77593
4317558.0;2128
4317608.0;42894
4317707.0;10175
4317756.0;2019
4317806.0;13885
4317905.0;14257
4317954.0;2324
4318002.0;60282
4318051.0;3074
4318101.0;18335
4318200.0;21710
4318309.0;62105
4318408.0;24248
4318424.0;4657
4318432.0;2552
4318440.0;2824
4318457.0;2537
4318465.0;1971
4318481.0;4804
4318499.0;2073
4318507.0;27568
4318606.0;6933
4318614.0;2408
4318622.0;3527
4318705.0;236835
4318804.0;43582
4318903.0;33468
4319000.0;21556
4319109.0;5426
4319125.0;3234
4319158.0;7673
4319208.0;5265
4319307.0;5790
4319356.0;3801
4319364.0;2009
4319372.0;2947
4319406.0;16198
4319505.0;25685
4319604.0;23621
4319703.0;3299
4319711.0;2242
4319737.0;2727
4319752.0;2243
4319802.0;8721
4319901.0;81734
4320008.0;141075
4320107.0;24489
4320206.0;10750
4320230.0;2907
4320263.0;7421
4320305.0;5100
4320321.0;2779
4320354.0;5581
4320404.0;17502
4320453.0;1962
4320503.0;5415
4320552.0;6486
4320578.0;1970
4320602.0;3657
4320651.0;2384
4320677.0;10172
4320701.0;14967
4320800.0;31002
4320859.0;4719
4320909.0;24111
4321006.0;10584
4321105.0;17300
4321204.0;57466
4321303.0;26862
4321329.0;3072
4321352.0;5481
4321402.0;13485
4321436.0;11204
4321451.0;33232
4321469.0;3030
4321477.0;5704
4321493.0;2806
4321501.0;38732
4321600.0;51715
4321626.0;2336
4321634.0;2668
4321667.0;11053
4321709.0;28220
4321808.0;23906
4321832.0;2697
4321857.0;4271
4321907.0;23906
4321956.0;5802
4322004.0;29538
4322103.0;5678
4322152.0;4569
4322186.0;1472
4322202.0;23948
4322251.0;4855
4322301.0;7893
4322327.0;3438
4322343.0;2015
4322350.0;1154
4322376.0;2338
4322400.0;126970
4322509.0;66218
4322525.0;3497
4322533.0;11781
4322541.0;5913
4322558.0;2113
4322608.0;71554
4322707.0;26863
4322806.0;26241
4322855.0;1815
4322905.0;4756
4323002.0;255224
4323101.0;4670
4323200.0;2882
4323309.0;3385
4323358.0;2091
4323408.0;4358
4323457.0;4280
4323507.0;2752
4323606.0;1561
4323705.0;2851
4323754.0;3133
4323770.0;3014
4323804.0;16408
5000203.0;15522
5000252.0;5343
5000609.0;39396
5000708.0;25135
5000807.0;9035
5000856.0;10780
5000906.0;8956
5001003.0;25745
5001102.0;47871
5001243.0;12149
5001508.0;6788
5001904.0;23024
5002001.0;11329
5002100.0;24629
5002159.0;7875
5002209.0;21976
5002308.0;11872
5002407.0;30174
5002605.0;13711
5002704.0;895982
5002803.0;6116
5002902.0;21939
5002951.0;25218
5003108.0;5947
5003157.0;15253
5003207.0;111435
5003256.0;20823
5003306.0;33543
5003454.0;12924
5003488.0;11385
5003504.0;5924
5003702.0;222949
5003751.0;12353
5003801.0;19189
5003900.0;3051
5004007.0;9965
5004106.0;9895
5004304.0;16078
5004403.0;7610
5004502.0;24839
5004601.0;21142
5004700.0;23187
5004809.0;9110
5004908.0;7187
5005004.0;26097
5005103.0;4027
5005152.0;6712
5005202.0;23331
5005251.0;7341
5005400.0;47083
5005608.0;28013
5005681.0;18366
5005707.0;54878
5005806.0;13930
5006002.0;21882
5006200.0;54374
5006259.0;3814
5006309.0;42148
5006358.0;14228
5006408.0;7674
5006606.0;92526
5006903.0;17131
5007109.0;24615
5007208.0;37514
5007307.0;4831
5007406.0;19746
5007505.0;5499
5007554.0;7851
5007695.0;26771
5007703.0;10791
5007802.0;6529
5007901.0;57665
5007935.0;19274
5007950.0;11552
5007976.0;3588
5008008.0;21806
5008305.0;121388
5008404.0;6102
5100102.0;5399
5100201.0;25721
5100250.0;51782
5100300.0;19044
5100359.0;6822
5100409.0;12030
5100508.0;11356
5100607.0;10847
5100805.0;10133
5101001.0;3100
5101209.0;935
5101258.0;16822
5101308.0;9607
5101407.0;22354
5101605.0;8564
5101704.0;34966
5101803.0;61012
5101852.0;6580
5101902.0;19695
5102504.0;94376
5102603.0;15980
5102637.0;35360
5102678.0;44041
5102686.0;6891
5102694.0;4743
5102702.0;21579
5102793.0;10305
5102850.0;8729
5103007.0;19752
5103056.0;12149
5103106.0;5700
5103205.0;33438
5103254.0;38582
5103304.0;20763
5103353.0;30933
5103361.0;4038
5103379.0;19750
5103403.0;612547
5103437.0;5219
5103452.0;9462
5103502.0;22041
5103601.0;8178
5103700.0;14192
5103809.0;3494
5103858.0;7648
5103908.0;5540
5103957.0;3026
5104104.0;35816
5104203.0;15141
5104500.0;2752
5104526.0;7667
5104542.0;6737
5104559.0;3802
5104609.0;13345
5104807.0;27776
5104906.0;8409
5105002.0;8793
5105101.0;34974
5105150.0;40997
5105176.0;15865
5105200.0;11221
5105234.0;6121
5105259.0;65534
5105309.0;2077
5105507.0;16128
5105580.0;10499
5105606.0;16566
5105622.0;27739
5105903.0;15336
5106000.0;5989
5106109.0;13216
5106158.0;15288
5106174.0;3849
5106182.0;6640
5106190.0;3718
5106208.0;3829
5106216.0;12787
5106224.0;45378
5106232.0;20301
5106240.0;11982
5106257.0;21374
5106265.0;9178
5106273.0;4004
5106281.0;5074
5106299.0;11225
5106307.0;22563
5106315.0;2640
5106372.0;17626
5106422.0;34976
5106455.0;2662
5106505.0;32843
5106653.0;6711
5106703.0;1576
5106752.0;45436
5106778.0;12517
5106802.0;5410
5106828.0;12017
5106851.0;2963
5107008.0;16219
5107040.0;62019
5107065.0;17479
5107107.0;18906
5107156.0;2732
5107180.0;10206
5107198.0;2405
5107206.0;5156
5107248.0;4525
5107263.0;3146
5107297.0;4063
5107305.0;20664
5107354.0;5595
5107404.0;4727
5107578.0;4001
5107602.0;232491
5107701.0;17151
5107743.0;2564
5107750.0;3365
5107768.0;3429
5107776.0;8371
5107792.0;5174
5107800.0;16628
5107859.0;11708
5107875.0;25881
5107883.0;1650
5107909.0;142996
5107925.0;90313
5107941.0;9489
5107958.0;103750
5108006.0;13705
5108055.0;9667
5108105.0;3805
5108204.0;3609
5108303.0;3525
5108352.0;3127
5108402.0;284971
5108501.0;11309
5108600.0;26037
5108808.0;4519
5108857.0;3278
5108907.0;8641
5108956.0;9178
5200050.0;8773
5200100.0;20042
5200134.0;22366
5200159.0;2516
5200175.0;5735
5200209.0;1850
5200258.0;212440
5200308.0;27653
5200506.0;1995
5200555.0;6414
5200605.0;7624
5200803.0;8660
5200829.0;3812
5200852.0;6111
5200902.0;3126
5201108.0;386923
5201207.0;1149
5201306.0;21850
5201405.0;578179
5201454.0;2474
5201504.0;4198
5201603.0;3522
5201702.0;20118
5201801.0;10308
5202155.0;7770
5202353.0;2612
5202502.0;9875
5202601.0;3120
5202809.0;2417
5203104.0;5138
5203203.0;11167
5203302.0;29975
5203401.0;8841
5203500.0;25216
5203559.0;9706
5203575.0;4405
5203609.0;3703
5203807.0;5779
5203906.0;9459
5203939.0;2488
5203962.0;3292
5204003.0;7993
5204102.0;12484
5204201.0;1351
5204250.0;8067
5204300.0;16009
5204409.0;18913
5204508.0;91162
5204557.0;3804
5204607.0;3630
5204656.0;3640
5204706.0;12626
5204805.0;7589
5204854.0;7789
5204904.0;19887
5204953.0;2141
5205000.0;10082
5205059.0;3435
5205109.0;108823
5205208.0;5070
5205307.0;9709
5205406.0;22191
5205455.0;8606
5205471.0;10167
5205497.0;71376
5205513.0;20240
5205521.0;3382
5205703.0;2327
5205802.0;11110
5205901.0;9723
5206206.0;58997
5206305.0;2966
5206404.0;16949
5206503.0;3486
5206602.0;2854
5206701.0;3311
5206800.0;2938
5206909.0;2094
5207105.0;2484
5207253.0;7322
5207352.0;3699
5207402.0;12372
5207501.0;3275
5207535.0;6627
5207600.0;5637
5207808.0;13292
5207907.0;16557
5208004.0;121617
5208103.0;4248
5208152.0;3818
5208301.0;4804
5208400.0;11231
5208509.0;5600
5208608.0;70084
5208707.0;1516113
5208806.0;44289
5208905.0;22645
5209101.0;34095
5209150.0;5898
5209200.0;14209
5209291.0;1996
5209408.0;3893
5209457.0;1794
5209606.0;3724
5209705.0;21706
5209804.0;3564
5209903.0;13947
5209937.0;6194
5209952.0;15611
5210000.0;52866
5210109.0;26985
5210158.0;2893
5210208.0;31531
5210307.0;2800
5210406.0;42900
5210562.0;4676
5210604.0;5237
5210802.0;4539
5210901.0;22981
5211008.0;4997
5211206.0;25768
5211305.0;7178
5211404.0;8938
5211503.0;104742
5211602.0;2370
5211701.0;6048
5211800.0;50511
5211909.0;100882
5212006.0;2879
5212055.0;2490
5212105.0;7387
5212204.0;18478
5212253.0;1588
5212303.0;7647
5212501.0;208299
5212600.0;2368
5212709.0;8882
5212808.0;9503
5212907.0;2236
5212956.0;4351
5213004.0;14080
5213053.0;2597
5213087.0;29070
5213103.0;66801
5213400.0;1529
5213509.0;8606
5213707.0;8055
5213756.0;13396
5213772.0;4479
5213806.0;46136
5213855.0;2248
5213905.0;4290
5214002.0;15659
5214051.0;4887
5214101.0;3778
5214408.0;9142
5214507.0;29850
5214606.0;46388
5214705.0;2352
5214804.0;2210
5214838.0;12869
5214861.0;8164
5214879.0;2929
5214903.0;3264
5215009.0;9853
5215207.0;2913
5215231.0;115711
5215256.0;4495
5215306.0;15615
5215405.0;3759
5215504.0;6667
5215603.0;33835
5215652.0;3464
5215702.0;28858
5215801.0;2381
5215900.0;3585
5216007.0;2615
5216304.0;10057
5216403.0;10988
5216452.0;3129
5216809.0;10281
5216908.0;2253
5217104.0;24524
5217203.0;10385
5217302.0;24908
5217401.0;31458
5217609.0;89918
5217708.0;17819
5218003.0;45394
5218052.0;3881
5218102.0;4011
5218300.0;36900
5218391.0;3223
5218508.0;50065
5218607.0;10918
5218706.0;4801
5218789.0;4493
5218805.0;235647
5218904.0;19882
5219001.0;7637
5219100.0;6560
5219209.0;2855
5219258.0;5459
5219308.0;38648
5219357.0;3809
5219407.0;8756
5219456.0;3343
5219506.0;2319
5219605.0;3355
5219704.0;8744
5219712.0;4821
5219738.0;6283
5219753.0;74744
5219803.0;12949
5219902.0;6264
5220009.0;13740
5220058.0;1381
5220108.0;33817
5220157.0;5167
5220207.0;21993
5220264.0;4057
5220280.0;2036
5220405.0;20645
5220454.0;115371
5220504.0;8544
5220603.0;20695
5220686.0;6856
5220702.0;2989
5221007.0;3529
5221080.0;3458
5221197.0;8043
5221304.0;2833
5221403.0;127599
5221452.0;3500
5221502.0;4598
5221551.0;5281
5221577.0;2854
5221601.0;40532
5221700.0;13843
5221809.0;3072
5221858.0;168468
5221908.0;3827
5222005.0;13863
5222054.0;8743
5222203.0;6171
5222302.0;5821
5300108.0;3015268
