COD_UF;COD_MN;POP_ESTIM
11;15;22945
11;23;107863
11;31;5312
11;49;85359
11;56;16323
11;64;15882
11;72;7391
11;80;18331
11;98;32374
11;106;46174
11;114;51775
11;122;128969
11;130;39991
11;148;20474
11;155;36035
11;189;36660
11;205;529544
11;254;18986
11;262;3764
11;288;55058
11;296;6495
11;304;99854
11;320;23005
11;338;30583
11;346;14411
11;379;13241
11;403;21428
11;452;39654
11;502;8538
11;601;6230
11;700;14139
11;809;26693
11;908;3052
11;924;11182
11;940;25215
11;1005;7767
11;1104;10458
11;1203;9660
11;1302;10947
11;1401;15852
11;1435;6970
11;1450;6074
11;1468;2169
11;1476;2856
11;1484;5172
11;1492;20266
11;1500;11856
11;1559;4308
11;1609;10444
11;1708;11467
11;1757;11204
11;1807;6825
12;13;15256
12;54;7417
12;104;26278
12;138;10266
12;179;11733
12;203;88376
12;252;18411
12;302;34780
12;328;8317
12;336;18977
12;344;9459
12;351;18867
12;385;19761
12;393;11982
12;401;407319
12;427;18930
12;435;6540
12;450;23024
12;500;45848
12;609;42567
12;708;19323
12;807;18504
13;29;16041
13;60;11536
13;86;13614
13;102;21010
13;144;21973
13;201;19921
13;300;39565
13;409;27502
13;508;32041
13;607;42984
13;631;19679
13;680;19207
13;706;34308
13;805;41161
13;839;13081
13;904;15629
13;1001;28294
13;1100;37869
13;1159;30225
13;1209;85097
13;1308;28637
13;1407;35273
13;1506;20033
13;1605;17609
13;1654;16678
13;1704;55080
13;1803;29689
13;1852;48296
13;1902;101337
13;1951;7851
13;2009;9148
13;2108;2755
13;2207;14712
13;2306;14317
13;2405;46069
13;2504;97377
13;2553;32105
13;2603;2182763
13;2702;55751
13;2801;18224
13;2900;63905
13;3007;21173
13;3106;37378
13;3205;19454
13;3304;25644
13;3403;114273
13;3502;19426
13;3536;36279
13;3569;33347
13;3601;25156
13;3700;21602
13;3809;45564
13;3908;39299
13;3957;14020
13;4005;9171
13;4062;65844
13;4104;17156
13;4203;59849
13;4237;18755
13;4260;13540
13;4302;16256
13;4401;23065
14;27;12796
14;50;15510
14;100;399213
14;159;12409
14;175;18335
14;209;21926
14;233;10169
14;282;11950
14;308;17853
14;407;11290
14;456;17401
14;472;30163
14;506;8201
14;605;7986
14;704;10559
15;107;157698
15;131;7434
15;206;55591
15;305;39218
15;347;27430
15;404;56789
15;503;34109
15;602;114594
15;701;29277
15;800;530598
15;859;27890
15;909;45998
15;958;31338
15;1006;16388
15;1105;30673
15;1204;47446
15;1253;3286
15;1303;124680
15;1402;1492745
15;1451;17732
15;1501;62737
15;1576;16981
15;1600;16286
15;1709;127686
15;1725;15086
15;1758;7380
15;1782;66046
15;1808;102701
15;1907;29132
15;1956;33900
15;2004;23767
15;2103;137890
15;2152;37085
15;2202;69027
15;2301;54303
15;2400;200793
15;2509;23717
15;2608;12085
15;2707;47864
15;2756;33318
15;2764;13473
15;2772;17929
15;2806;34448
15;2855;14393
15;2905;40066
15;2939;59719
15;2954;33808
15;3002;7194
15;3044;20304
15;3077;26066
15;3093;40475
15;3101;33376
15;3200;38807
15;3309;62698
15;3408;11711
15;3457;64053
15;3507;32550
15;3606;101247
15;3705;53269
15;3754;8239
15;3804;59155
15;3903;57943
15;4000;28935
15;4059;30077
15;4109;8548
15;4208;279349
15;4307;29473
15;4406;28336
15;4422;131521
15;4455;31597
15;4505;27654
15;4604;31136
15;4703;82094
15;4752;16084
15;4802;58032
15;4901;40349
15;4950;21368
15;4976;16678
15;5007;15363
15;5031;25762
15;5064;75919
15;5106;52137
15;5205;32512
15;5304;73096
15;5403;17842
15;5437;32832
15;5486;47706
15;5494;7589
15;5502;113145
15;5536;208273
15;5551;5483
15;5601;8077
15;5635;12981
15;5650;30982
15;5700;31082
15;5809;62043
15;5908;41135
15;6005;29866
15;6104;10825
15;6112;13608
15;6138;84787
15;6161;18193
15;6187;52357
15;6195;50510
15;6203;40675
15;6302;23752
15;6351;21079
15;6401;10128
15;6500;70801
15;6559;19848
15;6583;21449
15;6609;24861
15;6708;72817
15;6807;304589
15;6906;6709
15;7003;31482
15;7102;18050
15;7151;25557
15;7201;31989
15;7300;128481
15;7409;15882
15;7458;24847
15;7466;6139
15;7474;23045
15;7508;13996
15;7607;58986
15;7706;26640
15;7755;5930
15;7805;11658
15;7904;25374
15;7953;106339
15;7961;11720
15;7979;18769
15;8001;63447
15;8035;30959
15;8050;18989
15;8084;39602
15;8100;113659
15;8126;59210
15;8159;45476
15;8209;53686
15;8308;61403
15;8357;15134
15;8407;44751
16;55;5397
16;105;9109
16;154;16502
16;204;11117
16;212;5983
16;238;7780
16;253;5503
16;279;50410
16;303;503327
16;402;21632
16;501;27270
16;535;21971
16;550;5120
16;600;121364
16;709;17315
16;808;15931
17;251;2579
17;301;6733
17;350;5390
17;400;7055
17;707;8412
17;1002;9549
17;1051;3433
17;1101;4795
17;1309;5758
17;1903;7086
17;2000;8517
17;2109;180470
17;2158;5729
17;2208;35761
17;2307;6643
17;2406;10567
17;2554;18412
17;2703;3757
17;2901;9756
17;3008;10664
17;3057;3553
17;3073;4591
17;3107;5632
17;3206;4459
17;3305;4894
17;3602;2201
17;3701;5497
17;3800;11348
17;3826;2275
17;3842;10116
17;3867;4382
17;3883;2580
17;3891;4095
17;3909;5369
17;4105;2905
17;4600;1406
17;5102;3333
17;5508;35424
17;5557;4852
17;5607;4105
17;6001;5588
17;6100;7289
17;6258;1722
17;6506;6097
17;7009;22139
17;7108;6900
17;7207;7198
17;7306;4686
17;7405;10996
17;7553;3835
17;7652;5263
17;7702;8856
17;8205;18440
17;8254;2589
17;8304;5123
17;9005;13019
17;9302;25923
17;9500;86647
17;9807;2015
17;10508;7433
17;10706;5864
17;10904;3777
17;11100;2427
17;11506;3849
17;11803;2193
17;11902;13357
17;11951;4316
17;12009;3134
17;12157;1923
17;12405;3740
17;12454;3108
17;12504;5175
17;12702;2684
17;12801;3426
17;13205;18248
17;13304;13434
17;13601;7947
17;13700;2279
17;13809;6658
17;13957;3551
17;14203;9244
17;14302;3898
17;14880;11819
17;15002;4260
17;15101;4342
17;15150;2332
17;15259;2722
17;15507;1112
17;15705;6026
17;15754;7659
17;16109;51252
17;16208;10449
17;16307;4849
17;16505;13578
17;16604;11749
17;16653;5477
17;16703;8205
17;17008;4447
17;17206;3028
17;17503;7654
17;17800;4596
17;17909;8039
17;18006;3139
17;18204;53010
17;18303;8432
17;18402;3684
17;18451;2688
17;18501;4293
17;18550;4645
17;18659;2130
17;18709;2834
17;18758;6478
17;18808;4711
17;18840;3375
17;18865;7512
17;18881;3434
17;18899;2365
17;18907;4829
17;19004;2866
17;20002;2529
17;20101;5324
17;20150;1585
17;20200;12139
17;20259;3082
17;20309;4805
17;20499;3960
17;20655;5403
17;20804;9029
17;20853;1966
17;20903;16683
17;20937;2148
17;20978;2793
17;21000;299127
17;21109;7545
17;21208;22870
17;21257;1891
17;21307;2671
17;22081;11683
17;22107;11540
21;55;112445
21;105;6524
21;154;12571
21;204;22097
21;303;26532
21;402;8128
21;436;27053
21;477;31919
21;501;11190
21;550;6962
21;600;41435
21;709;26803
21;808;15732
21;832;17239
21;873;15426
21;907;46440
21;956;32701
21;1004;29848
21;1103;12130
21;1202;104949
21;1251;17055
21;1301;18582
21;1350;5644
21;1400;94887
21;1509;18820
21;1608;88212
21;1707;62528
21;1731;7469
21;1772;11209
21;1806;5632
21;1905;21280
21;1939;6043
21;1970;9287
21;2002;41630
21;2036;34028
21;2077;16294
21;2101;36397
21;2150;9188
21;2200;28678
21;2309;23884
21;2325;72358
21;2358;15430
21;2374;9431
21;2408;11177
21;2507;19379
21;2556;14374
21;2606;20178
21;2705;21995
21;2754;10934
21;2804;24322
21;2903;23807
21;3000;164880
21;3109;10675
21;3125;8673
21;3158;13458
21;3174;21622
21;3208;79675
21;3257;14697
21;3307;122859
21;3406;49435
21;3505;41178
21;3554;16237
21;3604;65296
21;3703;32695
21;3752;12908
21;3802;23350
21;3901;11349
21;4008;17241
21;4057;41946
21;4073;8504
21;4081;10360
21;4099;19089
21;4107;12631
21;4206;15552
21;4305;11819
21;4404;17934
21;4503;10840
21;4552;18296
21;4602;16828
21;4628;7807
21;4651;10180
21;4677;25577
21;4701;6262
21;4800;69527
21;4909;12030
21;5005;28717
21;5104;27113
21;5153;14177
21;5203;11320
21;5302;258682
21;5351;16057
21;5401;68203
21;5427;26000
21;5450;10153
21;5476;16515
21;5500;23632
21;5609;16168
21;5658;3432
21;5708;50266
21;5807;10840
21;5906;16257
21;5922;11250
21;5948;8873
21;5963;11394
21;5989;7550
21;6003;11893
21;6102;12157
21;6201;6951
21;6300;19826
21;6326;21395
21;6359;7792
21;6375;16265
21;6409;16829
21;6508;23370
21;6607;33782
21;6631;16745
21;6672;8464
21;6706;21015
21;6755;28381
21;6805;14962
21;6904;33434
21;7001;9160
21;7100;19433
21;7209;14454
21;7258;5384
21;7308;4683
21;7357;20928
21;7407;19505
21;7456;14701
21;7506;122197
21;7605;19722
21;7704;21386
21;7803;34907
21;7902;19019
21;8009;19472
21;8058;16035
21;8108;21040
21;8207;39229
21;8256;25144
21;8306;38470
21;8405;14318
21;8454;23196
21;8504;32941
21;8603;83387
21;8702;21485
21;8801;18625
21;8900;17873
21;9007;23885
21;9056;5975
21;9106;47804
21;9205;12734
21;9239;7015
21;9270;18918
21;9304;11193
21;9403;15315
21;9452;30761
21;9502;20195
21;9551;7791
21;9601;42740
21;9700;5671
21;9759;7773
21;9809;42130
21;9908;89044
21;10005;72667
21;10039;25254
21;10104;25642
21;10203;37855
21;10237;13386
21;10278;15846
21;10302;14528
21;10401;18663
21;10500;45211
21;10609;28507
21;10658;7392
21;10708;34376
21;10807;4585
21;10856;11798
21;10906;12210
21;11003;20665
21;11029;15808
21;11052;11177
21;11078;18543
21;11102;25929
21;11201;177687
21;11250;7641
21;11300;1101884
21;11409;18856
21;11508;41529
21;11532;12690
21;11573;4668
21;11607;18868
21;11631;5237
21;11672;6719
21;11706;22247
21;11722;13914
21;11748;11141
21;11763;14293
21;11789;10253
21;11805;18081
21;11904;10636
21;11953;5660
21;12001;8521
21;12100;29124
21;12209;169107
21;12233;21998
21;12274;5840
21;12308;41832
21;12407;35604
21;12456;25619
21;12506;58860
21;12605;33122
21;12704;56510
21;12803;52441
21;12852;13392
21;12902;32764
21;13009;31523
21;14007;51714
22;53;7084
22;103;5139
22;202;17411
22;251;7651
22;277;4915
22;301;14304
22;400;40524
22;459;5419
22;509;17598
22;608;6788
22;707;9880
22;806;3164
22;905;5835
22;954;2551
22;1002;4727
22;1051;7846
22;1101;11289
22;1150;11586
22;1176;3951
22;1200;47066
22;1309;3348
22;1408;7032
22;1507;26857
22;1556;4015
22;1572;3566
22;1606;10467
22;1705;5501
22;1739;6205
22;1770;6781
22;1804;4500
22;1903;25179
22;1919;5630
22;1929;5670
22;1945;6407
22;1960;8329
22;1988;3875
22;2000;19781
22;2026;8244
22;2059;10586
22;2075;3559
22;2083;7642
22;2091;5776
22;2109;5613
22;2117;5045
22;2133;5943
22;2174;7279
22;2208;46833
22;2251;3950
22;2307;21187
22;2406;11417
22;2455;4100
22;2505;10916
22;2539;5868
22;2554;5067
22;2604;19716
22;2653;5424
22;2703;27787
22;2711;4891
22;2729;6153
22;2737;4020
22;2752;6484
22;2778;7656
22;2802;4803
22;2851;4682
22;2901;26644
22;3008;8294
22;3107;10423
22;3206;11388
22;3230;4954
22;3255;4443
22;3271;5343
22;3305;13817
22;3354;7011
22;3404;6904
22;3420;4355
22;3453;9556
22;3503;14602
22;3602;4915
22;3701;39737
22;3750;5307
22;3800;4463
22;3859;2558
22;3909;59935
22;4006;5348
22;4105;4348
22;4154;3184
22;4204;9319
22;4303;11625
22;4352;5442
22;4402;10690
22;4501;10499
22;4550;4562
22;4600;3877
22;4659;9426
22;4709;15308
22;4808;9811
22;4907;8549
22;5003;11530
22;5102;11019
22;5151;5741
22;5201;19104
22;5250;4504
22;5276;4865
22;5300;4452
22;5359;3008
22;5409;14354
22;5458;5443
22;5508;39208
22;5516;5478
22;5524;5627
22;5532;4763
22;5540;2845
22;5557;8542
22;5565;4655
22;5573;6758
22;5581;4064
22;5599;5177
22;5607;5295
22;5706;30311
22;5805;25486
22;5854;8310
22;5904;5349
22;5953;8492
22;6001;4549
22;6050;6441
22;6100;10936
22;6209;33760
22;6308;1246
22;6357;6613
22;6407;10564
22;6506;7749
22;6605;10613
22;6654;4532
22;6670;6796
22;6696;9159
22;6704;7339
22;6720;8570
22;6753;4870
22;6803;8692
22;6902;6565
22;6951;2991
22;7009;37029
22;7108;2459
22;7207;6868
22;7306;4129
22;7355;3389
22;7405;5043
22;7504;14539
22;7553;3945
22;7603;10791
22;7702;153078
22;7751;4313
22;7777;6392
22;7793;4045
22;7801;20523
22;7850;3677
22;7900;38742
22;7934;2536
22;7959;4374
22;8007;78222
22;8106;12127
22;8205;18425
22;8304;28791
22;8403;63742
22;8502;12568
22;8551;2710
22;8601;3151
22;8650;8992
22;8700;8778
22;8809;17978
22;8858;4312
22;8874;4477
22;8908;7341
22;9005;6432
22;9104;6240
22;9153;4019
22;9203;6253
22;9302;5860
22;9351;4634
22;9377;5257
22;9401;6415
22;9450;2161
22;9500;3798
22;9559;4448
22;9609;2942
22;9658;5755
22;9708;6423
22;9757;3041
22;9807;5015
22;9856;4608
22;9872;6042
22;9906;6139
22;9955;4840
22;9971;7989
22;10003;20601
22;10052;5346
22;10102;3745
22;10201;6705
22;10300;6363
22;10359;4573
22;10375;2644
22;10383;2452
22;10391;3039
22;10409;17662
22;10508;14291
22;10607;34710
22;10623;3469
22;10631;4294
22;10656;10041
22;10706;14633
22;10805;12711
22;10904;4569
22;10938;6730
22;10953;2919
22;10979;2765
22;11001;864845
22;11100;44485
22;11209;21558
22;11308;20918
22;11357;4947
22;11407;4391
22;11506;3077
22;11605;2971
22;11704;4462
23;101;11737
23;150;14929
23;200;62641
23;309;54270
23;408;17399
23;507;11714
23;606;7586
23;705;17146
23;754;43452
23;804;7353
23;903;14600
23;1000;80271
23;1109;74547
23;1208;26469
23;1257;10935
23;1307;21600
23;1406;11847
23;1505;7840
23;1604;23417
23;1703;24654
23;1802;6288
23;1851;18197
23;1901;60781
23;1950;22425
23;2008;22680
23;2057;15017
23;2107;35750
23;2206;53573
23;2305;32591
23;2404;54470
23;2503;49477
23;2602;63661
23;2701;27426
23;2800;76997
23;2909;17738
23;3006;22547
23;3105;18448
23;3204;26965
23;3303;18699
23;3402;17606
23;3501;71743
23;3600;20698
23;3659;10342
23;3709;361400
23;3808;25557
23;3907;13069
23;3931;13521
23;3956;20264
23;4004;23136
23;4103;75074
23;4202;132123
23;4236;18063
23;4251;24827
23;4269;9625
23;4277;7198
23;4285;53618
23;4301;19450
23;4350;24218
23;4400;2669342
23;4459;16480
23;4509;14072
23;4608;7618
23;4657;14399
23;4707;54748
23;4806;4844
23;4905;11068
23;4954;26064
23;5001;40642
23;5100;5193
23;5209;19978
23;5233;67337
23;5266;13353
23;5308;24997
23;5332;12525
23;5357;19934
23;5407;68018
23;5506;102498
23;5605;26178
23;5654;11593
23;5704;12463
23;5803;41964
23;5902;38166
23;6009;14297
23;6108;24156
23;6207;7827
23;6256;37980
23;6306;52675
23;6405;129358
23;6504;20382
23;6553;41826
23;6603;21647
23;6702;18162
23;6801;11401
23;6900;34682
23;7007;33705
23;7106;27174
23;7205;8111
23;7254;19816
23;7304;274207
23;7403;24833
23;7502;31508
23;7601;59540
23;7635;19691
23;7650;227886
23;7700;128978
23;7809;27361
23;7908;11233
23;8005;38737
23;8104;47962
23;8203;15057
23;8302;27512
23;8351;13155
23;8377;13818
23;8401;35393
23;8500;43797
23;8609;17234
23;8708;61890
23;8807;8724
23;8906;22534
23;9003;14537
23;9102;10823
23;9201;15565
23;9300;32328
23;9409;28607
23;9458;25703
23;9508;21427
23;9607;72203
23;9706;83432
23;9805;12261
23;9904;6533
23;10001;9386
23;10100;13322
23;10209;35076
23;10258;32744
23;10308;31521
23;10407;12226
23;10506;43258
23;10605;9077
23;10704;37751
23;10803;16307
23;10852;20567
23;10902;16959
23;10951;10951
23;11009;12336
23;11108;14996
23;11207;11045
23;11231;6419
23;11264;21084
23;11306;87728
23;11355;16178
23;11405;81082
23;11504;22149
23;11603;29053
23;11702;18491
23;11801;78194
23;11900;15819
23;11959;16554
23;12007;32452
23;12106;17700
23;12205;43703
23;12304;47903
23;12403;48422
23;12502;7645
23;12601;13000
23;12700;25496
23;12809;7623
23;12908;208935
23;13005;18324
23;13104;30697
23;13203;26251
23;13252;8592
23;13302;58859
23;13351;19187
23;13401;75946
23;13500;55918
23;13559;16271
23;13609;34792
23;13708;7733
23;13757;19825
23;13807;21850
23;13906;13840
23;13955;18420
23;14003;40721
23;14102;60889
24;109;11136
24;208;58017
24;307;11035
24;406;3252
24;505;13577
24;604;4735
24;703;14529
24;802;11714
24;901;7145
24;1008;35845
24;1107;27774
24;1206;14306
24;1305;9655
24;1404;9271
24;1453;28374
24;1503;3998
24;1602;5497
24;1651;2223
24;1701;10210
24;1800;12699
24;1859;6549
24;1909;3684
24;2006;67952
24;2105;11217
24;2204;34276
24;2303;20493
24;2402;8180
24;2501;10759
24;2600;73497
24;2709;11179
24;2808;5506
24;2907;4912
24;3004;7998
24;3103;44786
24;3202;7076
24;3251;261469
24;3301;5638
24;3400;6045
24;3509;10505
24;3608;28583
24;3707;5985
24;3756;3054
24;3806;9116
24;3905;2824
24;4002;4068
24;4101;2786
24;4200;26328
24;4309;13037
24;4408;10383
24;4507;15659
24;4606;13766
24;4705;15491
24;4804;2241
24;4853;7548
24;4903;5878
24;5009;9133
24;5108;6878
24;5207;5268
24;5306;10181
24;5405;5055
24;5504;2612
24;5603;14837
24;5702;12396
24;5801;34955
24;5900;2654
24;6007;5951
24;6106;18295
24;6155;3898
24;6205;6769
24;6304;7544
24;6403;2732
24;6502;15614
24;6601;8245
24;6700;11277
24;6809;4759
24;6908;3996
24;7005;10116
24;7104;80792
24;7203;31814
24;7252;4020
24;7302;8347
24;7401;8725
24;7500;12371
24;7609;4601
24;7708;11251
24;7807;22451
24;7906;2105
24;8003;297378
24;8102;884122
24;8201;27602
24;8300;37343
24;8409;4258
24;8508;4812
24;8607;4254
24;8706;3768
24;8805;5237
24;8904;21477
24;8953;10848
24;9100;13277
24;9209;3089
24;9308;12755
24;9332;5551
24;9407;30394
24;9506;3237
24;9605;2458
24;9704;6716
24;9803;14806
24;9902;15129
24;10009;3838
24;10108;15413
24;10207;7867
24;10256;6437
24;10306;10395
24;10405;9621
24;10504;5098
24;10603;3201
24;10702;3579
24;10801;4204
24;10900;8128
24;11007;4467
24;11056;4106
24;11106;3600
24;11205;39674
24;11403;12791
24;11429;2680
24;11502;24136
24;11601;2747
24;11700;4449
24;11809;3584
24;11908;4228
24;12005;102400
24;12104;6193
24;12203;43899
24;12302;12856
24;12401;4634
24;12500;23519
24;12559;10282
24;12609;17579
24;12708;5971
24;12807;8202
24;12906;11055
24;13003;6424
24;13102;6086
24;13201;4440
24;13300;5762
24;13359;11938
24;13409;8078
24;13508;6229
24;13557;4800
24;13607;2440
24;13706;5522
24;13805;2566
24;13904;12279
24;14001;15727
24;14100;10786
24;14159;5952
24;14209;14180
24;14308;2414
24;14407;33287
24;14456;3237
24;14506;10555
24;14605;14659
24;14704;5500
24;14753;4177
24;14803;12481
24;14902;1718
24;15008;3170
25;106;10234
25;205;5640
25;304;28496
25;403;20849
25;502;14489
25;536;5492
25;577;2567
25;601;19588
25;700;18034
25;734;2238
25;775;8347
25;809;16987
25;908;13470
25;1005;20312
25;1104;22819
25;1153;2128
25;1203;6998
25;1302;19153
25;1351;3990
25;1401;8993
25;1500;21318
25;1534;4892
25;1575;8359
25;1609;15384
25;1708;6036
25;1807;96880
25;1906;17676
25;2003;7342
25;2052;3501
25;2102;5366
25;2151;7051
25;2201;2561
25;2300;4975
25;2409;11917
25;2508;17804
25;2607;6117
25;2706;5263
25;2805;14122
25;2904;6449
25;3001;21828
25;3100;5611
25;3209;67736
25;3308;10244
25;3407;3682
25;3506;17187
25;3555;7173
25;3605;7201
25;3704;61993
25;3753;3193
25;3803;6014
25;3902;6013
25;4009;409731
25;4033;6523
25;4074;4162
25;4108;2659
25;4157;7468
25;4207;4932
25;4306;30546
25;4355;4852
25;4405;18982
25;4504;6654
25;4603;24670
25;4702;4786
25;4801;15445
25;4850;1921
25;4900;17319
25;5006;7797
25;5105;20338
25;5204;6803
25;5238;6353
25;5279;5227
25;5303;2516
25;5352;5330
25;5402;8297
25;5501;3798
25;5600;6552
25;5709;10453
25;5808;3596
25;5907;3522
25;6004;33007
25;6103;11253
25;6202;2989
25;6251;8316
25;6301;58833
25;6400;14129
25;6509;3428
25;6608;5929
25;6707;11819
25;6806;18103
25;6905;24477
25;7002;24692
25;7101;18664
25;7200;10962
25;7309;14431
25;7408;7739
25;7507;809015
25;7606;7936
25;7705;18171
25;7804;7150
25;7903;10756
25;8000;9867
25;8109;4666
25;8208;7719
25;8307;27503
25;8406;2737
25;8505;7256
25;8554;4332
25;8604;13080
25;8703;4009
25;8802;5759
25;8901;44882
25;9008;10955
25;9057;8558
25;9107;21837
25;9156;6617
25;9206;13918
25;9305;8434
25;9339;4500
25;9370;2908
25;9396;6569
25;9404;13284
25;9503;5669
25;9602;4816
25;9701;33222
25;9800;9902
25;9909;10454
25;10006;7301
25;10105;10638
25;10204;5949
25;10303;4906
25;10402;6526
25;10501;3932
25;10600;3039
25;10659;1771
25;10709;2419
25;10808;107605
25;10907;12347
25;11004;3801
25;11103;7843
25;11202;28458
25;11301;16075
25;11400;18703
25;11509;11917
25;11608;6635
25;11707;4976
25;11806;10579
25;11905;19065
25;12002;18564
25;12036;3888
25;12077;4307
25;12101;32801
25;12200;4209
25;12309;23345
25;12408;13680
25;12507;43967
25;12606;1956
25;12705;19621
25;12721;6089
25;12747;3588
25;12754;4521
25;12762;4509
25;12788;1948
25;12804;8526
25;12903;24176
25;13000;3885
25;13109;12140
25;13158;6558
25;13208;6583
25;13307;5889
25;13356;3595
25;13406;15382
25;13505;5162
25;13604;7031
25;13653;2636
25;13703;136586
25;13802;4573
25;13851;2521
25;13901;34031
25;13927;4529
25;13943;2615
25;13968;3073
25;13984;3392
25;14008;4199
25;14107;4422
25;14206;7630
25;14305;6359
25;14404;4682
25;14453;5957
25;14503;20251
25;14552;4003
25;14602;3557
25;14651;1801
25;14701;4141
25;14800;3628
25;14909;7724
25;15005;7368
25;15104;11661
25;15203;3489
25;15302;52625
25;15401;10775
25;15500;13699
25;15609;3148
25;15708;2909
25;15807;7041
25;15906;6099
25;15930;5024
25;15971;7783
25;16003;26407
25;16102;14989
25;16151;3555
25;16201;69444
25;16300;16966
25;16409;10911
25;16508;15376
25;16607;14726
25;16706;15161
25;16755;3058
25;16805;9455
25;16904;15242
25;17001;9907
25;17100;2810
25;17209;5348
25;17407;2240
26;54;99990
26;104;37259
26;203;19635
26;302;24885
26;401;36771
26;500;43443
26;609;14636
26;708;38386
26;807;22972
26;906;22829
26;1003;11150
26;1052;20524
26;1102;84418
26;1201;74338
26;1300;14385
26;1409;42659
26;1508;12073
26;1607;20729
26;1706;76439
26;1805;12719
26;1904;60798
26;2001;38146
26;2100;48554
26;2209;39184
26;2308;38134
26;2407;8993
26;2506;7487
26;2605;50742
26;2704;13155
26;2803;58378
26;2902;207048
26;3009;34221
26;3108;20380
26;3207;28739
26;3306;11053
26;3405;5750
26;3454;157828
26;3504;18765
26;3603;8551
26;3702;24804
26;3801;20048
26;3900;19551
26;3926;12932
26;4007;83641
26;4106;361118
26;4155;14341
26;4205;42892
26;4304;11807
26;4403;13518
26;4502;21698
26;4601;26421
26;4700;18207
26;4809;12578
26;4908;10906
26;5004;24107
26;5103;37111
26;5152;18908
26;5202;68875
26;5301;31825
26;5400;22131
26;5459;3061
26;5509;12123
26;5608;22624
26;5707;32873
26;5806;15457
26;5905;31052
26;6002;139788
26;6101;30604
26;6200;79758
26;6309;7486
26;6408;84074
26;6507;19197
26;6606;29235
26;6705;7762
26;6804;117019
26;6903;12228
26;7000;23247
26;7109;4548
26;7208;96204
26;7307;30854
26;7406;4918
26;7505;26349
26;7604;26258
26;7653;36447
26;7703;13616
26;7752;26651
26;7802;16955
26;7901;702298
26;7950;11656
26;8008;17150
26;8057;14796
26;8107;33822
26;8206;16023
26;8255;11424
26;8305;14836
26;8404;15378
26;8453;18071
26;8503;21429
26;8602;13145
26;8701;16290
26;8750;25601
26;8800;40288
26;8909;56250
26;9006;25376
26;9105;16088
26;9154;21434
26;9204;11345
26;9303;15390
26;9402;62784
26;9501;32471
26;9600;392482
26;9709;23884
26;9808;14991
26;9907;69459
26;10004;63250
26;10103;7693
26;10202;26474
26;10301;11523
26;10400;22010
26;10509;28933
26;10608;56506
26;10707;331774
26;10806;22617
26;10905;67395
26;11002;36548
26;11101;349145
26;11200;11302
26;11309;27091
26;11408;14966
26;11507;26037
26;11533;6813
26;11606;1645727
26;11705;20546
26;11804;47415
26;11903;23535
26;12000;9932
26;12109;10919
26;12208;60930
26;12307;15843
26;12406;26462
26;12455;15398
26;12471;12592
26;12505;107937
26;12554;14477
26;12604;41931
26;12703;14137
26;12802;11815
26;12901;15895
26;13008;59504
26;13107;37245
26;13206;22793
26;13305;21356
26;13404;21298
26;13503;33959
26;13602;33951
26;13701;113230
26;13800;18018
26;13909;86350
26;14006;19165
26;14105;35907
26;14204;45865
26;14303;11270
26;14402;6007
26;14501;65089
26;14600;28534
26;14709;12874
26;14808;25765
26;14857;23388
26;15003;28775
26;15102;7169
26;15201;10096
26;15300;53022
26;15409;45219
26;15508;13769
26;15607;30521
26;15706;15254
26;15805;27304
26;15904;8202
26;16001;18482
26;16100;9534
26;16183;7618
26;16209;20731
26;16308;32643
26;16407;138757
26;16506;14725
27;102;20196
27;201;17545
27;300;231747
27;409;47185
27;508;15932
27;607;8322
27;706;18232
27;805;4344
27;904;6704
27;1001;27281
27;1100;10494
27;1209;10858
27;1308;21264
27;1357;6936
27;1407;57063
27;1506;9558
27;1605;17722
27;1704;17053
27;1803;9081
27;1902;7311
27;2009;10693
27;2108;21698
27;2207;5845
27;2306;56933
27;2355;24219
27;2405;52016
27;2504;11075
27;2553;18205
27;2603;22166
27;2702;4754
27;2801;12790
27;2900;40917
27;3007;15616
27;3106;25631
27;3205;24499
27;3304;18385
27;3403;5253
27;3502;7021
27;3601;8361
27;3700;5770
27;3759;11580
27;3809;23993
27;3908;4155
27;4005;24727
27;4104;17852
27;4203;28635
27;4302;1018948
27;4401;19804
27;4500;32704
27;4609;9163
27;4708;51901
27;4807;13264
27;4906;3514
27;5002;25216
27;5101;24642
27;5200;17856
27;5309;5329
27;5408;7159
27;5507;28236
27;5606;12690
27;5705;21688
27;5804;9373
27;5903;5123
27;6000;11624
27;6109;11496
27;6208;5011
27;6307;73218
27;6406;24399
27;6422;10533
27;6448;13176
27;6505;15245
27;6604;7564
27;6703;63683
27;6802;17827
27;6901;35111
27;7008;2908
27;7107;25039
27;7206;14386
27;7305;27165
27;7404;7786
27;7503;20066
27;7602;11294
27;7701;75120
27;7800;6664
27;7909;7296
27;8006;47654
27;8105;10740
27;8204;6961
27;8303;23927
27;8402;32260
27;8501;34555
27;8600;61251
27;8709;7951
27;8808;34152
27;8907;13828
27;8956;13870
27;9004;6162
27;9103;19980
27;9152;44169
27;9202;27715
27;9301;65611
27;9400;25733
28;100;2374
28;209;21563
28;308;657013
28;407;10056
28;506;18542
28;605;30407
28;670;26816
28;704;8309
28;1009;18109
28;1108;4008
28;1207;29900
28;1306;34213
28;1405;22082
28;1504;16634
28;1603;5897
28;1702;17874
28;1900;3987
28;2007;5138
28;2106;69184
28;2205;5584
28;2304;15421
28;2403;11604
28;2502;3346
28;2601;5818
28;2700;8520
28;2809;17957
28;2908;95427
28;3005;41928
28;3104;4903
28;3203;34356
28;3302;18743
28;3401;13434
28;3500;104408
28;3609;29826
28;3708;6919
28;3807;3682
28;3906;12618
28;4003;17213
28;4102;11335
28;4201;15031
28;4300;7625
28;4409;18719
28;4458;8796
28;4508;36924
28;4607;26629
28;4706;6483
28;4805;183628
28;4904;14428
28;5000;3261
28;5109;9602
28;5208;6576
28;5307;9280
28;5406;34775
28;5505;23728
28;5604;28596
28;5703;29626
28;5802;19805
28;5901;10213
28;6008;18652
28;6107;10855
28;6206;19998
28;6305;14035
28;6404;7780
28;6503;3913
28;6602;12102
28;6701;90072
28;6800;11137
28;6909;3724
28;7006;3930
28;7105;40484
28;7204;8893
28;7303;3227
28;7402;52191
28;7501;13536
28;7600;25294
29;108;8739
29;207;20086
29;306;15159
29;355;17040
29;405;16970
29;504;10610
29;603;4446
29;702;151596
29;801;22470
29;900;5464
29;1007;37241
29;1106;25102
29;1155;16094
29;1205;22005
29;1304;13143
29;1353;14595
29;1403;13977
29;1502;11221
29;1601;19291
29;1700;11683
29;1809;11798
29;1908;17731
29;1957;7330
29;2005;13135
29;2054;12177
29;2104;54379
29;2203;11397
29;2252;11019
29;2302;8825
29;2401;11531
29;2500;13877
29;2609;20468
29;2658;13229
29;2708;53578
29;2807;20598
29;2906;31603
29;3003;13865
29;3102;5714
29;3201;155439
29;3235;14931
29;3276;15978
29;3300;5591
29;3409;23328
29;3508;17211
29;3607;15979
29;3706;12633
29;3805;18576
29;3904;69148
29;3953;9880
29;4001;14368
29;4050;16764
29;4100;21508
29;4209;10211
29;4308;14295
29;4407;10557
29;4506;10231
29;4605;67195
29;4704;18349
29;4753;21174
29;4803;6758
29;4852;18807
29;4902;33470
29;5008;23170
29;5107;9213
29;5156;14542
29;5206;50975
29;5305;18437
29;5404;18176
29;5503;13327
29;5602;31988
29;5701;299132
29;5800;35316
29;5909;28798
29;6006;71206
29;6105;9711
29;6204;26176
29;6303;31099
29;6402;8258
29;6501;87076
29;6600;14319
29;6709;25189
29;6808;34834
29;6824;16668
29;6857;11637
29;6873;30662
29;6899;8951
29;6907;22016
29;7004;9295
29;7103;29018
29;7202;71969
29;7301;26264
29;7400;3577
29;7509;54704
29;7558;9329
29;7608;17266
29;7707;11177
29;7806;32515
29;7905;17300
29;8002;16993
29;8101;18777
29;8200;22581
29;8309;17247
29;8408;66612
29;8507;33153
29;8606;25837
29;8705;17247
29;8804;4066
29;8903;22605
29;9000;8614
29;9109;14194
29;9208;15895
29;9307;32137
29;9406;13782
29;9505;5349
29;9604;21103
29;9703;13910
29;9802;63239
29;9901;34700
29;10008;10710
29;10057;81089
29;10107;12199
29;10206;4058
29;10305;8122
29;10404;17006
29;10503;41780
29;10602;37237
29;10701;60585
29;10727;113380
29;10750;17890
29;10776;5665
29;10800;614872
29;10859;16377
29;10909;5617
29;11006;10629
29;11105;25591
29;11204;32403
29;11253;4463
29;11303;11233
29;11402;15221
29;11501;7128
29;11600;20722
29;11659;6937
29;11709;84481
29;11808;20843
29;11857;13031
29;11907;24305
29;12004;9224
29;12103;21689
29;12202;19571
29;12301;16198
29;12400;18211
29;12509;14902
29;12608;4044
29;12707;23375
29;12806;8637
29;12905;15312
29;13002;16339
29;13101;17113
29;13200;26927
29;13309;6206
29;13408;15640
29;13457;13226
29;13507;26916
29;13606;162327
29;13705;39926
29;13804;14487
29;13903;45873
29;14000;59595
29;14109;9865
29;14208;7260
29;14307;8537
29;14406;25216
29;14505;29034
29;14604;72967
29;14653;30584
29;14703;64489
29;14802;213223
29;14901;28296
29;15007;16056
29;15106;12351
29;15205;14579
29;15304;6869
29;15353;14429
29;15403;6682
29;15502;20491
29;15601;64486
29;15700;8035
29;15809;23049
29;15908;6441
29;16005;19405
29;16104;22228
29;16203;8761
29;16302;10259
29;16401;76147
29;16500;35576
29;16609;10313
29;16708;8319
29;16807;19747
29;16856;14487
29;16906;12576
29;17003;36089
29;17102;20382
29;17201;18962
29;17300;28602
29;17334;10994
29;17359;8385
29;17409;14842
29;17508;80518
29;17607;54423
29;17706;33570
29;17805;18788
29;17904;10709
29;18001;155966
29;18100;40463
29;18209;14537
29;18308;11166
29;18357;25188
29;18407;216707
29;18456;9126
29;18506;15284
29;18555;5833
29;18605;6186
29;18704;3724
29;18753;15665
29;18803;23840
29;18902;3955
29;19009;3783
29;19058;8562
29;19108;8307
29;19157;27223
29;19207;198440
29;19306;11409
29;19405;12388
29;19504;45732
29;19553;87519
29;19603;11348
29;19702;18755
29;19801;49826
29;19900;7824
29;19926;21093
29;19959;3161
29;20007;10112
29;20106;18676
29;20205;16845
29;20304;8393
29;20403;13240
29;20452;13643
29;20502;20834
29;20601;44677
29;20700;20570
29;20809;10406
29;20908;13822
29;21005;46583
29;21054;12201
29;21104;22688
29;21203;26023
29;21302;10950
29;21401;18338
29;21450;8641
29;21500;49418
29;21609;8519
29;21708;35413
29;21807;12042
29;21906;9062
29;22003;41748
29;22052;10889
29;22102;26776
29;22201;7422
29;22250;11348
29;22300;29399
29;22409;22221
29;22508;28525
29;22607;13997
29;22656;13130
29;22706;16462
29;22730;7812
29;22755;6591
29;22805;8226
29;22854;9118
29;22904;26947
29;23001;43376
29;23035;12385
29;23050;15440
29;23100;28229
29;23209;21825
29;23308;8564
29;23357;17451
29;23407;21750
29;23506;9019
29;23605;21607
29;23704;32000
29;23803;28989
29;23902;9831
29;24009;117782
29;24058;13578
29;24108;7347
29;24207;16667
29;24306;17123
29;24405;35048
29;24504;16260
29;24603;20150
29;24652;10437
29;24678;10023
29;24702;10707
29;24801;24755
29;24900;9322
29;25006;26265
29;25105;46871
29;25204;39519
29;25253;14914
29;25303;148686
29;25402;7224
29;25501;28174
29;25600;15142
29;25709;12338
29;25758;27719
29;25808;25439
29;25907;27580
29;25931;8972
29;25956;22621
29;26004;41008
29;26103;14396
29;26202;22339
29;26301;33436
29;26400;35421
29;26509;14592
29;26608;53807
29;26657;5812
29;26707;12989
29;26806;15371
29;26905;11655
29;27002;40732
29;27101;9331
29;27200;30814
29;27309;15667
29;27408;2872347
29;27507;20791
29;27606;14213
29;27705;27778
29;27804;6315
29;27903;10631
29;28000;37348
29;28059;12597
29;28109;39845
29;28208;26614
29;28307;8943
29;28406;28338
29;28505;10405
29;28604;60069
29;28703;101512
29;28802;52850
29;28901;33742
29;28950;9058
29;29008;14740
29;29057;15391
29;29107;21074
29;29206;39802
29;29255;18793
29;29305;37550
29;29354;5657
29;29370;10462
29;29404;11675
29;29503;44300
29;29602;17398
29;29701;17273
29;29750;12043
29;29800;12913
29;29909;44091
29;30006;11434
29;30105;79015
29;30154;31472
29;30204;40684
29;30303;17386
29;30402;14878
29;30501;80861
29;30600;13397
29;30709;134377
29;30758;13012
29;30766;9986
29;30774;23191
29;30808;16979
29;30907;12518
29;31004;20403
29;31053;17366
29;31103;7918
29;31202;21074
29;31301;17010
29;31350;160487
29;31400;7425
29;31509;22518
29;31608;14943
29;31707;13033
29;31806;16394
29;31905;50687
29;32002;24240
29;32101;19895
29;32200;19056
29;32309;27035
29;32408;13887
29;32457;19222
29;32507;19002
29;32606;16658
29;32705;20519
29;32804;19178
29;32903;96562
29;33000;28473
29;33059;14104
29;33109;9170
29;33158;12697
29;33174;8838
29;33208;43223
29;33257;6205
29;33307;338480
29;33406;9345
29;33455;12238
29;33505;21101
29;33604;46483
31;104;6989
31;203;23237
31;302;13454
31;401;3994
31;500;9470
31;609;13735
31;708;1999
31;807;4486
31;906;19207
31;1003;13539
31;1102;25167
31;1201;6003
31;1300;2674
31;1409;3007
31;1508;35362
31;1607;79996
31;1631;6907
31;1706;41896
31;1805;7424
31;1904;19853
31;2001;14466
31;2050;5847
31;2100;11000
31;2209;3907
31;2308;15203
31;2407;3606
31;2506;4713
31;2605;41077
31;2704;9412
31;2803;12224
31;2852;8520
31;2902;11445
31;3009;9318
31;3108;1598
31;3207;2347
31;3306;2063
31;3405;36708
31;3504;117267
31;3603;2795
31;3702;8439
31;3751;6869
31;3801;2834
31;3900;9273
31;4007;106229
31;4106;10772
31;4205;40092
31;4304;15070
31;4403;2727
31;4452;5231
31;4502;17875
31;4601;14179
31;4700;12868
31;4809;4869
31;4908;19148
31;5004;7826
31;5103;23829
31;5202;4795
31;5301;5746
31;5400;32485
31;5509;5397
31;5608;137313
31;5707;5131
31;5905;20810
31;6002;10255
31;6101;3429
31;6200;2512070
31;6309;26700
31;6408;7715
31;6507;11932
31;6606;4604
31;6655;4735
31;6705;439340
31;6804;3379
31;6903;14494
31;7000;2515
31;7109;40127
31;7208;5090
31;7307;49979
31;7406;50605
31;7505;6474
31;7604;4217
31;7703;6083
31;7802;14935
31;7901;10547
31;8008;17603
31;8107;6868
31;8206;5493
31;8255;11230
31;8305;19412
31;8404;14971
31;8503;6319
31;8552;16538
31;8602;32347
31;8701;4333
31;8800;4801
31;8909;14459
31;9006;40103
31;9105;11001
31;9204;10365
31;9253;3982
31;9303;24841
31;9402;28056
31;9451;6949
31;9501;14075
31;9600;3603
31;9709;11547
31;9808;2692
31;9907;11624
31;10004;44718
31;10103;5496
31;10202;3987
31;10301;14480
31;10400;2901
31;10509;21770
31;10608;29551
31;10707;12814
31;10806;3721
31;10905;16665
31;11002;21055
31;11101;19745
31;11150;3817
31;11200;54029
31;11309;11655
31;11408;8151
31;11507;15461
31;11606;28774
31;11705;4563
31;11804;12150
31;11903;5603
31;12000;14886
31;12059;4525
31;12109;5438
31;12208;4653
31;12307;37784
31;12406;6920
31;12505;9754
31;12604;16173
31;12653;5468
31;12703;15234
31;12802;8632
31;12901;9298
31;13008;23685
31;13107;3183
31;13206;25501
31;13305;33000
31;13404;92062
31;13503;9405
31;13602;6757
31;13701;18837
31;13800;2632
31;13909;12170
31;14006;11476
31;14105;14859
31;14204;22478
31;14303;30329
31;14402;21225
31;14501;19355
31;14550;10027
31;14600;4047
31;14709;3579
31;14808;4478
31;14907;2257
31;15003;3075
31;15102;17740
31;15201;3954
31;15300;75123
31;15359;5376
31;15409;3641
31;15458;6311
31;15474;4986
31;15508;21656
31;15607;1164
31;15706;7032
31;15805;10350
31;15904;3154
31;16001;5704
31;16100;15356
31;16159;13680
31;16209;2687
31;16308;6787
31;16407;4843
31;16506;7551
31;16605;28617
31;16704;7556
31;16803;8873
31;16902;3111
31;17009;6929
31;17108;10292
31;17207;2812
31;17306;27893
31;17405;4574
31;17504;17842
31;17603;5507
31;17702;13638
31;17801;11638
31;17836;7642
31;17876;6730
31;17900;11950
31;18007;54762
31;18106;5045
31;18205;6939
31;18304;128589
31;18403;22921
31;18502;1783
31;18601;663855
31;18700;9159
31;18809;26602
31;18908;8890
31;19005;3538
31;19104;23731
31;19203;9991
31;19302;27974
31;19401;109855
31;19500;9222
31;19609;3086
31;19708;3434
31;19807;3215
31;19906;3704
31;19955;6337
31;20003;2771
31;20102;4410
31;20151;6704
31;20201;12798
31;20300;5971
31;20409;5150
31;20508;10242
31;20607;5034
31;20706;3626
31;20805;15417
31;20839;4982
31;20870;7729
31;20904;80129
31;21001;5410
31;21100;8025
31;21209;7114
31;21258;10533
31;21308;5013
31;21407;7243
31;21506;2901
31;21605;47723
31;21704;3802
31;21803;7729
31;21902;3417
31;22009;19931
31;22108;4979
31;22207;7571
31;22306;238230
31;22355;6786
31;22405;6011
31;22454;11019
31;22470;3677
31;22504;5072
31;22603;4195
31;22702;5237
31;22801;3001
31;22900;6572
31;23007;10153
31;23106;5169
31;23205;13483
31;23304;4259
31;23403;1527
31;23502;1908
31;23528;7841
31;23601;28076
31;23700;11134
31;23809;7242
31;23858;5370
31;23908;15298
31;24005;18895
31;24104;70552
31;24203;24951
31;24302;31617
31;24401;4692
31;24500;11354
31;24609;2343
31;24708;3500
31;24807;7978
31;24906;11275
31;25002;3913
31;25101;36225
31;25200;2377
31;25309;3241
31;25408;4753
31;25507;3167
31;25606;7457
31;25705;15336
31;25804;3431
31;25903;9820
31;25952;11006
31;26000;7461
31;26109;67683
31;26208;9562
31;26307;4412
31;26406;2947
31;26505;10332
31;26604;5215
31;26703;26277
31;26752;5391
31;26802;5880
31;26901;9611
31;26950;3478
31;27008;18103
31;27057;4581
31;27073;5369
31;27107;59496
31;27206;4349
31;27305;6817
31;27339;5109
31;27354;3150
31;27370;3353
31;27388;3966
31;27404;4350
31;27503;6158
31;27602;11825
31;27701;279885
31;27800;15836
31;27909;1388
31;28006;34319
31;28105;14245
31;28204;10324
31;28253;4972
31;28303;19021
31;28402;8911
31;28501;3796
31;28600;6580
31;28709;51917
31;28808;7078
31;28907;8039
31;29004;8392
31;29103;5639
31;29202;6558
31;29301;11004
31;29400;5021
31;29509;25199
31;29608;8395
31;29657;5400
31;29707;13828
31;29806;180204
31;29905;3488
31;30002;2989
31;30051;11990
31;30101;43045
31;30200;10860
31;30309;7947
31;30408;6550
31;30507;12375
31;30556;6903
31;30606;7328
31;30655;7351
31;30705;6891
31;30804;2767
31;30903;24140
31;31000;6271
31;31109;7515
31;31158;18607
31;31208;19861
31;31307;263410
31;31406;4221
31;31505;10079
31;31604;6987
31;31703;120060
31;31802;11512
31;31901;51875
31;32008;5385
31;32107;18153
31;32206;13358
31;32305;12760
31;32404;96869
31;32503;34735
31;32602;4355
31;32701;23211
31;32800;2081
31;32909;10192
31;33006;15579
31;33105;15331
31;33204;12228
31;33303;21062
31;33402;15243
31;33501;21762
31;33600;9783
31;33709;11146
31;33758;16108
31;33808;93214
31;33907;5419
31;34004;14990
31;34103;6051
31;34202;104671
31;34301;6023
31;34400;39263
31;34509;3788
31;34608;20143
31;34707;12326
31;34806;7686
31;34905;25979
31;35001;3133
31;35050;38909
31;35076;5404
31;35100;71648
31;35209;67742
31;35308;4350
31;35357;7969
31;35407;4912
31;35456;7692
31;35506;12386
31;35605;7531
31;35704;5211
31;35803;25391
31;35902;4787
31;36009;15432
31;36108;4573
31;36207;79910
31;36306;47452
31;36405;4695
31;36504;10812
31;36520;4501
31;36553;4995
31;36579;4867
31;36603;5725
31;36652;26946
31;36702;568873
31;36801;4331
31;36900;10563
31;36959;5724
31;37007;18111
31;37106;7613
31;37205;52165
31;37304;4102
31;37403;13009
31;37502;18052
31;37536;9532
31;37601;64527
31;37700;19923
31;37809;20814
31;37908;3391
31;38005;6810
31;38104;6512
31;38203;103773
31;38302;3229
31;38351;4918
31;38401;52587
31;38500;5069
31;38609;16698
31;38625;7536
31;38658;9661
31;38674;6266
31;38682;6699
31;38708;5446
31;38807;18215
31;38906;7111
31;39003;42133
31;39102;5098
31;39201;18650
31;39250;6543
31;39300;18407
31;39409;90229
31;39508;22707
31;39607;27644
31;39706;7976
31;39805;12814
31;39904;14095
31;40001;60724
31;40100;4115
31;40159;15416
31;40209;2973
31;40308;4039
31;40407;2755
31;40506;13388
31;40530;8417
31;40555;8586
31;40605;4459
31;40704;31086
31;40803;14468
31;40852;11157
31;40902;18908
31;41009;12459
31;41108;37820
31;41207;3749
31;41306;3802
31;41405;20820
31;41504;6446
31;41603;10739
31;41702;5605
31;41801;31484
31;41900;3894
31;42007;13589
31;42106;10754
31;42205;15014
31;42254;4888
31;42304;4919
31;42403;7517
31;42502;2220
31;42601;8688
31;42700;14877
31;42809;21120
31;42908;20854
31;43005;13166
31;43104;47809
31;43153;4906
31;43203;21524
31;43302;409341
31;43401;23803
31;43450;8249
31;43500;8863
31;43609;2462
31;43708;3182
31;43807;6029
31;43906;108763
31;44003;26979
31;44102;20569
31;44201;3220
31;44300;40750
31;44359;6996
31;44375;3311
31;44409;4730
31;44508;8608
31;44607;26769
31;44656;10295
31;44672;3190
31;44706;17578
31;44805;94889
31;44904;3600
31;45000;15545
31;45059;7500
31;45109;16723
31;45208;102693
31;45307;31331
31;45356;10755
31;45372;5299
31;45406;1747
31;45455;6096
31;45505;2787
31;45604;41687
31;45703;2133
31;45802;3148
31;45851;4655
31;45877;8018
31;45901;39500
31;46008;33639
31;46107;74281
31;46206;5934
31;46255;6378
31;46305;20154
31;46404;4486
31;46503;8283
31;46552;6089
31;46602;1529
31;46701;6616
31;46750;5507
31;46909;15674
31;47006;93158
31;47105;93969
31;47204;21513
31;47303;21083
31;47402;24540
31;47501;1649
31;47600;16344
31;47709;8084
31;47808;2039
31;47907;114679
31;47956;5972
31;48004;152488
31;48103;90757
31;48202;5684
31;48301;9571
31;48400;4830
31;48509;8450
31;48608;17541
31;48707;24324
31;48756;7097
31;48806;3052
31;48905;3972
31;49002;2504
31;49101;11195
31;49150;12107
31;49200;3635
31;49309;64258
31;49408;1807
31;49507;3320
31;49606;4406
31;49705;11506
31;49804;16168
31;49903;21390
31;49952;6810
31;50000;4252
31;50109;2748
31;50158;8566
31;50208;4140
31;50307;4497
31;50406;4982
31;50505;8660
31;50539;4941
31;50570;7507
31;50604;6409
31;50703;6199
31;50802;17626
31;50901;5472
31;51008;8596
31;51107;10752
31;51206;56428
31;51305;10787
31;51404;27989
31;51503;34691
31;51602;12133
31;51701;16791
31;51800;167397
31;51909;8432
31;52006;31812
31;52105;59742
31;52131;4261
31;52170;12121
31;52204;37906
31;52303;11279
31;52402;16555
31;52501;150737
31;52600;5940
31;52709;9031
31;52808;27856
31;52907;8603
31;53004;3603
31;53103;5369
31;53202;3641
31;53301;3002
31;53400;19573
31;53509;8317
31;53608;10733
31;53707;3563
31;53806;1939
31;53905;16354
31;54002;23762
31;54101;10517
31;54150;7154
31;54200;11500
31;54309;17397
31;54408;4808
31;54457;8136
31;54507;9481
31;54606;334858
31;54705;4033
31;54804;10312
31;54903;13564
31;55009;2610
31;55108;5150
31;55207;5474
31;55306;5832
31;55405;8949
31;55504;12313
31;55603;30914
31;55702;14339
31;55801;17910
31;55900;5476
31;56007;12846
31;56106;4604
31;56205;2305
31;56304;8109
31;56403;3533
31;56452;4594
31;56502;5995
31;56601;10241
31;56700;136344
31;56809;15470
31;56908;26185
31;57005;41527
31;57104;7009
31;57203;31324
31;57252;8147
31;57278;3150
31;57302;4430
31;57336;8604
31;57377;4142
31;57401;4758
31;57500;4409
31;57609;3846
31;57658;6366
31;57708;14003
31;57807;219134
31;57906;16208
31;58003;10847
31;58102;5232
31;58201;14615
31;58300;7100
31;58409;3872
31;58508;7642
31;58607;3976
31;58706;2458
31;58805;4821
31;58904;8674
31;58953;34663
31;59001;4295
31;59100;3777
31;59209;8949
31;59308;4884
31;59357;7212
31;59407;3425
31;59506;5489
31;59605;43260
31;59704;3350
31;59803;19742
31;59902;18525
31;60009;3602
31;60108;3911
31;60207;3838
31;60306;11640
31;60405;28243
31;60454;7277
31;60504;1765
31;60603;3087
31;60702;46487
31;60801;5286
31;60900;3738
31;60959;5644
31;61007;17359
31;61056;3369
31;61106;56323
31;61205;6527
31;61304;6238
31;61403;4844
31;61502;12366
31;61601;3962
31;61650;4012
31;61700;8389
31;61809;12411
31;61908;10920
31;62005;25449
31;62104;35469
31;62203;7453
31;62252;4915
31;62302;2749
31;62401;25165
31;62450;13014
31;62500;90082
31;62559;11559
31;62575;5859
31;62609;7498
31;62658;4419
31;62708;23618
31;62807;15774
31;62906;26361
31;62922;31578
31;62948;7426
31;62955;23766
31;63003;4268
31;63102;5004
31;63201;4196
31;63300;3860
31;63409;5420
31;63508;6453
31;63607;2791
31;63706;45851
31;63805;6938
31;63904;4659
31;64001;7781
31;64100;5246
31;64209;12337
31;64308;7051
31;64407;5504
31;64431;3007
31;64472;6555
31;64506;10044
31;64605;6775
31;64704;70956
31;64803;1506
31;64902;2241
31;65008;10941
31;65107;7021
31;65206;7089
31;65305;7753
31;65404;6930
31;65503;6300
31;65537;32752
31;65552;12258
31;65560;2633
31;65578;5356
31;65602;2005
31;65701;7812
31;65800;1502
31;65909;4156
31;66006;5786
31;66105;3523
31;66204;10459
31;66303;7326
31;66402;1851
31;66501;4293
31;66600;781
31;66709;8699
31;66808;11582
31;66907;7669
31;66956;4781
31;67004;1963
31;67103;20966
31;67202;239639
31;67301;2261
31;67400;6238
31;67509;2615
31;67608;19633
31;67707;5553
31;67806;6151
31;67905;3750
31;68002;34132
31;68051;3110
31;68101;4773
31;68200;1875
31;68309;4077
31;68408;14326
31;68507;11661
31;68606;140592
31;68705;89842
31;68804;7981
31;68903;6480
31;69000;16659
31;69059;4101
31;69109;6258
31;69208;8022
31;69307;79482
31;69356;32356
31;69406;56746
31;69505;6732
31;69604;25327
31;69703;19964
31;69802;5040
31;69901;115552
31;70008;12533
31;70057;12471
31;70107;333783
31;70206;691305
31;70305;2611
31;70404;84378
31;70438;4304
31;70479;3264
31;70503;10358
31;70529;16865
31;70578;6480
31;70602;2153
31;70651;5007
31;70701;135558
31;70750;7036
31;70800;39493
31;70909;19320
31;71006;20590
31;71030;9355
31;71071;5720
31;71105;3999
31;71154;4839
31;71204;127601
31;71303;78846
31;71402;3608
31;71501;3203
31;71600;13752
31;71709;8674
31;71808;10510
31;71907;5380
31;72004;42564
31;72103;5252
31;72202;2552
32;102;30586
32;136;9642
32;169;11019
32;201;30084
32;300;14601
32;359;7836
32;409;29263
32;508;7567
32;607;101220
32;706;11936
32;805;30998
32;904;44650
32;1001;15037
32;1100;9936
32;1159;12404
32;1209;208972
32;1308;381285
32;1407;37534
32;1506;122499
32;1605;31063
32;1704;12723
32;1803;4304
32;1902;33850
32;2009;6749
32;2108;22923
32;2207;21509
32;2256;12709
32;2306;30867
32;2405;124859
32;2454;26082
32;2504;12479
32;2553;8889
32;2603;13860
32;2652;13377
32;2702;14066
32;2801;34348
32;2900;10555
32;3007;29161
32;3056;30477
32;3106;12192
32;3130;16668
32;3163;10947
32;3205;173555
32;3304;15350
32;3320;38499
32;3346;16694
32;3353;12833
32;3403;26153
32;3502;18833
32;3601;5524
32;3700;17465
32;3809;15449
32;3908;50110
32;4005;23184
32;4054;26184
32;4104;27047
32;4203;21711
32;4252;7863
32;4302;11574
32;4351;19141
32;4401;11622
32;4500;12224
32;4559;40431
32;4609;23590
32;4658;8638
32;4708;37947
32;4807;10556
32;4906;130611
32;4955;12415
32;5002;517510
32;5010;30070
32;5036;21402
32;5069;25277
32;5101;78239
32;5150;9208
32;5176;14080
32;5200;493838
32;5309;362097
33;100;203785
33;159;11759
33;209;132400
33;225;12572
33;233;33870
33;258;30349
33;308;100374
33;407;184412
33;456;510906
33;506;27446
33;605;37096
33;704;226525
33;803;58937
33;902;15505
33;936;16301
33;951;8561
33;1009;507548
33;1108;20172
33;1157;12823
33;1207;18895
33;1306;44184
33;1405;23228
33;1504;21926
33;1603;11492
33;1702;919596
33;1801;14002
33;1850;60517
33;1876;28310
33;1900;240592
33;2007;133019
33;2056;15207
33;2106;23234
33;2205;103224
33;2254;31805
33;2270;104768
33;2304;7355
33;2403;256672
33;2452;5599
33;2502;245071
33;2601;44468
33;2700;161207
33;2809;18614
33;2858;176103
33;2908;25538
33;3005;27174
33;3104;15317
33;3203;162485
33;3302;513584
33;3401;190631
33;3500;821128
33;3609;52257
33;3708;44285
33;3807;43165
33;3856;27769
33;3906;306191
33;3955;25156
33;4003;29277
33;4102;18847
33;4110;19683
33;4128;14302
33;4144;150319
33;4151;24700
33;4201;131341
33;4300;60201
33;4409;18529
33;4508;9284
33;4524;150674
33;4557;6718903
33;4607;10404
33;4706;42479
33;4755;42205
33;4805;38669
33;4904;1084839
33;5000;36102
33;5109;472406
33;5133;7171
33;5158;21795
33;5208;104476
33;5307;9357
33;5406;18228
33;5505;89170
33;5554;82312
33;5604;21774
33;5703;15623
33;5752;34309
33;5802;182594
33;5901;10626
33;6008;81804
33;6107;76523
33;6156;11000
33;6206;36896
33;6305;273012
35;105;35068
35;204;3562
35;303;36305
35;402;8180
35;501;18705
35;550;6075
35;600;3451
35;709;37214
35;758;6025
35;808;4166
35;907;4160
35;1004;16184
35;1103;4099
35;1152;18628
35;1202;3679
35;1301;24915
35;1400;5227
35;1509;3222
35;1608;239597
35;1707;40504
35;1806;5969
35;1905;72195
35;2002;4995
35;2101;57157
35;2200;25228
35;2309;6724
35;2408;4115
35;2507;36157
35;2606;4196
35;2705;24374
35;2754;22364
35;2804;197016
35;2903;34146
35;3000;5620
35;3109;6357
35;3158;2469
35;3208;236072
35;3307;134236
35;3356;1791
35;3406;8560
35;3505;3886
35;3604;11129
35;3703;9668
35;3802;54408
35;3901;89824
35;3950;1822
35;4008;104386
35;4107;142761
35;4206;15189
35;4305;5403
35;4404;13649
35;4503;90655
35;4602;17502
35;4701;5735
35;4800;9068
35;4909;10945
35;5005;3469
35;5104;7402
35;5203;35264
35;5302;36126
35;5351;5724
35;5401;7659
35;5500;122098
35;5609;32812
35;5708;274182
35;5807;20953
35;5906;62508
35;6003;376818
35;6102;77496
35;6201;2980
35;6300;11148
35;6359;63249
35;6409;8034
35;6508;123638
35;6607;32598
35;6706;14923
35;6805;12329
35;6904;11730
35;7001;60997
35;7100;25448
35;7159;3954
35;7209;837
35;7308;4823
35;7407;16046
35;7456;2653
35;7506;146497
35;7605;168668
35;7704;5686
35;7753;2865
35;7803;24939
35;7902;24403
35;8009;19878
35;8108;17144
35;8207;4481
35;8306;4264
35;8405;49707
35;8504;94263
35;8603;33327
35;8702;18985
35;8801;17767
35;8900;4191
35;9007;101470
35;9106;5874
35;9205;76801
35;9254;28549
35;9304;10542
35;9403;26167
35;9452;6024
35;9502;1204073
35;9601;84650
35;9700;52088
35;9809;4965
35;9908;12540
35;9957;5138
35;10005;31280
35;10104;2793
35;10153;5216
35;10203;47138
35;10302;20706
35;10401;55768
35;10500;121532
35;10609;400927
35;10708;12326
35;10807;30380
35;10906;2523
35;11003;21006
35;11102;121862
35;11201;7804
35;11300;9237
35;11409;19985
35;11508;48949
35;11607;18148
35;11706;17190
35;11904;8617
35;12001;18468
35;12100;6210
35;12209;28050
35;12308;17896
35;12407;24528
35;12506;6058
35;12605;4681
35;12704;4055
35;12803;72252
35;12902;7307
35;13009;249210
35;13108;35292
35;13207;8631
35;13306;2073
35;13405;82238
35;13504;130705
35;13603;21547
35;13702;33718
35;13801;423884
35;13850;1793
35;13900;11146
35;14007;8929
35;14106;27315
35;14205;2115
35;14304;8873
35;14403;46793
35;14502;12445
35;14601;9868
35;14700;6102
35;14809;15494
35;14908;17772
35;14924;3651
35;14957;2452
35;15004;273726
35;15103;69385
35;15129;3214
35;15152;20773
35;15186;44330
35;15194;4829
35;15202;8419
35;15301;2766
35;15350;9371
35;15400;16036
35;15509;69116
35;15608;5783
35;15657;1716
35;15707;194276
35;15806;1464
35;15905;2917
35;16002;14640
35;16101;2676
35;16200;353187
35;16309;175844
35;16408;154489
35;16507;2776
35;16606;6548
35;16705;44390
35;16804;4808
35;16853;4789
35;16903;10869
35;17000;11409
35;17109;4815
35;17208;12168
35;17307;5765
35;17406;40790
35;17505;21454
35;17604;17157
35;17703;21220
35;17802;8323
35;17901;11188
35;18008;2000
35;18107;6664
35;18206;32939
35;18305;29798
35;18404;121798
35;18503;18520
35;18602;40105
35;18701;320459
35;18800;1379182
35;18859;7656
35;18909;5267
35;19006;9526
35;19055;14930
35;19071;230851
35;19105;11710
35;19204;6321
35;19253;9240
35;19303;35104
35;19402;12393
35;19501;7753
35;19600;60033
35;19709;78878
35;19808;8243
35;19907;8159
35;20004;24674
35;20103;30432
35;20202;9534
35;20301;30857
35;20400;34970
35;20426;11166
35;20442;26686
35;20509;251627
35;20608;4885
35;20707;3897
35;20806;3991
35;20905;14971
35;21002;37133
35;21101;7546
35;21150;5392
35;21200;4218
35;21309;16409
35;21408;24235
35;21507;7993
35;21606;8294
35;21705;17556
35;21804;27125
35;21903;15262
35;22000;3835
35;22109;101816
35;22158;3328
35;22208;175693
35;22307;163901
35;22406;94354
35;22505;237700
35;22604;74773
35;22653;4241
35;22703;43120
35;22802;15149
35;22901;13992
35;23008;4906
35;23107;370821
35;23206;50503
35;23305;17436
35;23404;120858
35;23503;20697
35;23602;18157
35;23701;6499
35;23800;7841
35;23909;173939
35;24006;61252
35;24105;41824
35;24204;6929
35;24303;77263
35;24402;233662
35;24501;7067
35;24600;17866
35;24709;57488
35;24808;49107
35;24907;6602
35;25003;124937
35;25102;44380
35;25201;30044
35;25300;150252
35;25409;3159
35;25508;13220
35;25607;4523
35;25706;37015
35;25805;4776
35;25854;3367
35;25904;418962
35;26001;20679
35;26100;18812
35;26209;31444
35;26308;4896
35;26407;28516
35;26506;11980
35;26605;7260
35;26704;103391
35;26803;68432
35;26902;306114
35;27009;7980
35;27108;78013
35;27207;88706
35;27256;2289
35;27306;48885
35;27405;21747
35;27504;2394
35;27603;14947
35;27702;5790
35;27801;4584
35;27900;2649
35;28007;17163
35;28106;8120
35;28205;3698
35;28304;3119
35;28403;47150
35;28502;100179
35;28601;9846
35;28700;5853
35;28809;14002
35;28858;3031
35;28908;4084
35;29005;238882
35;29104;2112
35;29203;26461
35;29302;83170
35;29401;472912
35;29500;5490
35;29609;3836
35;29658;1908
35;29708;22226
35;29807;12908
35;29906;19779
35;30003;3086
35;30102;29564
35;30201;18259
35;30300;59824
35;30409;4871
35;30508;68885
35;30607;445842
35;30706;151888
35;30805;93189
35;30904;3493
35;31001;2259
35;31100;56702
35;31209;8038
35;31308;50498
35;31407;25087
35;31506;19008
35;31605;4166
35;31704;4653
35;31803;59772
35;31902;32968
35;32009;13622
35;32058;4758
35;32108;4486
35;32157;3141
35;32207;4857
35;32306;6661
35;32405;18524
35;32504;8930
35;32603;11478
35;32702;5213
35;32801;6973
35;32827;9755
35;32843;1881
35;32868;1267
35;32900;11186
35;33007;21500
35;33106;2316
35;33205;3969
35;33254;5830
35;33304;4101
35;33403;60174
35;33502;41052
35;33601;7432
35;33700;4289
35;33809;2496
35;33908;54772
35;34005;4381
35;34104;6515
35;34203;7066
35;34302;44028
35;34401;698418
35;34500;2603
35;34609;32879
35;34708;113542
35;34757;10361
35;34807;8562
35;34906;14197
35;35002;12957
35;35101;13275
35;35200;9283
35;35309;22221
35;35408;15777
35;35507;45703
35;35606;18222
35;35705;6454
35;35804;20197
35;35903;4078
35;36000;10964
35;36109;6435
35;36208;19648
35;36257;2161
35;36307;14670
35;36406;7366
35;36505;109424
35;36570;1833
35;36604;8945
35;36703;46687
35;36802;6093
35;36901;2494
35;37008;16744
35;37107;47919
35;37156;3093
35;37206;11331
35;37305;63407
35;37404;25669
35;37503;8668
35;37602;68284
35;37701;5980
35;37800;55348
35;37909;29185
35;38006;168328
35;38105;17049
35;38204;15207
35;38303;3692
35;38501;13657
35;38600;27303
35;38709;404142
35;38808;29806
35;38907;25492
35;39004;11417
35;39103;18895
35;39202;27527
35;39301;76409
35;39400;13636
35;39509;39719
35;39608;5237
35;39707;3550
35;39806;117452
35;39905;6059
35;40002;22014
35;40101;3416
35;40200;49961
35;40259;4628
35;40309;2577
35;40408;4169
35;40507;9925
35;40606;53098
35;40705;56150
35;40754;24643
35;40804;17361
35;40853;4093
35;40903;21496
35;41000;325073
35;41059;5261
35;41109;4094
35;41208;13106
35;41307;44200
35;41406;228743
35;41505;39516
35;41604;40432
35;41653;3804
35;41703;14109
35;41802;3406
35;41901;13420
35;42008;6638
35;42107;9076
35;42206;29707
35;42305;3851
35;42404;20261
35;42503;9621
35;42602;56322
35;42701;7593
35;42800;3340
35;42909;13219
35;43006;16444
35;43105;4718
35;43204;4541
35;43238;2225
35;43253;7673
35;43303;123393
35;43402;703293
35;43501;5524
35;43600;3629
35;43709;10799
35;43808;9981
35;43907;206424
35;44004;35228
35;44103;50846
35;44202;12518
35;44251;16643
35;44301;10712
35;44400;3128
35;44509;3148
35;44608;5590
35;44707;2432
35;44806;6331
35;44905;11890
35;45001;17139
35;45100;5300
35;45159;8286
35;45209;118663
35;45308;45422
35;45407;9331
35;45506;4302
35;45605;15480
35;45704;6008
35;45803;193475
35;46009;14788
35;46108;2115
35;46207;4503
35;46256;2139
35;46306;34361
35;46405;47673
35;46504;5599
35;46603;32322
35;46702;26898
35;46801;57386
35;46900;8817
35;47007;6173
35;47106;2939
35;47205;1487
35;47304;139447
35;47403;2498
35;47502;27557
35;47601;26540
35;47650;1545
35;47700;20878
35;47809;718773
35;47908;6929
35;48005;23310
35;48054;8420
35;48104;5954
35;48203;6811
35;48302;3111
35;48401;4777
35;48500;433311
35;48609;10878
35;48708;838936
35;48807;161127
35;48906;251983
35;49003;2821
35;49102;91211
35;49201;2568
35;49250;1922
35;49300;2105
35;49409;51888
35;49508;8928
35;49607;4147
35;49706;54946
35;49805;460671
35;49904;721944
35;49953;15825
35;50001;10687
35;50100;40954
35;50209;32931
35;50308;12252023
35;50407;35653
35;50506;7666
35;50605;91016
35;50704;88980
35;50803;12182
35;50902;15322
35;51009;365798
35;51108;10285
35;51207;3638
35;51306;3513
35;51405;14662
35;51504;45107
35;51603;29229
35;51702;125815
35;51801;12832
35;51900;17496
35;52007;6302
35;52106;41005
35;52205;679378
35;52304;7718
35;52403;282441
35;52502;297637
35;52551;3963
35;52601;12407
35;52700;16496
35;52809;289664
35;52908;6285
35;53005;13859
35;53104;6295
35;53203;5566
35;53302;23207
35;53401;25967
35;53500;7807
35;53609;12960
35;53658;2811
35;53708;57177
35;53807;23218
35;53856;5852
35;53906;7468
35;53955;15000
35;54003;121766
35;54102;314924
35;54201;4532
35;54300;23148
35;54409;9370
35;54508;42076
35;54607;2658
35;54656;2412
35;54706;10010
35;54755;1724
35;54805;47185
35;54904;5807
35;54953;6894
35;55000;65524
35;55109;15495
35;55208;2016
35;55307;1727
35;55356;6309
35;55406;90799
35;55505;4780
35;55604;10110
35;55703;1844
35;55802;9114
35;55901;1165
35;56008;13809
35;56107;13326
35;56206;129193
35;56305;26480
35;56354;10537
35;56404;42845
35;56453;52597
35;56503;121838
35;56602;10843
35;56701;78728
35;56800;18898
35;56909;8810
35;56958;1840
35;57006;122480
35;57105;94547
35;57154;2718
35;57204;12418
35;57303;11304
41;103;7457
41;202;5919
41;301;9371
41;400;118623
41;459;1942
41;509;22056
41;608;14770
41;707;9836
41;806;11406
41;905;6257
41;1002;19152
41;1051;2801
41;1101;20031
41;1150;2928
41;1200;18980
41;1309;7434
41;1408;134996
41;1507;123027
41;1606;28115
41;1655;3068
41;1705;13970
41;1804;143843
41;1853;2108
41;1903;15119
41;2000;33362
41;2109;26111
41;2208;3892
41;2307;12941
41;2406;31367
41;2505;11568
41;2604;10275
41;2703;2781
41;2752;3511
41;2802;15397
41;2901;16389
41;3008;4105
41;3024;2503
41;3040;6387
41;3057;7591
41;3107;12944
41;3156;3541
41;3206;7032
41;3222;3264
41;3305;6592
41;3354;5427
41;3370;2651
41;3404;2934
41;3453;18120
41;3479;4044
41;3503;8570
41;3602;25360
41;3701;106533
41;3800;7865
41;3909;14202
41;3958;3887
41;4006;43288
41;4055;3833
41;4105;7971
41;4204;132002
41;4253;29318
41;4303;94859
41;4402;15018
41;4428;15979
41;4451;13317
41;4501;19124
41;4600;15780
41;4659;23415
41;4709;14320
41;4808;328454
41;4907;71484
41;5003;10189
41;5102;10827
41;5201;17779
41;5300;11765
41;5409;19254
41;5508;82620
41;5607;12652
41;5706;16559
41;5805;243726
41;5904;24012
41;6001;8818
41;6100;3860
41;6209;18584
41;6308;17071
41;6407;47845
41;6456;7497
41;6506;20734
41;6555;3219
41;6571;4252
41;6605;20932
41;6704;4469
41;6803;18708
41;6852;2950
41;6902;1933105
41;7009;15101
41;7108;5087
41;7124;3439
41;7157;5253
41;7207;40641
41;7256;8747
41;7306;5979
41;7405;5961
41;7504;14000
41;7520;1698
41;7538;4539
41;7546;4117
41;7553;3089
41;7603;17251
41;7652;100209
41;7702;4762
41;7736;5646
41;7751;7770
41;7801;4929
41;7850;4624
41;7900;6774
41;8007;10548
41;8106;2689
41;8205;6578
41;8304;258532
41;8320;6046
41;8403;91093
41;8452;4650
41;8502;13710
41;8551;2946
41;8601;28884
41;8650;7111
41;8700;5618
41;8809;33119
41;8908;6581
41;8957;8739
41;9005;3802
41;9104;2243
41;9203;5502
41;9302;12472
41;9401;181504
41;9500;7636
41;9609;37067
41;9658;5211
41;9708;31364
41;9757;6352
41;9807;54558
41;9906;7904
41;10003;4404
41;10052;2256
41;10078;13111
41;10102;32564
41;10201;11125
41;10300;3109
41;10409;4457
41;10508;15172
41;10607;13926
41;10656;2288
41;10706;60727
41;10805;10169
41;10904;4466
41;10953;11176
41;11001;6582
41;11100;6108
41;11209;11964
41;11258;28634
41;11308;2865
41;11407;13879
41;11506;31984
41;11555;8185
41;11605;3259
41;11704;5274
41;11803;39378
41;11902;13620
41;12009;34857
41;12108;21176
41;12207;5245
41;12306;4994
41;12405;9425
41;12504;11328
41;12603;1331
41;12702;12588
41;12751;8412
41;12801;11908
41;12900;3292
41;12959;7340
41;13007;7013
41;13106;4100
41;13205;48163
41;13254;5852
41;13304;32073
41;13403;3954
41;13429;3310
41;13452;4676
41;13502;23086
41;13601;4787
41;13700;569733
41;13734;7262
41;13759;4794
41;13809;4920
41;13908;13630
41;14005;13132
41;14104;22819
41;14203;34400
41;14302;26869
41;14351;2571
41;14401;16714
41;14500;13502
41;14609;52944
41;14708;5677
41;14807;35496
41;14906;8836
41;15002;7076
41;15101;10345
41;15200;423666
41;15309;6610
41;15358;5603
41;15408;14367
41;15457;4405
41;15507;4679
41;15606;17943
41;15705;34720
41;15739;3272
41;15754;10601
41;15804;46198
41;15853;5536
41;15903;2213
41;16000;1806
41;16059;10702
41;16109;12121
41;16208;16406
41;16307;3984
41;16406;4008
41;16505;1543
41;16604;3445
41;16703;10472
41;16802;5302
41;16901;27904
41;16950;5046
41;17008;8153
41;17057;11554
41;17107;13213
41;17206;5806
41;17214;4249
41;17222;8219
41;17255;10548
41;17271;5649
41;17297;2844
41;17305;22141
41;17404;3428
41;17453;5996
41;17503;41281
41;17602;50986
41;17701;33877
41;17800;13172
41;17909;31846
41;18006;13830
41;18105;11472
41;18204;154936
41;18303;3203
41;18402;88374
41;18451;5610
41;18501;82881
41;18600;5873
41;18709;7354
41;18808;13996
41;18857;6127
41;18907;11234
41;19004;6347
41;19103;12746
41;19152;132157
41;19202;6326
41;19251;2731
41;19301;32391
41;19400;25463
41;19509;113036
41;19608;30310
41;19657;3224
41;19707;4263
41;19806;13479
41;19905;351736
41;19954;27284
41;20002;12914
41;20101;4848
41;20150;3237
41;20200;2559
41;20309;4065
41;20333;3753
41;20358;5157
41;20408;5306
41;20507;11123
41;20606;52241
41;20655;4512
41;20705;7449
41;20804;23559
41;20853;4015
41;20903;34103
41;21000;12206
41;21109;4573
41;21208;19049
41;21257;4451
41;21307;3808
41;21356;2655
41;21406;16922
41;21505;14899
41;21604;6802
41;21703;26715
41;21752;8010
41;21802;10668
41;21901;13029
41;22008;15236
41;22107;3203
41;22156;13269
41;22172;4096
41;22206;32397
41;22305;34170
41;22404;66580
41;22503;9849
41;22602;9579
41;22651;4786
41;22701;6827
41;22800;3580
41;22909;4935
41;23006;14785
41;23105;3324
41;23204;3334
41;23303;7800
41;23402;12037
41;23501;26490
41;23600;1596
41;23709;8562
41;23808;14659
41;23824;3813
41;23857;9615
41;23907;11724
41;23956;3981
41;24004;4992
41;24020;10139
41;24053;23465
41;24103;45993
41;24202;2641
41;24301;2106
41;24400;20166
41;24509;5438
41;24608;6878
41;24707;11170
41;24806;10241
41;24905;5855
41;25001;10219
41;25100;15120
41;25209;9050
41;25308;5551
41;25357;5641
41;25407;6206
41;25456;3654
41;25506;323340
41;25555;2160
41;25605;46261
41;25704;27452
41;25753;5897
41;25803;10981
41;25902;2313
41;26009;8853
41;26108;5722
41;26207;6736
41;26256;96688
41;26272;5500
41;26306;19327
41;26355;4495
41;26405;5284
41;26504;16369
41;26603;21016
41;26652;2981
41;26678;14797
41;26702;5120
41;26801;16205
41;26900;5539
41;27007;12367
41;27106;78974
41;27205;17094
41;27304;16789
41;27403;17481
41;27502;20522
41;27601;16868
41;27700;140635
41;27809;7918
41;27858;12040
41;27882;8769
41;27908;8566
41;27957;8124
41;27965;13215
41;28005;21013
41;28104;111557
41;28203;57517
41;28302;2605
41;28401;11314
41;28500;19414
41;28534;11892
41;28559;8521
41;28609;7257
41;28625;2741
41;28633;5580
41;28658;4023
41;28708;6838
41;28807;5679
42;51;2563
42;101;17904
42;200;10864
42;309;5448
42;408;7145
42;507;6486
42;556;2366
42;606;6469
42;705;10036
42;754;1937
42;804;5638
42;903;4801
42;1000;7133
42;1109;3232
42;1208;8513
42;1257;10743
42;1273;4267
42;1307;38129
42;1406;68228
42;1505;8674
42;1604;3550
42;1653;2240
42;1703;7934
42;1802;3210
42;1901;5679
42;1950;13071
42;2008;142295
42;2057;10795
42;2073;10979
42;2081;2678
42;2099;1677
42;2107;29168
42;2131;6337
42;2156;2706
42;2206;11652
42;2305;68481
42;2404;357199
42;2438;3474
42;2453;19769
42;2503;4743
42;2537;3010
42;2578;2142
42;2602;9966
42;2701;5246
42;2800;33450
42;2859;3743
42;2875;2420
42;2909;134723
42;3006;78595
42;3105;6148
42;3154;3346
42;3204;82989
42;3253;2525
42;3303;11978
42;3402;7016
42;3501;8526
42;3600;36244
42;3709;12240
42;3808;54401
42;3907;22848
42;3956;24871
42;4004;10861
42;4103;3642
42;4152;2728
42;4178;3124
42;4194;2988
42;4202;220367
42;4251;16684
42;4301;74641
42;4350;4453
42;4400;9981
42;4459;2549
42;4509;15909
42;4558;12795
42;4608;215186
42;4707;11086
42;4756;1962
42;4806;39745
42;4905;8250
42;5001;15498
42;5100;4146
42;5159;4064
42;5175;3203
42;5191;2063
42;5209;4412
42;5308;10667
42;5357;1582
42;5407;500973
42;5431;2510
42;5456;26793
42;5506;36443
42;5555;2023
42;5605;2873
42;5704;23078
42;5803;18145
42;5902;69639
42;6009;14471
42;6108;6569
42;6207;11501
42;6306;23832
42;6405;10090
42;6504;44819
42;6603;5160
42;6652;4704
42;6702;22606
42;6751;1957
42;6801;3202
42;6900;18950
42;7007;56421
42;7106;14184
42;7205;10135
42;7304;44853
42;7403;6197
42;7502;69425
42;7577;2945
42;7601;4446
42;7650;8996
42;7684;7514
42;7700;7593
42;7759;3976
42;7809;10419
42;7858;1930
42;7908;11222
42;8005;6169
42;8104;21669
42;8203;219536
42;8302;65312
42;8401;16872
42;8450;20576
42;8500;25086
42;8609;3936
42;8708;10416
42;8807;20024
42;8906;177697
42;8955;1570
42;9003;30118
42;9102;590466
42;9151;4997
42;9177;2101
42;9201;2246
42;9300;157544
42;9409;45814
42;9458;1427
42;9508;6970
42;9607;15244
42;9706;12107
42;9805;3041
42;9854;4563
42;9904;12130
42;10001;12859
42;10035;5685
42;10050;1775
42;10100;56292
42;10209;3442
42;10308;8103
42;10407;7293
42;10506;25762
42;10555;1797
42;10605;16916
42;10704;2520
42;10803;7015
42;10852;2309
42;10902;4209
42;11009;11742
42;11058;9866
42;11108;8275
42;11207;17796
42;11256;2893
42;11306;81475
42;11405;5019
42;11454;4331
42;11504;14549
42;11603;15166
42;11652;2442
42;11702;22912
42;11751;18744
42;11801;7295
42;11850;2217
42;11876;1505
42;11892;2359
42;11900;171797
42;12007;7423
42;12056;2627
42;12106;16169
42;12205;19320
42;12239;3437
42;12254;8823
42;12270;4147
42;12304;7494
42;12403;3976
42;12502;32531
42;12601;2787
42;12650;10091
42;12700;5937
42;12809;23147
42;12908;20313
42;13005;3555
42;13104;3854
42;13153;2870
42;13203;33447
42;13302;4682
42;13351;3414
42;13401;11593
42;13500;21388
42;13609;35398
42;13708;17453
42;13807;7319
42;13906;1568
42;14003;17471
42;14102;2287
42;14151;2924
42;14201;9887
42;14300;2878
42;14409;6205
42;14508;5940
42;14607;7489
42;14706;11676
42;14805;71061
42;14904;4611
42;15000;42302
42;15059;2483
42;15075;4598
42;15109;11551
42;15208;4786
42;15307;7642
42;15356;3781
42;15406;4718
42;15455;12678
42;15505;16830
42;15554;2223
42;15604;2142
42;15653;8358
42;15679;8787
42;15687;2428
42;15695;1260
42;15703;23245
42;15752;2336
42;15802;84507
42;15901;2838
42;16008;11281
42;16057;5549
42;16107;9445
42;16206;52721
42;16255;6381
42;16305;37424
42;16354;3733
42;16404;7297
42;16503;26952
42;16602;246586
42;16701;13829
42;16800;8295
42;16909;24076
42;17006;13410
42;17105;3180
42;17154;1820
42;17204;40482
42;17253;5823
42;17303;9745
42;17402;21365
42;17501;17541
42;17550;3263
42;17600;14007
42;17709;30374
42;17758;2461
42;17808;18395
42;17907;8676
42;17956;1633
42;18004;38407
42;18103;5348
42;18202;44238
42;18251;7877
42;18301;19275
42;18350;3929
42;18400;7081
42;18509;7840
42;18608;7360
42;18707;105686
42;18756;4543
42;18806;12899
42;18855;2464
42;18905;11235
42;18954;2465
42;19002;21268
42;19101;3573
42;19150;2477
42;19176;4492
42;19200;6338
42;19309;53065
42;19358;4979
42;19408;3965
42;19507;50982
42;19606;3933
42;19705;28706
42;19853;3363
42;20000;12760
43;34;4901
43;59;3748
43;109;16461
43;208;7024
43;307;5950
43;406;73589
43;455;3464
43;471;1964
43;505;6258
43;554;1638
43;570;3028
43;604;210305
43;638;7031
43;646;7409
43;661;1333
43;703;5981
43;802;13050
43;851;3581
43;877;5698
43;901;6235
43;1008;20805
43;1057;10065
43;1073;2937
43;1107;14151
43;1206;13373
43;1305;18293
43;1404;10424
43;1503;6661
43;1552;3554
43;1602;121143
43;1636;14068
43;1651;6171
43;1701;6623
43;1750;7487
43;1800;5275
43;1859;3248
43;1875;4215
43;1909;13491
43;1925;1690
43;1958;2539
43;2006;11199
43;2055;1994
43;2105;120454
43;2154;2098
43;2204;6712
43;2220;2470
43;2238;2603
43;2253;2783
43;2303;11349
43;2352;14055
43;2378;1942
43;2402;12328
43;2451;7714
43;2501;6279
43;2584;2123
43;2600;3353
43;2659;5074
43;2709;20941
43;2808;33624
43;2907;12561
43;3004;82201
43;3103;130293
43;3202;5065
43;3301;4846
43;3400;4743
43;3509;66261
43;3558;2733
43;3608;6431
43;3673;3388
43;3707;5474
43;3806;5454
43;3905;66712
43;4002;4484
43;4101;3320
43;4200;31365
43;4309;6198
43;4358;9584
43;4408;44998
43;4507;56045
43;4606;346616
43;4614;1716
43;4622;1654
43;4630;53049
43;4655;3651
43;4663;25354
43;4671;4660
43;4689;11940
43;4697;2757
43;4705;62110
43;4713;8270
43;4804;29833
43;4853;1377
43;4903;9031
43;4952;3202
43;5009;8774
43;5108;510906
43;5116;2891
43;5124;6091
43;5132;4691
43;5157;2311
43;5173;12239
43;5207;14133
43;5306;9269
43;5355;40789
43;5371;3279
43;5405;3756
43;5439;6704
43;5447;5441
43;5454;16254
43;5504;4747
43;5587;2438
43;5603;3175
43;5702;6753
43;5801;9911
43;5835;1501
43;5850;2306
43;5871;2519
43;5900;7325
43;5934;1628
43;5959;3853
43;5975;2756
43;6007;13448
43;6056;8009
43;6072;2847
43;6106;60299
43;6130;1833
43;6205;12348
43;6304;4740
43;6320;2805
43;6353;2427
43;6379;3014
43;6403;32671
43;6429;2026
43;6452;3400
43;6502;15414
43;6551;2534
43;6601;38461
43;6700;3041
43;6734;4549
43;6759;1983
43;6767;41285
43;6809;22706
43;6908;25877
43;6924;1034
43;6932;8475
43;6957;2792
43;6973;2991
43;7005;105862
43;7054;3168
43;7104;6821
43;7203;4859
43;7302;6912
43;7401;3282
43;7450;2926
43;7500;15588
43;7559;5958
43;7609;50022
43;7708;83202
43;7807;34116
43;7815;3655
43;7831;2396
43;7864;2731
43;7906;72331
43;8003;6677
43;8052;2315
43;8078;4533
43;8102;13547
43;8201;30745
43;8250;1766
43;8300;10304
43;8409;6664
43;8433;2412
43;8458;4320
43;8508;31313
43;8607;35070
43;8656;2924
43;8706;5534
43;8805;8385
43;8854;1634
43;8904;16212
43;9001;16004
43;9050;8098
43;9100;36232
43;9126;2082
43;9159;4325
43;9209;281519
43;9258;1503
43;9308;98143
43;9407;25727
43;9506;7537
43;9555;4866
43;9571;3018
43;9605;19329
43;9654;6776
43;9704;4762
43;9753;4406
43;9803;4709
43;9902;7262
43;9951;4013
43;10009;20350
43;10108;36899
43;10207;83475
43;10306;4078
43;10330;22800
43;10363;3120
43;10405;6167
43;10413;2226
43;10439;6640
43;10462;1889
43;10504;7241
43;10538;5499
43;10553;3465
43;10579;2094
43;10603;37620
43;10652;2419
43;10702;3324
43;10751;1910
43;10801;24293
43;10850;3810
43;10876;2692
43;10900;3561
43;11007;26680
43;11106;10848
43;11122;3716
43;11130;3503
43;11155;8560
43;11205;19293
43;11239;2903
43;11254;6452
43;11270;1609
43;11304;27807
43;11403;84014
43;11429;2564
43;11502;7480
43;11601;5219
43;11627;6054
43;11643;1714
43;11700;5445
43;11718;4587
43;11734;2981
43;11759;7299
43;11775;6714
43;11791;2691
43;11809;44161
43;11908;4402
43;11981;3885
43;12005;2031
43;12054;4009
43;12104;4823
43;12138;2540
43;12153;4515
43;12179;1648
43;12203;4377
43;12252;8075
43;12302;4925
43;12351;1453
43;12377;3226
43;12385;2548
43;12401;65264
43;12427;3085
43;12443;2949
43;12450;6568
43;12476;6407
43;12500;12804
43;12609;4954
43;12617;3162
43;12625;1893
43;12658;17624
43;12674;1682
43;12708;11695
43;12757;3625
43;12807;4759
43;12906;9916
43;12955;1775
43;13003;3330
43;13011;2698
43;13037;5352
43;13060;21615
43;13086;2553
43;13102;6512
43;13201;21353
43;13300;27257
43;13334;2242
43;13359;3689
43;13375;29300
43;13391;4196
43;13409;246748
43;13425;3323
43;13441;2211
43;13466;1719
43;13490;4164
43;13508;45994
43;13607;3828
43;13656;11318
43;13706;33303
43;13805;7057
43;13904;43667
43;13953;9174
43;14001;7657
43;14027;7611
43;14035;3837
43;14050;58272
43;14068;5702
43;14076;6535
43;14100;203275
43;14134;2293
43;14159;8487
43;14175;1982
43;14209;7730
43;14308;3874
43;14407;342405
43;14423;5742
43;14456;2579
43;14464;1941
43;14472;4350
43;14498;4871
43;14506;12271
43;14548;3003
43;14555;2304
43;14605;20663
43;14704;10084
43;14753;2098
43;14779;3904
43;14787;1547
43;14803;37079
43;14902;1483771
43;15008;4678
43;15057;2374
43;15073;1360
43;15107;10246
43;15131;1639
43;15149;2901
43;15156;6244
43;15172;1947
43;15206;3919
43;15305;22687
43;15313;1849
43;15321;2788
43;15354;3796
43;15404;11549
43;15453;2090
43;15503;15789
43;15552;2752
43;15602;211005
43;15701;38275
43;15750;4653
43;15800;11393
43;15909;5867
43;15958;2323
43;16006;21349
43;16105;10601
43;16204;5130
43;16303;6847
43;16402;39422
43;16428;2609
43;16436;2650
43;16451;12449
43;16477;2733
43;16501;7799
43;16600;16270
43;16709;7994
43;16733;1639
43;16758;6603
43;16808;130416
43;16907;282123
43;16956;6331
43;16972;2562
43;17004;8098
43;17103;77027
43;17202;73254
43;17251;1729
43;17301;29676
43;17400;49425
43;17509;77593
43;17558;2128
43;17608;42894
43;17707;10175
43;17756;2019
43;17806;13885
43;17905;14257
43;17954;2324
43;18002;60282
43;18051;3074
43;18101;18335
43;18200;21710
43;18309;62105
43;18408;24248
43;18424;4657
43;18432;2552
43;18440;2824
43;18457;2537
43;18465;1971
43;18481;4804
43;18499;2073
43;18507;27568
43;18606;6933
43;18614;2408
43;18622;3527
43;18705;236835
43;18804;43582
43;18903;33468
43;19000;21556
43;19109;5426
43;19125;3234
43;19158;7673
43;19208;5265
43;19307;5790
43;19356;3801
43;19364;2009
43;19372;2947
43;19406;16198
43;19505;25685
43;19604;23621
43;19703;3299
43;19711;2242
43;19737;2727
43;19752;2243
43;19802;8721
43;19901;81734
43;20008;141075
43;20107;24489
43;20206;10750
43;20230;2907
43;20263;7421
43;20305;5100
43;20321;2779
43;20354;5581
43;20404;17502
43;20453;1962
43;20503;5415
43;20552;6486
43;20578;1970
43;20602;3657
43;20651;2384
43;20677;10172
43;20701;14967
43;20800;31002
43;20859;4719
43;20909;24111
43;21006;10584
43;21105;17300
43;21204;57466
43;21303;26862
43;21329;3072
43;21352;5481
43;21402;13485
43;21436;11204
43;21451;33232
43;21469;3030
43;21477;5704
43;21493;2806
43;21501;38732
43;21600;51715
43;21626;2336
43;21634;2668
43;21667;11053
43;21709;28220
43;21808;23906
43;21832;2697
43;21857;4271
43;21907;23906
43;21956;5802
43;22004;29538
43;22103;5678
43;22152;4569
43;22186;1472
43;22202;23948
43;22251;4855
43;22301;7893
43;22327;3438
43;22343;2015
43;22350;1154
43;22376;2338
43;22400;126970
43;22509;66218
43;22525;3497
43;22533;11781
43;22541;5913
43;22558;2113
43;22608;71554
43;22707;26863
43;22806;26241
43;22855;1815
43;22905;4756
43;23002;255224
43;23101;4670
43;23200;2882
43;23309;3385
43;23358;2091
43;23408;4358
43;23457;4280
43;23507;2752
43;23606;1561
43;23705;2851
43;23754;3133
43;23770;3014
43;23804;16408
50;203;15522
50;252;5343
50;609;39396
50;708;25135
50;807;9035
50;856;10780
50;906;8956
50;1003;25745
50;1102;47871
50;1243;12149
50;1508;6788
50;1904;23024
50;2001;11329
50;2100;24629
50;2159;7875
50;2209;21976
50;2308;11872
50;2407;30174
50;2605;13711
50;2704;895982
50;2803;6116
50;2902;21939
50;2951;25218
50;3108;5947
50;3157;15253
50;3207;111435
50;3256;20823
50;3306;33543
50;3454;12924
50;3488;11385
50;3504;5924
50;3702;222949
50;3751;12353
50;3801;19189
50;3900;3051
50;4007;9965
50;4106;9895
50;4304;16078
50;4403;7610
50;4502;24839
50;4601;21142
50;4700;23187
50;4809;9110
50;4908;7187
50;5004;26097
50;5103;4027
50;5152;6712
50;5202;23331
50;5251;7341
50;5400;47083
50;5608;28013
50;5681;18366
50;5707;54878
50;5806;13930
50;6002;21882
50;6200;54374
50;6259;3814
50;6275;5555
50;6309;42148
50;6358;14228
50;6408;7674
50;6606;92526
50;6903;17131
50;7109;24615
50;7208;37514
50;7307;4831
50;7406;19746
50;7505;5499
50;7554;7851
50;7695;26771
50;7703;10791
50;7802;6529
50;7901;57665
50;7935;19274
50;7950;11552
50;7976;3588
50;8008;21806
50;8305;121388
50;8404;6102
51;102;5399
51;201;25721
51;250;51782
51;300;19044
51;359;6822
51;409;12030
51;508;11356
51;607;10847
51;805;10133
51;1001;3100
51;1209;935
51;1258;16822
51;1308;9607
51;1407;22354
51;1605;8564
51;1704;34966
51;1803;61012
51;1852;6580
51;1902;19695
51;2504;94376
51;2603;15980
51;2637;35360
51;2678;44041
51;2686;6891
51;2694;4743
51;2702;21579
51;2793;10305
51;2850;8729
51;3007;19752
51;3056;12149
51;3106;5700
51;3205;33438
51;3254;38582
51;3304;20763
51;3353;30933
51;3361;4038
51;3379;19750
51;3403;612547
51;3437;5219
51;3452;9462
51;3502;22041
51;3601;8178
51;3700;14192
51;3809;3494
51;3858;7648
51;3908;5540
51;3957;3026
51;4104;35816
51;4203;15141
51;4500;2752
51;4526;7667
51;4542;6737
51;4559;3802
51;4609;13345
51;4807;27776
51;4906;8409
51;5002;8793
51;5101;34974
51;5150;40997
51;5176;15865
51;5200;11221
51;5234;6121
51;5259;65534
51;5309;2077
51;5507;16128
51;5580;10499
51;5606;16566
51;5622;27739
51;5903;15336
51;6000;5989
51;6109;13216
51;6158;15288
51;6174;3849
51;6182;6640
51;6190;3718
51;6208;3829
51;6216;12787
51;6224;45378
51;6232;20301
51;6240;11982
51;6257;21374
51;6265;9178
51;6273;4004
51;6281;5074
51;6299;11225
51;6307;22563
51;6315;2640
51;6372;17626
51;6422;34976
51;6455;2662
51;6505;32843
51;6653;6711
51;6703;1576
51;6752;45436
51;6778;12517
51;6802;5410
51;6828;12017
51;6851;2963
51;7008;16219
51;7040;62019
51;7065;17479
51;7107;18906
51;7156;2732
51;7180;10206
51;7198;2405
51;7206;5156
51;7248;4525
51;7263;3146
51;7297;4063
51;7305;20664
51;7354;5595
51;7404;4727
51;7578;4001
51;7602;232491
51;7701;17151
51;7743;2564
51;7750;3365
51;7768;3429
51;7776;8371
51;7792;5174
51;7800;16628
51;7859;11708
51;7875;25881
51;7883;1650
51;7909;142996
51;7925;90313
51;7941;9489
51;7958;103750
51;8006;13705
51;8055;9667
51;8105;3805
51;8204;3609
51;8303;3525
51;8352;3127
51;8402;284971
51;8501;11309
51;8600;26037
51;8808;4519
51;8857;3278
51;8907;8641
51;8956;9178
52;50;8773
52;100;20042
52;134;22366
52;159;2516
52;175;5735
52;209;1850
52;258;212440
52;308;27653
52;506;1995
52;555;6414
52;605;7624
52;803;8660
52;829;3812
52;852;6111
52;902;3126
52;1108;386923
52;1207;1149
52;1306;21850
52;1405;578179
52;1454;2474
52;1504;4198
52;1603;3522
52;1702;20118
52;1801;10308
52;2155;7770
52;2353;2612
52;2502;9875
52;2601;3120
52;2809;2417
52;3104;5138
52;3203;11167
52;3302;29975
52;3401;8841
52;3500;25216
52;3559;9706
52;3575;4405
52;3609;3703
52;3807;5779
52;3906;9459
52;3939;2488
52;3962;3292
52;4003;7993
52;4102;12484
52;4201;1351
52;4250;8067
52;4300;16009
52;4409;18913
52;4508;91162
52;4557;3804
52;4607;3630
52;4656;3640
52;4706;12626
52;4805;7589
52;4854;7789
52;4904;19887
52;4953;2141
52;5000;10082
52;5059;3435
52;5109;108823
52;5208;5070
52;5307;9709
52;5406;22191
52;5455;8606
52;5471;10167
52;5497;71376
52;5513;20240
52;5521;3382
52;5703;2327
52;5802;11110
52;5901;9723
52;6206;58997
52;6305;2966
52;6404;16949
52;6503;3486
52;6602;2854
52;6701;3311
52;6800;2938
52;6909;2094
52;7105;2484
52;7253;7322
52;7352;3699
52;7402;12372
52;7501;3275
52;7535;6627
52;7600;5637
52;7808;13292
52;7907;16557
52;8004;121617
52;8103;4248
52;8152;3818
52;8301;4804
52;8400;11231
52;8509;5600
52;8608;70084
52;8707;1516113
52;8806;44289
52;8905;22645
52;9101;34095
52;9150;5898
52;9200;14209
52;9291;1996
52;9408;3893
52;9457;1794
52;9606;3724
52;9705;21706
52;9804;3564
52;9903;13947
52;9937;6194
52;9952;15611
52;10000;52866
52;10109;26985
52;10158;2893
52;10208;31531
52;10307;2800
52;10406;42900
52;10562;4676
52;10604;5237
52;10802;4539
52;10901;22981
52;11008;4997
52;11206;25768
52;11305;7178
52;11404;8938
52;11503;104742
52;11602;2370
52;11701;6048
52;11800;50511
52;11909;100882
52;12006;2879
52;12055;2490
52;12105;7387
52;12204;18478
52;12253;1588
52;12303;7647
52;12501;208299
52;12600;2368
52;12709;8882
52;12808;9503
52;12907;2236
52;12956;4351
52;13004;14080
52;13053;2597
52;13087;29070
52;13103;66801
52;13400;1529
52;13509;8606
52;13707;8055
52;13756;13396
52;13772;4479
52;13806;46136
52;13855;2248
52;13905;4290
52;14002;15659
52;14051;4887
52;14101;3778
52;14408;9142
52;14507;29850
52;14606;46388
52;14705;2352
52;14804;2210
52;14838;12869
52;14861;8164
52;14879;2929
52;14903;3264
52;15009;9853
52;15207;2913
52;15231;115711
52;15256;4495
52;15306;15615
52;15405;3759
52;15504;6667
52;15603;33835
52;15652;3464
52;15702;28858
52;15801;2381
52;15900;3585
52;16007;2615
52;16304;10057
52;16403;10988
52;16452;3129
52;16809;10281
52;16908;2253
52;17104;24524
52;17203;10385
52;17302;24908
52;17401;31458
52;17609;89918
52;17708;17819
52;18003;45394
52;18052;3881
52;18102;4011
52;18300;36900
52;18391;3223
52;18508;50065
52;18607;10918
52;18706;4801
52;18789;4493
52;18805;235647
52;18904;19882
52;19001;7637
52;19100;6560
52;19209;2855
52;19258;5459
52;19308;38648
52;19357;3809
52;19407;8756
52;19456;3343
52;19506;2319
52;19605;3355
52;19704;8744
52;19712;4821
52;19738;6283
52;19753;74744
52;19803;12949
52;19902;6264
52;20009;13740
52;20058;1381
52;20108;33817
52;20157;5167
52;20207;21993
52;20264;4057
52;20280;2036
52;20405;20645
52;20454;115371
52;20504;8544
52;20603;20695
52;20686;6856
52;20702;2989
52;21007;3529
52;21080;3458
52;21197;8043
52;21304;2833
52;21403;127599
52;21452;3500
52;21502;4598
52;21551;5281
52;21577;2854
52;21601;40532
52;21700;13843
52;21809;3072
52;21858;168468
52;21908;3827
52;22005;13863
52;22054;8743
52;22203;6171
52;22302;5821
53;108;3015268
