Codmun6;COD_MIC
110000;11000
110001;11006
110002;11003
110003;11008
110004;11006
110005;11008
110006;11008
110007;11008
110008;11002
110009;11006
110010;11002
110011;11004
110012;11004
110013;11003
110014;11005
110015;11004
110018;11007
110020;11001
110025;11004
110026;11003
110028;11006
110029;11006
110030;11007
110032;11005
110033;11001
110034;11005
110037;11006
110040;11003
110045;11001
110050;11006
110060;11003
110070;11001
110080;11001
110090;11006
110092;11007
110094;11001
110100;11004
110110;11001
110120;11006
110130;11004
110140;11003
110143;11004
110145;11007
110146;11008
110147;11007
110148;11007
110149;11002
110150;11005
110155;11004
110160;11004
110170;11004
110175;11003
110180;11004
120000;12000
120001;12004
120005;12005
120010;12005
120013;12004
120017;12004
120020;12001
120025;12005
120030;12002
120032;12002
120033;12001
120034;12003
120035;12001
120038;12004
120039;12001
120040;12004
120042;12001
120043;12003
120045;12004
120050;12003
120060;12002
120070;12005
120080;12004
130000;13000
130002;13005
130006;13003
130008;13006
130010;13006
130014;13013
130020;13003
130030;13007
130040;13001
130050;13010
130060;13003
130063;13006
130068;13010
130070;13011
130080;13013
130083;13006
130090;13012
130100;13004
130110;13007
130115;13007
130120;13006
130130;13006
130140;13004
130150;13004
130160;13003
130165;13004
130170;13013
130180;13004
130185;13007
130190;13009
130195;13004
130200;13009
130210;13002
130220;13004
130230;13003
130240;13012
130250;13007
130255;13007
130260;13007
130270;13013
130280;13002
130290;13010
130300;13010
130310;13009
130320;13001
130330;13013
130340;13010
130350;13011
130353;13008
130356;13008
130360;13001
130370;13003
130380;13001
130390;13003
130395;13010
130400;13009
130406;13003
130410;13012
130420;13005
130423;13003
130426;13005
130430;13010
130440;13009
140000;14000
140002;14001
140005;14001
140010;14001
140015;14002
140017;14002
140020;14003
140023;14004
140028;14003
140030;14003
140040;14002
140045;14001
140047;14004
140050;14004
140060;14004
140070;14002
150000;15000
150010;15011
150013;15017
150020;15012
150030;15005
150034;15019
150040;15002
150050;15003
150060;15015
150070;15005
150080;15007
150085;15015
150090;15010
150095;15013
150100;15014
150110;15004
150120;15011
150125;15018
150130;15007
150140;15007
150145;15002
150150;15007
150157;15017
150160;15010
150170;15010
150172;15015
150175;15020
150178;15016
150180;15005
150190;15008
150195;15013
150200;15006
150210;15011
150215;15019
150220;15010
150230;15013
150240;15008
150250;15006
150260;15009
150270;15022
150275;15012
150276;15018
150277;15019
150280;15005
150285;15002
150290;15009
150293;15017
150295;15019
150300;15001
150304;15022
150307;15013
150309;15017
150310;15004
150320;15010
150330;15011
150340;15008
150345;15013
150350;15013
150360;15014
150370;15016
150375;15014
150380;15016
150390;15001
150400;15011
150405;15013
150410;15009
150420;15020
150430;15009
150440;15009
150442;15007
150445;15015
150450;15004
150460;15011
150470;15012
150475;15002
150480;15002
150490;15006
150495;15013
150497;15016
150500;15010
150503;15014
150506;15016
150510;15001
150520;15011
150530;15001
150540;15013
150543;15018
150548;15015
150549;15020
150550;15017
150553;15019
150555;15021
150560;15010
150563;15021
150565;15002
150570;15006
150580;15004
150590;15003
150600;15002
150610;15010
150611;15010
150613;15021
150616;15021
150618;15017
150619;15014
150620;15009
150630;15006
150635;15007
150640;15006
150650;15008
150655;15013
150658;15022
150660;15010
150670;15022
150680;15002
150690;15010
150700;15008
150710;15009
150715;15020
150720;15013
150730;15018
150740;15010
150745;15021
150746;15009
150747;15009
150750;15020
150760;15013
150770;15005
150775;15021
150780;15015
150790;15006
150795;15012
150796;15009
150797;15001
150800;15012
150803;15010
150805;15014
150808;15018
150810;15016
150812;15017
150815;15015
150820;15009
150830;15013
150835;15015
150840;15021
160000;16000
160005;16003
160010;16002
160015;16003
160020;16001
160021;16003
160023;16003
160025;16003
160027;16004
160030;16003
160040;16004
160050;16001
160053;16003
160055;16002
160060;16003
160070;16002
160080;16004
170000;17000
170025;17003
170030;17001
170035;17005
170040;17008
170070;17005
170100;17001
170105;17001
170110;17006
170130;17002
170190;17003
170200;17004
170210;17002
170215;17002
170220;17001
170230;17002
170240;17008
170255;17001
170270;17008
170290;17001
170300;17002
170305;17002
170307;17007
170310;17003
170320;17003
170330;17006
170360;17003
170370;17005
170380;17001
170382;17001
170384;17007
170386;17005
170388;17002
170389;17001
170390;17003
170410;17007
170460;17004
170510;17008
170550;17002
170555;17008
170560;17008
170600;17003
170610;17004
170625;17005
170650;17001
170700;17008
170710;17003
170720;17003
170730;17004
170740;17001
170755;17004
170765;17005
170770;17002
170820;17004
170825;17003
170830;17003
170900;17007
170930;17003
170950;17005
170980;17006
171050;17007
171070;17001
171090;17007
171110;17003
171150;17005
171180;17003
171190;17004
171195;17007
171200;17006
171215;17008
171240;17007
171245;17001
171250;17003
171270;17007
171280;17001
171320;17003
171330;17003
171360;17006
171370;17003
171380;17001
171395;17002
171420;17008
171430;17001
171488;17002
171500;17004
171510;17007
171515;17008
171525;17008
171550;17004
171570;17002
171575;17005
171610;17004
171620;17008
171630;17002
171650;17006
171660;17005
171665;17003
171670;17003
171700;17008
171720;17002
171750;17004
171780;17008
171790;17007
171800;17008
171820;17006
171830;17001
171840;17003
171845;17004
171850;17007
171855;17001
171865;17008
171870;17003
171875;17007
171880;17001
171884;17004
171886;17002
171888;17006
171889;17005
171890;17008
171900;17007
172000;17001
172010;17001
172015;17007
172020;17001
172025;17005
172030;17001
172049;17008
172065;17006
172080;17001
172085;17005
172090;17008
172093;17008
172097;17005
172100;17006
172110;17006
172120;17001
172125;17003
172130;17003
172208;17002
172210;17002
210000;21000
210005;21009
210010;21016
210015;21013
210020;21001
210030;21016
210040;21008
210043;21015
210047;21008
210050;21020
210055;21007
210060;21009
210070;21005
210080;21014
210083;21001
210087;21008
210090;21013
210095;21011
210100;21005
210110;21003
210120;21010
210125;21003
210130;21001
210135;21001
210140;21020
210150;21018
210160;21011
210170;21004
210173;21014
210177;21005
210180;21021
210190;21001
210193;21010
210197;21007
210200;21008
210203;21008
210207;21010
210210;21014
210215;21008
210220;21014
210230;21017
210232;21008
210235;21009
210237;21003
210240;21001
210250;21005
210255;21019
210260;21007
210270;21006
210275;21015
210280;21019
210290;21007
210300;21017
210310;21001
210312;21001
210315;21007
210317;21007
210320;21014
210325;21009
210330;21015
210340;21016
210350;21018
210355;21005
210360;21015
210370;21001
210375;21009
210380;21012
210390;21016
210400;21010
210405;21019
210407;21020
210408;21011
210409;21011
210410;21021
210420;21012
210430;21007
210440;21012
210450;21012
210455;21009
210460;21012
210462;21012
210465;21008
210467;21007
210470;21012
210480;21011
210490;21001
210500;21004
210510;21003
210515;21005
210520;21010
210530;21009
210535;21011
210540;21006
210542;21009
210545;21018
210547;21011
210550;21009
210560;21011
210565;21007
210570;21008
210580;21010
210590;21010
210592;21018
210594;21010
210596;21008
210598;21009
210600;21010
210610;21021
210620;21007
210630;21013
210632;21007
210635;21008
210637;21007
210640;21014
210650;21005
210660;21017
210663;21006
210667;21014
210670;21018
210675;21006
210680;21001
210690;21005
210700;21009
210710;21003
210720;21006
210725;21021
210730;21018
210735;21008
210740;21010
210745;21005
210750;21002
210760;21005
210770;21018
210780;21017
210790;21018
210800;21018
210805;21004
210810;21008
210820;21010
210825;21005
210830;21005
210840;21005
210845;21015
210850;21008
210860;21005
210870;21010
210880;21006
210890;21010
210900;21019
210905;21001
210910;21012
210920;21003
210923;21008
210927;21005
210930;21006
210940;21004
210945;21002
210950;21020
210955;21009
210960;21003
210970;21021
210975;21011
210980;21005
210990;21008
211000;21008
211003;21008
211010;21013
211020;21003
211023;21013
211027;21004
211030;21010
211040;21014
211050;21005
211060;21013
211065;21021
211070;21012
211080;21021
211085;21009
211090;21018
211100;21005
211102;21008
211105;21019
211107;21017
211110;21018
211120;21002
211125;21012
211130;21002
211140;21010
211150;21010
211153;21009
211157;21019
211160;21021
211163;21010
211167;21010
211170;21005
211172;21010
211174;21012
211176;21009
211178;21001
211180;21011
211190;21018
211195;21018
211200;21020
211210;21015
211220;21017
211223;21010
211227;21008
211230;21011
211240;21007
211245;21007
211250;21004
211260;21014
211270;21006
211280;21005
211285;21009
211290;21005
211300;21008
211400;21008
220000;22000
220005;22015
220010;22005
220020;22005
220025;22014
220027;22014
220030;22004
220040;22003
220045;22010
220050;22005
220060;22005
220070;22011
220080;22008
220090;22006
220095;22013
220100;22005
220105;22004
220110;22012
220115;22007
220117;22006
220120;22001
220130;22010
220140;22005
220150;22001
220155;22015
220157;22015
220160;22003
220170;22008
220173;22015
220177;22001
220180;22013
220190;22010
220191;22002
220192;22011
220194;22004
220196;22001
220198;22011
220200;22002
220202;22004
220205;22001
220207;22013
220208;22002
220209;22015
220210;22015
220211;22015
220213;22015
220217;22001
220220;22004
220225;22009
220230;22011
220240;22004
220245;22015
220250;22011
220253;22002
220255;22015
220260;22004
220265;22002
220270;22002
220271;22004
220272;22002
220273;22003
220275;22008
220277;22013
220280;22015
220285;22011
220290;22012
220300;22012
220310;22010
220320;22012
220323;22010
220325;22003
220327;22015
220330;22003
220335;22011
220340;22013
220342;22004
220345;22011
220350;22006
220360;22008
220370;22001
220375;22011
220380;22009
220385;22015
220390;22009
220400;22006
220410;22005
220415;22015
220420;22014
220430;22015
220435;22013
220440;22010
220450;22009
220455;22011
220460;22005
220465;22002
220470;22006
220480;22013
220490;22015
220500;22015
220510;22009
220515;22015
220520;22015
220525;22005
220527;22004
220530;22009
220535;22015
220540;22001
220545;22001
220550;22003
220551;22004
220552;22012
220553;22011
220554;22005
220555;22003
220556;22015
220557;22004
220558;22003
220559;22006
220560;22008
220570;22002
220580;22001
220585;22001
220590;22008
220595;22015
220600;22008
220605;22015
220610;22001
220620;22001
220630;22003
220635;22004
220640;22003
220650;22014
220660;22010
220665;22012
220667;22001
220669;22002
220670;22009
220672;22003
220675;22004
220680;22001
220690;22006
220695;22004
220700;22013
220710;22005
220720;22015
220730;22015
220735;22011
220740;22010
220750;22005
220755;22013
220760;22012
220770;22002
220775;22005
220777;22015
220779;22003
220780;22015
220785;22009
220790;22004
220793;22015
220795;22015
220800;22013
220810;22006
220820;22014
220830;22002
220840;22001
220850;22001
220855;22008
220860;22006
220865;22015
220870;22010
220880;22005
220885;22012
220887;22015
220890;22007
220900;22009
220910;22013
220915;22006
220920;22007
220930;22010
220935;22013
220937;22013
220940;22014
220945;22005
220950;22015
220955;22011
220960;22006
220965;22015
220970;22009
220975;22010
220980;22005
220985;22013
220987;22002
220990;22004
220995;22013
220997;22001
221000;22015
221005;22002
221010;22009
221020;22013
221030;22014
221035;22011
221037;22013
221038;22006
221039;22009
221040;22004
221050;22005
221060;22011
221062;22012
221063;22008
221065;22004
221070;22015
221080;22015
221090;22015
221093;22013
221095;22011
221097;22013
221100;22003
221110;22003
221120;22007
221130;22006
221135;22011
221140;22006
221150;22015
221160;22015
221170;22013
230000;23000
230010;23033
230015;23013
230020;23001
230030;23021
230040;23020
230050;23004
230060;23030
230070;23023
230075;23008
230080;23027
230090;23011
230100;23016
230110;23022
230120;23013
230125;23018
230130;23029
230140;23013
230150;23020
230160;23029
230170;23031
230180;23028
230185;23019
230190;23032
230195;23014
230200;23031
230205;23001
230210;23013
230220;23015
230230;23001
230240;23019
230250;23033
230260;23001
230270;23029
230280;23012
230290;23013
230300;23012
230310;23005
230320;23030
230330;23027
230340;23002
230350;23015
230360;23020
230365;23007
230370;23016
230380;23026
230390;23001
230393;23019
230395;23014
230400;23003
230410;23018
230420;23032
230423;23002
230425;23001
230426;23021
230427;23025
230428;23016
230430;23030
230435;23005
230440;23016
230445;23022
230450;23003
230460;23011
230465;23005
230470;23001
230480;23030
230490;23005
230495;23016
230500;23002
230510;23013
230520;23007
230523;23017
230526;23019
230530;23002
230533;23023
230535;23022
230540;23026
230550;23026
230560;23018
230565;23018
230570;23028
230580;23006
230590;23006
230600;23025
230610;23005
230620;23022
230625;23016
230630;23010
230640;23008
230650;23013
230655;23001
230660;23012
230670;23024
230680;23024
230690;23024
230700;23023
230710;23032
230720;23033
230725;23001
230730;23032
230740;23027
230750;23028
230760;23023
230763;23019
230765;23016
230770;23016
230780;23001
230790;23001
230800;23005
230810;23031
230820;23004
230830;23033
230835;23021
230837;23005
230840;23032
230850;23021
230860;23018
230870;23023
230880;23003
230890;23001
230900;23005
230910;23013
230920;23032
230930;23018
230940;23018
230945;23014
230950;23026
230960;23017
230970;23016
230980;23013
230990;23005
231000;23023
231010;23013
231020;23009
231025;23009
231030;23020
231040;23012
231050;23021
231060;23033
231070;23011
231080;23025
231085;23015
231090;23021
231095;23006
231100;23006
231110;23032
231120;23029
231123;23025
231126;23018
231130;23019
231135;23026
231140;23019
231150;23023
231160;23013
231170;23006
231180;23023
231190;23020
231195;23029
231200;23005
231210;23032
231220;23007
231230;23002
231240;23009
231250;23023
231260;23011
231270;23021
231280;23005
231290;23005
231300;23021
231310;23023
231320;23018
231325;23027
231330;23020
231335;23011
231340;23002
231350;23008
231355;23010
231360;23002
231370;23028
231375;23010
231380;23010
231390;23003
231395;23006
231400;23027
231410;23002
240000;24000
240010;24012
240020;24004
240030;24009
240040;24005
240050;24006
240060;24007
240070;24004
240080;24009
240090;24007
240100;24002
240110;24001
240120;24019
240130;24003
240140;24019
240145;24001
240150;24014
240160;24013
240165;24010
240170;24015
240180;24015
240185;24008
240190;24009
240200;24011
240210;24014
240220;24019
240230;24002
240240;24012
240250;24004
240260;24017
240270;24010
240280;24014
240290;24005
240300;24012
240310;24012
240320;24005
240325;24018
240330;24005
240340;24012
240350;24019
240360;24018
240370;24002
240375;24009
240380;24010
240390;24006
240400;24007
240410;24008
240420;24019
240430;24002
240440;24001
240450;24008
240460;24015
240470;24004
240480;24011
240485;24004
240490;24006
240500;24014
240510;24013
240520;24003
240530;24015
240540;24014
240550;24009
240560;24011
240570;24012
240580;24013
240590;24007
240600;24006
240610;24004
240615;24015
240620;24015
240630;24015
240640;24014
240650;24010
240660;24015
240670;24009
240680;24014
240690;24007
240700;24005
240710;24017
240720;24008
240725;24005
240730;24006
240740;24007
240750;24016
240760;24003
240770;24019
240780;24015
240790;24014
240800;24001
240810;24018
240820;24017
240830;24015
240840;24007
240850;24012
240860;24006
240870;24003
240880;24013
240890;24012
240895;24016
240910;24015
240920;24015
240930;24007
240933;24015
240940;24006
240950;24016
240960;24009
240970;24009
240980;24019
240990;24004
241000;24006
241010;24013
241020;24006
241025;24004
241030;24015
241040;24016
241050;24006
241060;24007
241070;24006
241080;24005
241090;24015
241100;24006
241105;24001
241110;24014
241120;24014
241140;24010
241142;24012
241150;24015
241160;24008
241170;24014
241180;24011
241190;24006
241200;24017
241210;24011
241220;24017
241230;24014
241240;24012
241250;24005
241255;24016
241260;24015
241270;24015
241280;24004
241290;24014
241300;24010
241310;24015
241320;24019
241330;24014
241335;24001
241340;24011
241350;24015
241355;24007
241360;24006
241370;24014
241380;24006
241390;24016
241400;24014
241410;24006
241415;24010
241420;24019
241430;24011
241440;24016
241445;24003
241450;24007
241460;24003
241470;24015
241475;24005
241480;24015
241490;24006
241500;24019
250000;25000
250010;25007
250020;25005
250030;25015
250040;25015
250050;25016
250053;25011
250057;25012
250060;25023
250070;25002
250073;25010
250077;25003
250080;25016
250090;25012
250100;25013
250110;25015
250115;25004
250120;25014
250130;25019
250135;25010
250140;25020
250150;25015
250153;25009
250157;25011
250160;25012
250170;25011
250180;25022
250190;25016
250200;25001
250205;25002
250210;25006
250215;25017
250220;25002
250230;25001
250240;25002
250250;25011
250260;25005
250270;25015
250280;25001
250290;25001
250300;25023
250310;25011
250320;25022
250330;25002
250340;25004
250350;25013
250355;25007
250360;25016
250370;25002
250375;25003
250380;25018
250390;25010
250400;25017
250403;25020
250407;25011
250410;25002
250415;25013
250420;25005
250430;25001
250435;25011
250440;25006
250450;25003
250460;25022
250470;25010
250480;25005
250485;25010
250490;25021
250500;25009
250510;25012
250520;25016
250523;25020
250527;25020
250530;25006
250535;25012
250540;25007
250550;25003
250560;25006
250570;25013
250580;25016
250590;25005
250600;25014
250610;25017
250620;25009
250625;25019
250630;25016
250640;25018
250650;25011
250660;25006
250670;25007
250680;25018
250690;25018
250700;25006
250710;25020
250720;25018
250730;25020
250740;25001
250750;25022
250760;25018
250770;25009
250780;25008
250790;25021
250800;25007
250810;25001
250820;25016
250830;25017
250840;25003
250850;25010
250855;25016
250860;25022
250870;25004
250880;25003
250890;25020
250900;25007
250905;25020
250910;25021
250915;25003
250920;25017
250930;25020
250933;25015
250937;25001
250939;25007
250940;25018
250950;25014
250960;25002
250970;25010
250980;25016
250990;25019
251000;25003
251010;25012
251020;25005
251030;25009
251040;25005
251050;25012
251060;25010
251065;25010
251070;25004
251080;25004
251090;25003
251100;25006
251110;25009
251120;25023
251130;25005
251140;25009
251150;25021
251160;25015
251170;25016
251180;25016
251190;25023
251200;25012
251203;25002
251207;25002
251210;25003
251220;25010
251230;25007
251240;25017
251250;25017
251260;25004
251270;25012
251272;25020
251274;25013
251275;25018
251276;25021
251278;25011
251280;25001
251290;25020
251300;25008
251310;25018
251315;25019
251320;25003
251330;25002
251335;25006
251340;25008
251350;25006
251360;25005
251365;25002
251370;25022
251380;25004
251385;25011
251390;25001
251392;25003
251394;25011
251396;25003
251398;25003
251400;25011
251410;25010
251420;25003
251430;25006
251440;25004
251445;25021
251450;25002
251455;25007
251460;25004
251465;25001
251470;25008
251480;25010
251490;25008
251500;25021
251510;25014
251520;25010
251530;25021
251540;25009
251550;25010
251560;25016
251570;25006
251580;25017
251590;25015
251593;25016
251597;25021
251600;25013
251610;25012
251615;25012
251620;25003
251630;25010
251640;25013
251650;25010
251660;25007
251670;25007
251675;25009
251680;25002
251690;25002
251700;25019
251710;25008
251720;25003
251740;25010
260000;26000
260005;26017
260010;26003
260020;26005
260030;26012
260040;26015
260050;26007
260060;26008
260070;26013
260080;26012
260090;26015
260100;26011
260105;26016
260110;26001
260120;26004
260130;26012
260140;26015
260150;26015
260160;26006
260170;26008
260180;26004
260190;26008
260200;26001
260210;26011
260220;26010
260230;26012
260240;26011
260250;26003
260260;26008
260270;26013
260280;26007
260290;26018
260300;26005
260310;26008
260320;26011
260330;26011
260340;26003
260345;26017
260350;26012
260360;26013
260370;26011
260380;26008
260390;26003
260392;26006
260400;26013
260410;26008
260415;26009
260420;26015
260430;26002
260440;26014
260450;26014
260460;26013
260470;26011
260480;26015
260490;26010
260500;26012
260510;26004
260515;26005
260520;26015
260530;26001
260540;26010
260545;26019
260550;26013
260560;26003
260570;26006
260580;26009
260590;26015
260600;26011
260610;26014
260620;26013
260630;26001
260640;26008
260650;26011
260660;26004
260670;26012
260680;26016
260690;26003
260700;26004
260710;26003
260720;26018
260730;26001
260740;26006
260750;26007
260760;26016
260765;26013
260770;26003
260775;26016
260780;26013
260790;26017
260795;26015
260800;26008
260805;26006
260810;26010
260820;26015
260825;26011
260830;26011
260840;26011
260845;26013
260850;26013
260860;26011
260870;26012
260875;26005
260880;26011
260890;26010
260900;26013
260910;26010
260915;26004
260920;26015
260930;26002
260940;26017
260950;26013
260960;26017
260970;26010
260980;26005
260990;26001
261000;26015
261010;26011
261020;26012
261030;26011
261040;26002
261050;26010
261060;26013
261070;26017
261080;26007
261090;26008
261100;26006
261110;26005
261120;26008
261130;26014
261140;26015
261150;26015
261153;26003
261160;26017
261170;26008
261180;26015
261190;26015
261200;26012
261210;26010
261220;26002
261230;26011
261240;26008
261245;26001
261247;26003
261250;26009
261255;26001
261260;26005
261270;26009
261280;26003
261290;26015
261300;26008
261310;26008
261320;26011
261330;26012
261340;26015
261350;26002
261360;26003
261370;26017
261380;26010
261390;26003
261400;26002
261410;26004
261420;26015
261430;26001
261440;26003
261450;26009
261460;26003
261470;26008
261480;26006
261485;26015
261500;26009
261510;26011
261520;26005
261530;26013
261540;26009
261550;26013
261560;26001
261570;26003
261580;26007
261590;26003
261600;26007
261610;26002
261618;26009
261620;26009
261630;26013
261640;26014
261650;26015
270000;27000
270010;27001
270020;27012
270030;27006
270040;27009
270050;27011
270060;27011
270070;27004
270080;27005
270090;27004
270100;27012
270110;27009
270120;27005
270130;27009
270135;27009
270140;27012
270150;27006
270160;27001
270170;27009
270180;27003
270190;27008
270200;27006
270210;27009
270220;27011
270230;27012
270235;27006
270240;27002
270250;27003
270255;27005
270260;27006
270270;27013
270280;27009
270290;27006
270300;27008
270310;27005
270320;27013
270330;27001
270340;27004
270350;27009
270360;27010
270370;27004
270375;27012
270380;27009
270390;27009
270400;27012
270410;27006
270420;27006
270430;27011
270440;27004
270450;27010
270460;27003
270470;27011
270480;27005
270490;27005
270500;27001
270510;27009
270520;27009
270530;27005
270540;27004
270550;27009
270560;27009
270570;27004
270580;27002
270590;27007
270600;27004
270610;27003
270620;27003
270630;27005
270640;27003
270642;27001
270644;27011
270650;27010
270660;27005
270670;27013
270680;27013
270690;27011
270700;27008
270710;27002
270720;27003
270730;27009
270740;27010
270750;27013
270760;27005
270770;27011
270780;27012
270790;27011
270800;27003
270810;27008
270820;27007
270830;27008
270840;27003
270850;27009
270860;27012
270870;27010
270880;27006
270890;27011
270895;27003
270900;27005
270910;27006
270915;27012
270920;27007
270930;27008
270940;27008
280000;28000
280010;28007
280020;28003
280030;28011
280040;28012
280050;28004
280060;28011
280067;28012
280070;28007
280100;28004
280110;28007
280120;28001
280130;28008
280140;28002
280150;28010
280160;28007
280170;28012
280190;28003
280200;28008
280210;28013
280220;28001
280230;28002
280240;28001
280250;28010
280260;28001
280270;28007
280280;28013
280290;28004
280300;28012
280310;28001
280320;28013
280330;28009
280340;28009
280350;28006
280360;28010
280370;28004
280380;28003
280390;28004
280400;28010
280410;28004
280420;28001
280430;28003
280440;28007
280445;28002
280450;28001
280460;28003
280470;28007
280480;28011
280490;28009
280500;28002
280510;28012
280520;28002
280530;28009
280540;28001
280550;28005
280560;28001
280570;28007
280580;28006
280590;28010
280600;28002
280610;28010
280620;28012
280630;28013
280640;28007
280650;28008
280660;28010
280670;28011
280680;28004
280690;28009
280700;28003
280710;28005
280720;28008
280730;28007
280740;28005
280750;28012
280760;28012
290000;29000
290010;29023
290020;29005
290030;29017
290035;29015
290040;29012
290050;29025
290060;29024
290070;29017
290080;29032
290090;29031
290100;29024
290110;29019
290115;29009
290120;29028
290130;29023
290135;29008
290140;29002
290150;29012
290160;29015
290170;29012
290180;29008
290190;29017
290195;29024
290200;29027
290205;29017
290210;29016
290220;29017
290225;29031
290230;29020
290240;29031
290250;29001
290260;29011
290265;29015
290270;29006
290280;29023
290290;29028
290300;29009
290310;29031
290320;29001
290323;29009
290327;29016
290330;29031
290340;29031
290350;29028
290360;29016
290370;29028
290380;29011
290390;29007
290395;29028
290400;29023
290405;29023
290410;29022
290420;29022
290430;29024
290440;29002
290450;29022
290460;29027
290470;29031
290475;29006
290480;29028
290485;29020
290490;29020
290500;29026
290510;29010
290515;29028
290520;29026
290530;29009
290540;29030
290550;29010
290560;29031
290570;29021
290580;29030
290590;29004
290600;29008
290610;29003
290620;29009
290630;29031
290640;29016
290650;29021
290660;29026
290670;29028
290680;29014
290682;29014
290685;29016
290687;29010
290689;29027
290690;29032
290700;29018
290710;29007
290720;29004
290730;29020
290740;29001
290750;29019
290755;29022
290760;29009
290770;29005
290780;29015
290790;29015
290800;29031
290810;29003
290820;29012
290830;29020
290840;29016
290850;29012
290860;29018
290870;29027
290880;29023
290890;29012
290900;29027
290910;29003
290920;29013
290930;29003
290940;29002
290950;29024
290960;29017
290970;29002
290980;29020
290990;29004
291000;29028
291005;29021
291010;29025
291020;29020
291030;29012
291040;29029
291050;29018
291060;29018
291070;29014
291072;29032
291075;29015
291077;29007
291080;29012
291085;29008
291090;29031
291100;29031
291110;29001
291120;29031
291125;29016
291130;29009
291140;29005
291150;29031
291160;29020
291165;29027
291170;29026
291180;29032
291185;29015
291190;29011
291200;29026
291210;29031
291220;29023
291230;29028
291240;29009
291250;29022
291260;29011
291270;29031
291280;29032
291290;29031
291300;29022
291310;29009
291320;29006
291330;29016
291340;29026
291345;29030
291350;29028
291360;29031
291370;29017
291380;29012
291390;29031
291400;29012
291410;29022
291420;29024
291430;29024
291440;29009
291450;29012
291460;29009
291465;29032
291470;29011
291480;29031
291490;29031
291500;29023
291510;29024
291520;29031
291530;29032
291535;29006
291540;29031
291550;29031
291560;29032
291570;29031
291580;29029
291590;29019
291600;29032
291610;29021
291620;29031
291630;29031
291640;29029
291650;29015
291660;29031
291670;29024
291680;29029
291685;29012
291690;29024
291700;29008
291710;29029
291720;29027
291730;29030
291733;29026
291735;29003
291740;29026
291750;29010
291760;29024
291770;29008
291780;29020
291790;29018
291800;29024
291810;29013
291820;29024
291830;29024
291835;29009
291840;29004
291845;29032
291850;29009
291855;29031
291860;29023
291870;29024
291875;29026
291880;29024
291890;29032
291900;29011
291905;29024
291910;29016
291915;29009
291920;29021
291930;29023
291940;29026
291950;29025
291955;29001
291960;29011
291970;29029
291980;29022
291990;29005
291992;29021
291995;29027
292000;29029
292010;29011
292020;29026
292030;29027
292040;29028
292045;29002
292050;29024
292060;29020
292070;29030
292080;29024
292090;29031
292100;29019
292105;29026
292110;29032
292120;29010
292130;29024
292140;29010
292145;29028
292150;29014
292160;29006
292170;29010
292180;29026
292190;29023
292200;29032
292205;29009
292210;29011
292220;29020
292225;29006
292230;29020
292240;29024
292250;29020
292260;29030
292265;29014
292270;29028
292273;29016
292275;29031
292280;29024
292285;29023
292290;29015
292300;29032
292303;29022
292305;29015
292310;29015
292320;29022
292330;29012
292335;29010
292340;29026
292350;29023
292360;29025
292370;29007
292380;29015
292390;29031
292400;29005
292405;29016
292410;29012
292420;29013
292430;29023
292440;29004
292450;29026
292460;29008
292465;29012
292467;29030
292470;29027
292480;29010
292490;29024
292500;29028
292510;29028
292520;29019
292525;29010
292530;29032
292540;29029
292550;29032
292560;29009
292570;29027
292575;29030
292580;29014
292590;29014
292593;29010
292595;29012
292600;29004
292610;29016
292620;29001
292630;29016
292640;29026
292650;29015
292660;29015
292665;29029
292670;29023
292680;29027
292690;29025
292700;29017
292710;29005
292720;29011
292730;29020
292740;29021
292750;29012
292760;29013
292770;29032
292780;29031
292790;29024
292800;29016
292805;29031
292810;29003
292820;29003
292830;29012
292840;29002
292850;29012
292860;29020
292870;29020
292880;29012
292890;29001
292895;29016
292900;29020
292905;29003
292910;29020
292920;29021
292925;29009
292930;29012
292935;29031
292937;29010
292940;29024
292950;29019
292960;29020
292970;29017
292975;29020
292980;29010
292990;29023
293000;29026
293010;29008
293015;29007
293020;29004
293030;29003
293040;29012
293050;29016
293060;29010
293070;29021
293075;29007
293076;29013
293077;29004
293080;29009
293090;29002
293100;29027
293105;29022
293110;29012
293120;29030
293130;29011
293135;29032
293140;29012
293150;29016
293160;29031
293170;29019
293180;29027
293190;29014
293200;29014
293210;29024
293220;29031
293230;29031
293240;29009
293245;29008
293250;29031
293260;29026
293270;29031
293280;29023
293290;29030
293300;29016
293305;29011
293310;29010
293315;29010
293317;29020
293320;29021
293325;29032
293330;29028
293340;29023
293345;29002
293350;29031
293360;29006
310000;31000
310010;31019
310020;31024
310030;31061
310040;31060
310050;31039
310060;31036
310070;31022
310080;31045
310090;31016
310100;31005
310110;31041
310120;31055
310130;31054
310140;31051
310150;31066
310160;31049
310163;31059
310170;31014
310180;31037
310190;31047
310200;31049
310205;31061
310210;31062
310220;31041
310230;31031
310240;31028
310250;31062
310260;31051
310270;31013
310280;31055
310285;31011
310290;31059
310300;31039
310310;31063
310320;31027
310330;31065
310340;31012
310350;31018
310360;31055
310370;31062
310375;31018
310380;31020
310390;31026
310400;31023
310410;31048
310420;31044
310430;31049
310440;31066
310445;31011
310450;31001
310460;31064
310470;31015
310480;31025
310490;31054
310500;31027
310510;31042
310520;31014
310530;31051
310540;31031
310550;31063
310560;31059
310570;31060
310590;31059
310600;31031
310610;31065
310620;31030
310630;31039
310640;31032
310650;31011
310660;31016
310665;31005
310670;31030
310680;31065
310690;31065
310700;31024
310710;31050
310720;31055
310730;31009
310740;31026
310750;31055
310760;31047
310770;31031
310780;31040
310790;31052
310800;31046
310810;31032
310820;31001
310825;31003
310830;31052
310840;31051
310850;31008
310855;31002
310860;31007
310870;31062
310880;31035
310890;31056
310900;31030
310910;31052
310920;31025
310925;31040
310930;31001
310940;31006
310945;31001
310950;31048
310960;31027
310970;31053
310980;31017
310990;31027
311000;31030
311010;31063
311020;31062
311030;31051
311040;31044
311050;31052
311060;31052
311070;31054
311080;31037
311090;31050
311100;31051
311110;31021
311115;31007
311120;31045
311130;31050
311140;31022
311150;31023
311160;31050
311170;31062
311180;31018
311190;31045
311200;31045
311205;31036
311210;31061
311220;31059
311230;31011
311240;31047
311250;31027
311260;31017
311265;31037
311270;31007
311280;31047
311290;31061
311300;31012
311310;31059
311320;31059
311330;31063
311340;31040
311350;31011
311360;31053
311370;31016
311380;31035
311390;31050
311400;31046
311410;31054
311420;31043
311430;31020
311440;31049
311450;31046
311455;31021
311460;31057
311470;31049
311480;31055
311490;31034
311500;31018
311510;31047
311520;31058
311530;31066
311535;31031
311540;31034
311545;31015
311547;31004
311550;31054
311560;31024
311570;31038
311580;31018
311590;31065
311600;31061
311610;31011
311615;31003
311620;31065
311630;31062
311640;31047
311650;31007
311660;31043
311670;31062
311680;31035
311690;31021
311700;31013
311710;31049
311720;31053
311730;31022
311740;31041
311750;31028
311760;31043
311770;31054
311780;31053
311783;31003
311787;31030
311790;31052
311800;31034
311810;31028
311820;31022
311830;31034
311840;31041
311850;31056
311860;31030
311870;31050
311880;31007
311890;31027
311900;31053
311910;31025
311920;31037
311930;31019
311940;31039
311950;31012
311960;31065
311970;31058
311980;31042
311990;31052
311995;31044
312000;31040
312010;31010
312015;31016
312020;31045
312030;31008
312040;31034
312050;31056
312060;31032
312070;31019
312080;31055
312083;31041
312087;31005
312090;31025
312100;31010
312110;31056
312120;31047
312125;31022
312130;31065
312140;31034
312150;31059
312160;31010
312170;31033
312180;31031
312190;31064
312200;31063
312210;31037
312220;31035
312230;31043
312235;31005
312240;31049
312245;31014
312247;31001
312250;31040
312260;31028
312270;31060
312280;31056
312290;31066
312300;31058
312310;31035
312320;31026
312330;31064
312340;31042
312350;31019
312352;31061
312360;31050
312370;31037
312380;31009
312385;31040
312390;31034
312400;31062
312410;31030
312420;31063
312430;31004
312440;31052
312450;31052
312460;31066
312470;31026
312480;31019
312490;31063
312500;31065
312510;31052
312520;31049
312530;31063
312540;31010
312550;31010
312560;31014
312570;31025
312580;31037
312590;31031
312595;31063
312600;31029
312610;31044
312620;31001
312630;31047
312640;31027
312650;31011
312660;31009
312670;31007
312675;31015
312680;31015
312690;31037
312695;31036
312700;31021
312705;31016
312707;31005
312710;31021
312720;31027
312730;31037
312733;31004
312735;31007
312737;31041
312738;31065
312740;31052
312750;31035
312760;31010
312770;31037
312780;31008
312790;31019
312800;31035
312810;31050
312820;31060
312825;31009
312830;31048
312840;31064
312850;31065
312860;31002
312870;31048
312880;31064
312890;31020
312900;31064
312910;31017
312920;31053
312930;31040
312940;31059
312950;31023
312960;31006
312965;31007
312970;31047
312980;31030
312990;31051
313000;31046
313005;31003
313010;31030
313020;31043
313030;31042
313040;31057
313050;31050
313055;31040
313060;31051
313065;31005
313070;31018
313080;31057
313090;31040
313100;31027
313110;31025
313115;31040
313120;31041
313130;31039
313140;31017
313150;31052
313160;31019
313170;31031
313180;31038
313190;31033
313200;31008
313210;31003
313220;31032
313230;31015
313240;31056
313250;31011
313260;31066
313270;31037
313280;31028
313290;31048
313300;31054
313310;31054
313320;31037
313330;31013
313340;31021
313350;31044
313360;31052
313370;31032
313375;31047
313380;31043
313390;31034
313400;31012
313410;31041
313420;31017
313430;31057
313440;31021
313450;31057
313460;31027
313470;31014
313480;31048
313490;31051
313500;31039
313505;31004
313507;31037
313510;31004
313520;31003
313530;31026
313535;31007
313540;31032
313545;31011
313550;31060
313560;31006
313570;31027
313580;31014
313590;31054
313600;31014
313610;31039
313620;31031
313630;31002
313640;31025
313650;31014
313652;31011
313655;31036
313657;31008
313660;31031
313665;31030
313670;31065
313680;31007
313690;31048
313695;31003
313700;31015
313710;31002
313720;31026
313730;31006
313740;31058
313750;31020
313753;31002
313760;31030
313770;31061
313780;31054
313790;31062
313800;31066
313810;31006
313820;31057
313830;31026
313835;31011
313840;31066
313850;31055
313860;31065
313862;31021
313865;31007
313867;31061
313868;31007
313870;31057
313880;31026
313890;31016
313900;31049
313910;31058
313920;31015
313925;31004
313930;31003
313940;31061
313950;31061
313960;31038
313970;31027
313980;31065
313990;31056
314000;31033
314010;31037
314015;31030
314020;31065
314030;31039
314040;31056
314050;31026
314053;31061
314055;31014
314060;31035
314070;31030
314080;31065
314085;31003
314090;31061
314100;31004
314110;31027
314120;31020
314130;31042
314140;31013
314150;31038
314160;31064
314170;31039
314180;31011
314190;31055
314200;31007
314210;31063
314220;31063
314225;31003
314230;31032
314240;31026
314250;31025
314260;31050
314270;31003
314280;31018
314290;31004
314300;31048
314310;31019
314315;31014
314320;31048
314330;31007
314340;31051
314345;31005
314350;31024
314360;31025
314370;31028
314380;31052
314390;31063
314400;31041
314410;31048
314420;31037
314430;31016
314435;31039
314437;31001
314440;31053
314450;31058
314460;31057
314465;31005
314467;31038
314470;31031
314480;31030
314490;31037
314500;31023
314505;31004
314510;31048
314520;31043
314530;31012
314535;31015
314537;31005
314540;31065
314545;31009
314550;31054
314560;31046
314570;31065
314580;31029
314585;31060
314587;31063
314590;31034
314600;31051
314610;31033
314620;31015
314625;31008
314630;31012
314640;31024
314650;31044
314655;31004
314660;31065
314670;31066
314675;31014
314690;31027
314700;31002
314710;31029
314720;31049
314730;31056
314740;31027
314750;31028
314760;31054
314770;31046
314780;31055
314790;31047
314795;31007
314800;31020
314810;31019
314820;31063
314830;31062
314840;31035
314850;31015
314860;31036
314870;31013
314875;31061
314880;31062
314890;31044
314900;31063
314910;31053
314915;31003
314920;31023
314930;31030
314940;31065
314950;31065
314960;31027
314970;31043
314980;31023
314990;31045
314995;31039
315000;31037
315010;31065
315015;31040
315020;31060
315030;31058
315040;31032
315050;31044
315053;31040
315057;31003
315060;31046
315070;31021
315080;31062
315090;31056
315100;31056
315110;31066
315120;31006
315130;31064
315140;31029
315150;31042
315160;31021
315170;31049
315180;31051
315190;31041
315200;31024
315210;31060
315213;31007
315217;31012
315220;31004
315230;31062
315240;31015
315250;31052
315260;31054
315270;31058
315280;31018
315290;31047
315300;31023
315310;31062
315320;31025
315330;31010
315340;31002
315350;31061
315360;31027
315370;31026
315380;31034
315390;31030
315400;31060
315410;31066
315415;31061
315420;31058
315430;31041
315440;31059
315445;31006
315450;31004
315460;31030
315470;31057
315480;31030
315490;31060
315500;31060
315510;31014
315520;31062
315530;31032
315540;31065
315550;31020
315560;31005
315570;31031
315580;31064
315590;31065
315600;31028
315610;31058
315620;31065
315630;31064
315640;31019
315645;31063
315650;31005
315660;31014
315670;31030
315680;31035
315690;31023
315700;31005
315710;31014
315720;31031
315725;31040
315727;31065
315730;31059
315733;31058
315737;31005
315740;31060
315750;31035
315760;31006
315765;31016
315770;31023
315780;31030
315790;31061
315800;31031
315810;31014
315820;31036
315830;31050
315840;31066
315850;31027
315860;31065
315870;31058
315880;31045
315890;31061
315895;31039
315900;31027
315910;31034
315920;31051
315930;31065
315935;31040
315940;31065
315950;31041
315960;31053
315970;31020
315980;31017
315990;31046
316000;31066
316010;31060
316020;31028
316030;31014
316040;31043
316045;31005
316050;31028
316060;31025
316070;31065
316080;31050
316090;31034
316095;31040
316100;31031
316105;31038
316110;31003
316120;31046
316130;31021
316140;31063
316150;31064
316160;31037
316165;31037
316170;31002
316180;31043
316190;31031
316200;31053
316210;31020
316220;31047
316225;31007
316230;31053
316240;31007
316245;31003
316250;31058
316255;31061
316257;31038
316260;31040
316265;31007
316270;31005
316280;31035
316290;31065
316292;31030
316294;31047
316295;31030
316300;31037
316310;31029
316320;31053
316330;31037
316340;31031
316350;31036
316360;31061
316370;31054
316380;31062
316390;31048
316400;31060
316410;31036
316420;31006
316430;31042
316440;31053
316443;31063
316447;31040
316450;31036
316460;31043
316470;31048
316480;31028
316490;31054
316500;31058
316510;31048
316520;31050
316530;31055
316540;31052
316550;31035
316553;31030
316555;31015
316556;31060
316557;31052
316560;31065
316570;31064
316580;31052
316590;31010
316600;31062
316610;31035
316620;31059
316630;31060
316640;31055
316650;31028
316660;31026
316670;31016
316680;31019
316690;31049
316695;31004
316700;31055
316710;31028
316720;31027
316730;31064
316740;31053
316750;31065
316760;31061
316770;31037
316780;31054
316790;31064
316800;31005
316805;31041
316810;31023
316820;31042
316830;31031
316840;31040
316850;31062
316860;31015
316870;31039
316880;31058
316890;31020
316900;31064
316905;31052
316910;31052
316920;31063
316930;31050
316935;31024
316940;31050
316950;31037
316960;31018
316970;31011
316980;31053
316990;31064
317000;31007
317005;31040
317010;31022
317020;31018
317030;31016
317040;31001
317043;31021
317047;31001
317050;31060
317052;31003
317057;31040
317060;31042
317065;31005
317070;31050
317075;31002
317080;31006
317090;31007
317100;31002
317103;31007
317107;31011
317110;31022
317115;31060
317120;31030
317130;31062
317140;31063
317150;31037
317160;31012
317170;31056
317180;31035
317190;31037
317200;31064
317210;31066
317220;31056
320000;32000
320010;32007
320013;32002
320016;32001
320020;32011
320030;32010
320035;32003
320040;32010
320050;32012
320060;32006
320070;32012
320080;32003
320090;32001
320100;32002
320110;32012
320115;32007
320120;32012
320130;32009
320140;32012
320150;32003
320160;32005
320170;32007
320180;32011
320190;32007
320200;32011
320210;32001
320220;32006
320225;32003
320230;32011
320240;32010
320245;32011
320250;32006
320255;32011
320260;32010
320265;32011
320270;32008
320280;32013
320290;32008
320300;32011
320305;32005
320310;32012
320313;32006
320316;32007
320320;32006
320330;32001
320332;32013
320334;32007
320335;32003
320340;32012
320350;32004
320360;32004
320370;32011
320380;32012
320390;32002
320400;32003
320405;32005
320410;32004
320420;32010
320425;32004
320430;32013
320435;32006
320440;32010
320450;32008
320455;32008
320460;32008
320465;32003
320470;32002
320480;32012
320490;32005
320495;32008
320500;32009
320501;32006
320503;32012
320506;32007
320510;32009
320515;32002
320517;32002
320520;32009
320530;32009
330000;33000
330010;33013
330015;33002
330020;33010
330022;33005
330023;33010
330025;33010
330030;33012
330040;33011
330045;33018
330050;33007
330060;33001
330070;33010
330080;33016
330090;33002
330093;33004
330095;33005
330100;33003
330110;33006
330115;33003
330120;33006
330130;33009
330140;33004
330150;33006
330160;33007
330170;33018
330180;33014
330185;33018
330187;33010
330190;33018
330200;33017
330205;33001
330210;33002
330220;33001
330225;33011
330227;33018
330230;33001
330240;33004
330245;33006
330250;33018
330260;33017
330270;33018
330280;33014
330285;33018
330290;33014
330300;33002
330310;33001
330320;33018
330330;33018
330340;33007
330350;33018
330360;33014
330370;33005
330380;33013
330385;33014
330390;33015
330395;33011
330400;33011
330410;33001
330411;33011
330412;33011
330414;33018
330415;33004
330420;33011
330430;33016
330440;33011
330450;33012
330452;33009
330455;33018
330460;33008
330470;33002
330475;33003
330480;33003
330490;33018
330500;33003
330510;33018
330513;33002
330515;33015
330520;33010
330530;33008
330540;33005
330550;33010
330555;33017
330560;33009
330570;33007
330575;33018
330580;33015
330590;33008
330600;33005
330610;33012
330615;33001
330620;33014
330630;33011
350000;35000
350010;35035
350020;35004
350030;35029
350040;35030
350050;35033
350055;35022
350060;35028
350070;35020
350075;35042
350080;35036
350090;35004
350100;35015
350110;35018
350115;35046
350120;35003
350130;35036
350140;35038
350150;35038
350160;35032
350170;35024
350180;35003
350190;35033
350200;35025
350210;35016
350220;35042
350230;35023
350240;35036
350250;35051
350260;35001
350270;35044
350275;35046
350280;35017
350290;35046
350300;35011
350310;35022
350315;35052
350320;35024
350330;35027
350335;35037
350340;35020
350350;35052
350360;35020
350370;35005
350380;35031
350390;35059
350395;35001
350400;35039
350410;35048
350420;35006
350430;35020
350440;35018
350450;35022
350460;35004
350470;35020
350480;35004
350490;35052
350500;35041
350510;35018
350520;35021
350530;35021
350535;35044
350540;35055
350550;35009
350560;35014
350570;35057
350580;35037
350590;35015
350600;35020
350610;35013
350620;35017
350630;35040
350635;35063
350640;35018
350650;35018
350660;35062
350670;35024
350680;35021
350690;35023
350700;35043
350710;35048
350715;35041
350720;35039
350730;35021
350740;35024
350745;35020
350750;35023
350760;35048
350770;35018
350775;35018
350780;35014
350790;35026
350800;35041
350810;35018
350820;35011
350830;35020
350840;35046
350850;35050
350860;35051
350870;35030
350880;35019
350890;35036
350900;35058
350910;35036
350920;35057
350925;35055
350930;35005
350940;35015
350945;35042
350950;35032
350960;35047
350970;35049
350980;35039
350990;35055
350995;35051
351000;35039
351010;35013
351015;35040
351020;35044
351030;35046
351040;35028
351050;35054
351060;35057
351070;35003
351080;35030
351090;35015
351100;35016
351110;35005
351120;35005
351130;35004
351140;35022
351150;35043
351160;35043
351170;35028
351190;35018
351200;35009
351210;35009
351220;35027
351230;35023
351240;35027
351250;35018
351260;35041
351270;35026
351280;35032
351290;35003
351300;35060
351310;35014
351320;35012
351330;35039
351340;35051
351350;35063
351360;35053
351370;35025
351380;35061
351385;35001
351390;35030
351400;35024
351410;35021
351420;35001
351430;35025
351440;35034
351450;35020
351460;35014
351470;35038
351480;35055
351490;35032
351492;35005
351495;35005
351500;35060
351510;35060
351512;35036
351515;35031
351518;35030
351519;35040
351520;35002
351530;35036
351535;35036
351540;35040
351550;35002
351560;35013
351565;35038
351570;35062
351580;35035
351590;35006
351600;35035
351610;35039
351620;35012
351630;35058
351640;35058
351650;35018
351660;35038
351670;35038
351680;35006
351685;35024
351690;35006
351700;35019
351710;35018
351720;35019
351730;35019
351740;35010
351750;35004
351760;35044
351770;35011
351780;35016
351790;35004
351800;35002
351810;35020
351820;35017
351830;35062
351840;35051
351850;35042
351860;35013
351870;35063
351880;35059
351885;35014
351890;35006
351900;35037
351905;35032
351907;35032
351910;35020
351920;35037
351925;35022
351930;35025
351940;35004
351950;35039
351960;35024
351970;35045
351980;35004
351990;35039
352000;35021
352010;35011
352020;35050
352030;35055
352040;35054
352042;35055
352044;35016
352050;35032
352060;35036
352070;35002
352080;35035
352090;35040
352100;35046
352110;35026
352115;35004
352120;35044
352130;35010
352140;35027
352150;35008
352160;35035
352170;35041
352180;35022
352190;35008
352200;35021
352210;35056
352215;35044
352220;35060
352230;35042
352240;35041
352250;35057
352260;35031
352265;35044
352270;35024
352280;35041
352290;35021
352300;35016
352310;35062
352320;35041
352330;35056
352340;35048
352350;35022
352360;35026
352370;35012
352380;35030
352390;35046
352400;35047
352410;35011
352420;35010
352430;35013
352440;35050
352450;35004
352460;35055
352470;35032
352480;35001
352490;35053
352500;35057
352510;35014
352520;35048
352530;35021
352540;35012
352550;35048
352560;35036
352570;35004
352580;35019
352585;35028
352590;35047
352600;35034
352610;35055
352620;35060
352630;35053
352640;35043
352650;35017
352660;35051
352670;35027
352680;35020
352690;35027
352700;35033
352710;35019
352720;35051
352725;35018
352730;35047
352740;35035
352750;35020
352760;35014
352770;35018
352780;35038
352790;35039
352800;35021
352810;35007
352820;35002
352830;35006
352840;35046
352850;35058
352860;35040
352870;35036
352880;35039
352885;35008
352890;35035
352900;35038
352910;35001
352920;35036
352930;35024
352940;35061
352950;35004
352960;35002
352965;35001
352970;35010
352980;35021
352990;35055
353000;35002
353010;35016
353020;35036
353030;35004
353040;35004
353050;35030
353060;35062
353070;35031
353080;35031
353090;35028
353100;35007
353110;35056
353120;35033
353130;35013
353140;35007
353150;35013
353160;35034
353170;35049
353180;35032
353190;35010
353200;35048
353205;35024
353210;35016
353215;35039
353220;35036
353230;35053
353240;35048
353250;35007
353260;35007
353270;35007
353280;35004
353282;35041
353284;35001
353286;35006
353290;35024
353300;35004
353310;35034
353320;35016
353325;35005
353330;35006
353340;35032
353350;35008
353360;35010
353370;35038
353380;35040
353390;35004
353400;35004
353410;35038
353420;35004
353430;35010
353440;35057
353450;35038
353460;35035
353470;35040
353475;35002
353480;35034
353490;35035
353500;35004
353510;35005
353520;35001
353530;35039
353540;35034
353550;35039
353560;35053
353570;35005
353580;35022
353590;35001
353600;35035
353610;35023
353620;35055
353625;35003
353630;35012
353640;35034
353650;35032
353657;35020
353660;35004
353670;35021
353680;35033
353690;35002
353700;35012
353710;35032
353715;35039
353720;35056
353730;35018
353740;35016
353750;35043
353760;35056
353770;35018
353780;35045
353790;35045
353800;35050
353810;35005
353820;35033
353830;35036
353850;35051
353860;35048
353870;35028
353880;35040
353890;35020
353900;35013
353910;35057
353920;35036
353930;35029
353940;35020
353950;35013
353960;35004
353970;35039
353980;35062
353990;35007
354000;35038
354010;35020
354020;35014
354025;35001
354030;35003
354040;35001
354050;35043
354060;35046
354070;35029
354075;35051
354080;35004
354085;35035
354090;35014
354100;35063
354105;35023
354110;35020
354120;35036
354130;35036
354140;35036
354150;35036
354160;35019
354165;35043
354170;35039
354180;35037
354190;35051
354200;35037
354210;35028
354220;35036
354230;35053
354240;35036
354250;35020
354260;35055
354270;35012
354280;35044
354290;35025
354300;35044
354310;35012
354320;35040
354323;35036
354325;35044
354330;35061
354340;35014
354350;35041
354360;35012
354370;35024
354380;35035
354390;35026
354400;35028
354410;35061
354420;35003
354425;35036
354430;35051
354440;35017
354450;35001
354460;35019
354470;35035
354480;35008
354490;35010
354500;35062
354510;35035
354515;35028
354520;35046
354530;35046
354540;35040
354550;35036
354560;35005
354570;35001
354580;35032
354600;35050
354610;35001
354620;35027
354625;35015
354630;35029
354640;35040
354650;35013
354660;35001
354670;35027
354680;35059
354690;35024
354700;35028
354710;35034
354720;35001
354730;35057
354740;35001
354750;35014
354760;35014
354765;35001
354770;35036
354780;35061
354790;35015
354800;35031
354805;35017
354810;35030
354820;35049
354830;35036
354840;35018
354850;35063
354860;35049
354870;35061
354880;35061
354890;35025
354900;35001
354910;35030
354920;35002
354925;35006
354930;35034
354940;35010
354950;35012
354960;35052
354970;35030
354980;35004
354990;35050
354995;35060
355000;35053
355010;35023
355020;35045
355030;35061
355040;35028
355050;35040
355060;35046
355070;35054
355080;35030
355090;35014
355100;35063
355110;35046
355120;35040
355130;35007
355140;35014
355150;35014
355160;35033
355170;35014
355180;35055
355190;35005
355200;35052
355210;35033
355220;35046
355230;35016
355240;35032
355250;35062
355255;35016
355260;35005
355270;35024
355280;35060
355290;35036
355300;35040
355310;35013
355320;35013
355330;35030
355340;35004
355350;35045
355360;35030
355365;35013
355370;35013
355380;35041
355385;35041
355390;35036
355395;35039
355400;35043
355410;35050
355420;35040
355430;35036
355440;35013
355450;35028
355460;35040
355465;35043
355470;35026
355475;35024
355480;35050
355490;35001
355495;35048
355500;35037
355510;35034
355520;35018
355530;35002
355535;35004
355540;35054
355550;35020
355560;35004
355570;35007
355580;35001
355590;35020
355600;35008
355610;35003
355620;35032
355630;35017
355635;35048
355640;35030
355645;35060
355650;35047
355660;35038
355670;35032
355680;35013
355690;35013
355695;35001
355700;35046
355710;35003
355715;35004
355720;35040
355730;35031
410000;41000
410010;41015
410020;41035
410030;41039
410040;41037
410045;41004
410050;41002
410060;41001
410070;41002
410080;41007
410090;41001
410100;41025
410105;41023
410110;41015
410115;41006
410120;41038
410130;41034
410140;41010
410150;41010
410160;41020
410165;41013
410170;41005
410180;41037
410185;41013
410190;41014
410200;41022
410210;41006
410220;41006
410230;41037
410240;41015
410250;41005
410260;41026
410270;41016
410275;41025
410280;41007
410290;41033
410300;41004
410302;41026
410304;41028
410305;41023
410310;41037
410315;41026
410320;41012
410322;41027
410330;41012
410335;41023
410337;41002
410340;41006
410345;41023
410347;41002
410350;41010
410360;41016
410370;41011
410380;41010
410390;41004
410395;41029
410400;41037
410405;41023
410410;41039
410420;41037
410425;41037
410430;41005
410440;41013
410442;41029
410445;41029
410450;41025
410460;41023
410465;41021
410470;41018
410480;41023
410490;41021
410500;41023
410510;41006
410520;41035
410530;41024
410540;41027
410550;41003
410560;41003
410570;41030
410580;41037
410590;41006
410600;41015
410610;41017
410620;41037
410630;41023
410640;41015
410645;41030
410650;41027
410655;41005
410657;41026
410660;41002
410670;41001
410680;41033
410685;41012
410690;41037
410700;41017
410710;41001
410712;41023
410715;41022
410720;41026
410725;41002
410730;41008
410740;41026
410750;41005
410752;41002
410753;41022
410754;41029
410755;41005
410760;41012
410765;41037
410770;41005
410773;41031
410775;41017
410780;41008
410785;41026
410790;41008
410800;41007
410810;41006
410820;41022
410830;41024
410832;41002
410840;41026
410845;41029
410850;41033
410855;41013
410860;41004
410865;41029
410870;41013
410880;41022
410890;41001
410895;41031
410900;41018
410910;41003
410920;41006
410930;41023
410940;41029
410950;41038
410960;41038
410965;41030
410970;41017
410975;41023
410980;41011
410990;41002
411000;41006
411005;41023
411007;41019
411010;41031
411020;41029
411030;41001
411040;41003
411050;41031
411060;41002
411065;41022
411070;41032
411080;41005
411090;41006
411095;41024
411100;41015
411110;41008
411120;41027
411125;41037
411130;41001
411140;41031
411150;41013
411155;41002
411160;41008
411170;41017
411180;41016
411190;41006
411200;41020
411210;41010
411220;41004
411230;41017
411240;41003
411250;41013
411260;41001
411270;41014
411275;41022
411280;41018
411290;41016
411295;41004
411300;41003
411310;41012
411320;41036
411325;41028
411330;41029
411340;41015
411342;41013
411345;41023
411350;41001
411360;41006
411370;41011
411373;41005
411375;41013
411380;41006
411390;41032
411400;41005
411410;41006
411420;41009
411430;41037
411435;41026
411440;41030
411450;41013
411460;41022
411470;41002
411480;41009
411490;41010
411500;41001
411510;41002
411520;41009
411530;41027
411535;41022
411540;41026
411545;41029
411550;41012
411560;41024
411570;41038
411573;41028
411575;41010
411580;41024
411585;41022
411590;41001
411600;41007
411605;41024
411610;41004
411620;41038
411630;41006
411640;41006
411650;41001
411660;41015
411670;41023
411680;41004
411690;41006
411695;41026
411700;41015
411705;41029
411710;41001
411720;41002
411721;41014
411722;41022
411725;41026
411727;41013
411729;41010
411730;41019
411740;41008
411745;41022
411750;41009
411760;41030
411770;41021
411780;41028
411790;41022
411800;41001
411810;41001
411820;41038
411830;41001
411840;41001
411845;41022
411850;41027
411860;41033
411870;41033
411880;41005
411885;41002
411890;41002
411900;41025
411910;41039
411915;41037
411920;41017
411925;41026
411930;41029
411940;41020
411950;41037
411960;41028
411965;41011
411970;41001
411980;41025
411990;41021
411995;41038
412000;41007
412010;41036
412015;41029
412020;41001
412030;41033
412033;41007
412035;41025
412040;41006
412050;41007
412060;41031
412065;41004
412070;41018
412080;41037
412085;41022
412090;41029
412100;41001
412110;41005
412120;41039
412125;41024
412130;41014
412135;41004
412140;41025
412150;41032
412160;41026
412170;41019
412175;41029
412180;41016
412190;41015
412200;41032
412210;41012
412215;41029
412217;41013
412220;41037
412230;41039
412240;41011
412250;41005
412260;41003
412265;41013
412270;41010
412280;41026
412290;41018
412300;41026
412310;41015
412320;41014
412330;41001
412340;41006
412350;41022
412360;41006
412370;41001
412380;41025
412382;41023
412385;41028
412390;41015
412395;41001
412400;41018
412402;41023
412405;41024
412410;41016
412420;41001
412430;41015
412440;41026
412450;41006
412460;41001
412470;41014
412480;41027
412490;41001
412500;41013
412510;41034
412520;41026
412530;41008
412535;41002
412540;41018
412545;41022
412550;41037
412555;41003
412560;41034
412570;41024
412575;41022
412580;41013
412590;41001
412600;41014
412610;41003
412620;41017
412625;41009
412627;41027
412630;41020
412635;41024
412640;41015
412650;41007
412660;41018
412665;41027
412667;41011
412670;41001
412680;41003
412690;41002
412700;41031
412710;41019
412720;41005
412730;41001
412740;41022
412750;41019
412760;41039
412770;41022
412780;41018
412785;41023
412788;41037
412790;41003
412795;41022
412796;41029
412800;41004
412810;41002
412820;41033
412830;41006
412840;41014
412850;41018
412853;41019
412855;41024
412860;41026
412862;41002
412863;41035
412865;41029
412870;41027
412880;41002
420000;42000
420005;42009
420010;42003
420020;42014
420030;42011
420040;42004
420050;42002
420055;42002
420060;42017
420070;42017
420075;42005
420080;42001
420090;42015
420100;42010
420110;42017
420120;42016
420125;42012
420127;42005
420130;42008
420140;42020
420150;42018
420160;42004
420165;42005
420170;42012
420180;42014
420190;42011
420195;42020
420200;42013
420205;42008
420207;42020
420208;42001
420209;42001
420210;42013
420213;42006
420215;42001
420220;42012
420230;42016
420240;42012
420243;42010
420245;42013
420250;42010
420253;42003
420257;42002
420260;42010
420270;42012
420280;42018
420285;42011
420287;42009
420290;42012
420300;42004
420310;42002
420315;42004
420320;42013
420325;42010
420330;42007
420340;42010
420350;42002
420360;42009
420370;42015
420380;42006
420390;42004
420395;42018
420400;42004
420410;42002
420415;42010
420417;42010
420419;42014
420420;42002
420425;42019
420430;42005
420435;42002
420440;42002
420445;42003
420450;42008
420455;42010
420460;42019
420470;42002
420475;42002
420480;42009
420490;42001
420500;42001
420510;42011
420515;42012
420517;42003
420519;42020
420520;42004
420530;42003
420535;42002
420540;42016
420543;42002
420545;42019
420550;42004
420555;42009
420560;42003
420570;42018
420580;42008
420590;42012
420600;42016
420610;42018
420620;42018
420630;42012
420640;42001
420650;42008
420660;42001
420665;42002
420670;42004
420675;42004
420680;42004
420690;42011
420700;42019
420710;42013
420720;42018
420730;42018
420740;42014
420750;42012
420757;42004
420760;42005
420765;42001
420768;42003
420770;42005
420775;42002
420780;42005
420785;42002
420790;42006
420800;42005
420810;42006
420820;42013
420830;42013
420840;42001
420845;42008
420850;42014
420860;42004
420870;42020
420880;42018
420890;42008
420895;42002
420900;42004
420910;42008
420915;42011
420917;42003
420920;42004
420930;42010
420940;42018
420945;42003
420950;42011
420960;42019
420970;42004
420980;42015
420985;42005
420990;42011
421000;42012
421003;42004
421005;42004
421010;42006
421020;42015
421030;42006
421040;42020
421050;42002
421055;42003
421060;42008
421070;42004
421080;42020
421085;42011
421090;42002
421100;42001
421105;42009
421110;42006
421120;42019
421125;42020
421130;42013
421140;42002
421145;42002
421150;42015
421160;42019
421165;42002
421170;42018
421175;42010
421180;42004
421185;42003
421187;42005
421189;42010
421190;42016
421200;42001
421205;42010
421210;42002
421220;42006
421223;42001
421225;42020
421227;42003
421230;42016
421240;42018
421250;42013
421260;42005
421265;42018
421270;42014
421280;42013
421290;42002
421300;42004
421310;42005
421315;42002
421320;42012
421330;42009
421335;42009
421340;42003
421350;42013
421360;42006
421370;42011
421380;42020
421390;42005
421400;42011
421410;42011
421415;42001
421420;42002
421430;42017
421440;42004
421450;42011
421460;42011
421470;42012
421480;42011
421490;42018
421500;42007
421505;42010
421507;42001
421510;42012
421520;42001
421530;42011
421535;42002
421540;42004
421545;42018
421550;42009
421555;42001
421560;42018
421565;42020
421567;42006
421568;42002
421569;42002
421570;42016
421575;42002
421580;42007
421590;42017
421600;42002
421605;42009
421610;42003
421620;42008
421625;42001
421630;42015
421635;42013
421640;42020
421650;42010
421660;42016
421670;42001
421680;42010
421690;42002
421700;42018
421710;42018
421715;42002
421720;42001
421725;42016
421730;42002
421740;42008
421750;42005
421755;42002
421760;42019
421770;42020
421775;42002
421780;42011
421790;42004
421795;42002
421800;42015
421810;42020
421820;42012
421825;42006
421830;42006
421835;42019
421840;42018
421850;42004
421860;42011
421870;42018
421875;42001
421880;42020
421885;42002
421890;42010
421895;42010
421900;42019
421910;42003
421915;42009
421917;42004
421920;42014
421930;42004
421935;42011
421940;42011
421950;42003
421960;42005
421970;42003
421985;42009
422000;42019
430000;43000
430003;43031
430005;43010
430010;43019
430020;43008
430030;43001
430040;43029
430045;43008
430047;43009
430050;43003
430055;43011
430057;43023
430060;43026
430063;43032
430064;43003
430066;43014
430070;43014
430080;43016
430085;43028
430087;43026
430090;43004
430100;43021
430105;43027
430107;43033
430110;43025
430120;43020
430130;43034
430140;43014
430150;43008
430155;43004
430160;43031
430163;43027
430165;43023
430170;43004
430175;43025
430180;43005
430185;43002
430187;43029
430190;43028
430192;43004
430195;43009
430200;43013
430205;43004
430210;43016
430215;43009
430220;43002
430222;43011
430223;43011
430225;43016
430230;43015
430235;43023
430237;43002
430240;43021
430245;43021
430250;43007
430258;43008
430260;43002
430265;43023
430270;43025
430280;43032
430290;43018
430300;43022
430310;43026
430320;43005
430330;43006
430340;43003
430350;43028
430355;43010
430360;43015
430367;43015
430370;43006
430380;43004
430390;43026
430400;43002
430410;43011
430420;43020
430430;43001
430435;43032
430440;43024
430450;43033
430460;43026
430461;43021
430462;43015
430463;43027
430465;43017
430466;43033
430467;43027
430468;43023
430469;43021
430470;43009
430471;43027
430480;43016
430485;43004
430490;43010
430495;43010
430500;43007
430510;43016
430511;43004
430512;43033
430513;43022
430515;43009
430517;43028
430520;43006
430530;43009
430535;43025
430537;43010
430540;43008
430543;43035
430544;43028
430545;43027
430550;43010
430558;43021
430560;43012
430570;43008
430580;43003
430583;43021
430585;43009
430587;43008
430590;43008
430593;43016
430595;43016
430597;43010
430600;43002
430605;43033
430607;43003
430610;43011
430613;43004
430620;43021
430630;43010
430632;43002
430635;43007
430637;43018
430640;43024
430642;43003
430645;43014
430650;43028
430655;43027
430660;43031
430670;43019
430673;43002
430675;43021
430676;43026
430680;43021
430690;43032
430692;43003
430693;43007
430695;43004
430697;43004
430700;43004
430705;43010
430710;43034
430720;43004
430730;43003
430740;43015
430745;43002
430750;43011
430755;43004
430760;43026
430770;43026
430780;43021
430781;43020
430783;43007
430786;43016
430790;43016
430800;43019
430805;43004
430807;43021
430810;43023
430820;43016
430825;43004
430830;43013
430840;43019
430843;43021
430845;43011
430850;43003
430860;43016
430865;43029
430870;43004
430880;43025
430885;43010
430890;43004
430900;43007
430905;43026
430910;43024
430912;43003
430915;43020
430920;43026
430925;43014
430930;43026
430940;43014
430950;43006
430955;43023
430957;43020
430960;43002
430965;43031
430970;43002
430975;43020
430980;43005
430990;43010
430995;43013
431000;43011
431010;43024
431020;43008
431030;43014
431033;43027
431036;43021
431040;43001
431041;43008
431043;43015
431046;43004
431050;43003
431053;43018
431055;43017
431057;43014
431060;43029
431065;43027
431070;43004
431075;43019
431080;43024
431085;43009
431087;43011
431090;43004
431100;43034
431110;43018
431112;43015
431113;43017
431115;43011
431120;43017
431123;43020
431125;43013
431127;43012
431130;43015
431140;43021
431142;43009
431150;43031
431160;43003
431162;43024
431164;43023
431170;43005
431171;43029
431173;43027
431175;43029
431177;43027
431179;43023
431180;43010
431190;43004
431198;43026
431200;43004
431205;43021
431210;43018
431213;43010
431215;43020
431217;43006
431220;43005
431225;43025
431230;43002
431235;43014
431237;43015
431238;43016
431240;43023
431242;43013
431244;43027
431245;43033
431247;43024
431250;43027
431260;43021
431261;43015
431262;43010
431265;43012
431267;43010
431270;43003
431275;43014
431280;43014
431290;43014
431295;43009
431300;43021
431301;43002
431303;43018
431306;43026
431308;43016
431310;43019
431320;43024
431330;43014
431333;43008
431335;43016
431337;43026
431339;43022
431340;43026
431342;43001
431344;43003
431346;43003
431349;43009
431350;43027
431360;43005
431365;43027
431370;43009
431380;43003
431390;43008
431395;43022
431400;43014
431402;43022
431403;43023
431405;43026
431406;43020
431407;43022
431410;43010
431413;43004
431415;43021
431417;43032
431420;43033
431430;43008
431440;43033
431442;43024
431445;43009
431446;43015
431447;43017
431449;43003
431450;43032
431453;43016
431454;43016
431455;43007
431460;43032
431470;43003
431475;43023
431477;43010
431478;43004
431480;43023
431490;43026
431500;43001
431505;43001
431507;43001
431510;43006
431513;43021
431514;43024
431515;43021
431517;43014
431520;43014
431530;43029
431531;43004
431532;43017
431535;43011
431540;43002
431545;43021
431550;43019
431555;43003
431560;43035
431570;43022
431575;43024
431580;43021
431590;43003
431595;43007
431600;43024
431610;43010
431620;43003
431630;43006
431640;43030
431642;43009
431643;43011
431645;43011
431647;43006
431650;43023
431660;43005
431670;43011
431673;43010
431675;43021
431680;43020
431690;43018
431695;43024
431697;43030
431700;43032
431710;43030
431720;43001
431725;43016
431730;43035
431740;43017
431750;43007
431755;43010
431760;43027
431770;43007
431775;43009
431780;43008
431790;43001
431795;43005
431800;43029
431805;43010
431810;43029
431820;43015
431830;43030
431840;43025
431842;43005
431843;43019
431844;43014
431845;43009
431846;43013
431848;43023
431849;43001
431850;43035
431860;43005
431861;43023
431862;43015
431870;43026
431880;43033
431890;43007
431900;43016
431910;43002
431912;43018
431915;43007
431920;43007
431930;43006
431935;43023
431936;43009
431937;43006
431940;43018
431950;43023
431960;43018
431970;43004
431971;43014
431973;43008
431975;43023
431980;43018
431990;43026
432000;43026
432010;43009
432020;43003
432023;43002
432026;43020
432030;43012
432032;43007
432035;43028
432040;43014
432045;43021
432050;43010
432055;43026
432057;43006
432060;43004
432065;43019
432067;43020
432070;43020
432080;43013
432085;43021
432090;43010
432100;43012
432110;43028
432120;43024
432130;43021
432132;43003
432135;43027
432140;43002
432143;43027
432145;43021
432146;43012
432147;43002
432149;43018
432150;43027
432160;43027
432162;43021
432163;43004
432166;43027
432170;43024
432180;43001
432183;43027
432185;43003
432190;43002
432195;43003
432200;43025
432210;43001
432215;43013
432218;43005
432220;43017
432225;43023
432230;43001
432232;43033
432234;43007
432235;43014
432237;43017
432240;43029
432250;43015
432252;43025
432253;43020
432254;43023
432255;43010
432260;43020
432270;43020
432280;43016
432285;43021
432290;43004
432300;43026
432310;43003
432320;43012
432330;43016
432335;43010
432340;43010
432345;43018
432350;43003
432360;43014
432370;43002
432375;43007
432377;43021
432380;43027
500000;50000
500020;50007
500025;50003
500060;50010
500070;50002
500080;50008
500085;50011
500090;50010
500100;50006
500110;50002
500124;50010
500150;50004
500190;50008
500200;50008
500210;50009
500215;50009
500220;50009
500230;50007
500240;50010
500260;50003
500270;50004
500280;50009
500290;50005
500295;50005
500310;50004
500315;50011
500320;50001
500325;50005
500330;50003
500345;50011
500348;50002
500350;50010
500370;50010
500375;50011
500380;50010
500390;50003
500400;50011
500410;50009
500430;50011
500440;50006
500450;50010
500460;50011
500470;50011
500480;50011
500490;50004
500500;50009
500510;50011
500515;50010
500520;50001
500525;50010
500540;50010
500560;50002
500568;50011
500570;50011
500580;50009
500600;50010
500620;50008
500625;50011
500627;50005
500630;50006
500635;50011
500640;50003
500660;50010
500690;50001
500710;50007
500720;50010
500730;50004
500740;50003
500750;50004
500755;50007
500769;50003
500770;50011
500780;50006
500790;50004
500793;50003
500795;50011
500797;50008
500800;50004
500830;50007
500840;50010
510000;51000
510010;51016
510020;51010
510025;51002
510030;51022
510035;51009
510040;51022
510050;51015
510060;51022
510080;51002
510100;51011
510120;51020
510125;51014
510130;51015
510140;51001
510160;51018
510170;51013
510180;51011
510185;51009
510190;51001
510250;51018
510260;51010
510263;51004
510267;51019
510268;51004
510269;51009
510270;51010
510279;51002
510285;51001
510300;51017
510305;51007
510310;51011
510320;51003
510325;51001
510330;51004
510335;51009
510336;51012
510337;51001
510340;51017
510343;51018
510345;51013
510350;51004
510360;51021
510370;51007
510380;51014
510385;51008
510390;51020
510395;51014
510410;51003
510420;51020
510450;51014
510452;51006
510454;51006
510455;51007
510460;51021
510480;51021
510490;51016
510500;51014
510510;51005
510515;51001
510517;51001
510520;51021
510523;51014
510525;51006
510530;51009
510550;51012
510558;51007
510560;51003
510562;51014
510590;51006
510600;51015
510610;51017
510615;51002
510617;51010
510618;51012
510619;51007
510620;51008
510621;51003
510622;51006
510623;51013
510624;51006
510625;51010
510626;51003
510627;51005
510628;51010
510629;51002
510630;51008
510631;51009
510637;51021
510642;51003
510645;51008
510650;51018
510665;51020
510670;51020
510675;51012
510677;51009
510680;51005
510682;51014
510685;51013
510700;51020
510704;51019
510706;51010
510710;51014
510715;51014
510718;51009
510719;51020
510720;51014
510724;51007
510726;51015
510729;51021
510730;51005
510735;51009
510740;51021
510757;51001
510760;51021
510770;51016
510774;51009
510775;51014
510776;51006
510777;51009
510779;51010
510780;51017
510785;51009
510787;51004
510788;51009
510790;51007
510792;51006
510794;51005
510795;51013
510800;51006
510805;51003
510810;51020
510820;51020
510830;51007
510835;51012
510840;51017
510850;51007
510860;51009
510880;51003
510885;51015
510890;51005
510895;51002
520000;52000
520005;52010
520010;52012
520013;52014
520015;52009
520017;52012
520020;52015
520025;52012
520030;52012
520040;52998
520050;52015
520055;52004
520060;52005
520070;52998
520080;52011
520082;52004
520085;52009
520090;52008
520100;52998
520110;52007
520120;52017
520130;52009
520140;52010
520145;52013
520150;52013
520160;52007
520170;52003
520180;52010
520190;52998
520200;52998
520210;52998
520215;52002
520220;52998
520230;52998
520235;52003
520240;52998
520250;52002
520255;52998
520260;52009
520270;52998
520280;52009
520290;52998
520300;52998
520310;52003
520320;52006
520330;52010
520340;52003
520350;52015
520355;52010
520357;52004
520360;52007
520370;52998
520380;52002
520390;52015
520393;52009
520396;52011
520400;52012
520410;52018
520420;52008
520425;52015
520430;52018
520440;52013
520450;52015
520455;52010
520460;52014
520465;52004
520470;52004
520480;52017
520485;52007
520490;52005
520495;52004
520500;52006
520505;52013
520510;52017
520520;52007
520530;52005
520540;52006
520545;52014
520547;52013
520549;52012
520550;52998
520551;52012
520552;52005
520560;52998
520570;52008
520580;52012
520590;52017
520600;52998
520610;52998
520620;52012
520630;52016
520640;52001
520650;52015
520660;52017
520670;52011
520680;52007
520690;52017
520700;52998
520710;52003
520720;52998
520725;52013
520730;52998
520735;52014
520740;52014
520750;52004
520753;52002
520755;52998
520760;52008
520765;52998
520770;52998
520780;52009
520790;52011
520800;52012
520810;52004
520815;52016
520820;52998
520830;52011
520840;52010
520850;52017
520860;52006
520870;52010
520880;52010
520890;52002
520900;52998
520910;52015
520915;52018
520920;52010
520929;52006
520930;52998
520940;52011
520945;52006
520950;52998
520960;52007
520970;52010
520980;52006
520990;52011
520993;52015
520995;52014
521000;52007
521010;52017
521015;52006
521020;52008
521030;52008
521040;52007
521050;52998
521056;52007
521060;52007
521070;52998
521080;52018
521090;52006
521100;52002
521110;52998
521120;52006
521130;52018
521140;52007
521150;52015
521160;52008
521170;52014
521180;52007
521190;52013
521200;52008
521205;52007
521210;52015
521220;52002
521225;52018
521230;52010
521240;52998
521250;52012
521260;52015
521270;52011
521280;52004
521290;52015
521295;52002
521300;52013
521305;52012
521308;52004
521310;52013
521320;52998
521330;52998
521340;52008
521350;52005
521360;52998
521370;52003
521375;52013
521377;52004
521380;52015
521385;52006
521390;52009
521400;52001
521405;52001
521410;52004
521420;52998
521430;52998
521440;52009
521450;52010
521460;52004
521470;52006
521480;52017
521483;52001
521486;52006
521487;52004
521488;52998
521490;52005
521500;52007
521510;52998
521520;52008
521523;52012
521525;52001
521530;52016
521540;52007
521550;52017
521560;52012
521565;52013
521570;52014
521575;52998
521580;52016
521590;52014
521600;52015
521610;52998
521620;52998
521630;52018
521640;52014
521645;52013
521650;52998
521660;52998
521670;52998
521680;52007
521690;52006
521700;52998
521710;52015
521720;52003
521730;52012
521740;52016
521750;52998
521760;52012
521770;52015
521780;52998
521790;52998
521800;52004
521805;52015
521810;52013
521820;52998
521830;52011
521839;52015
521840;52998
521850;52018
521860;52006
521870;52006
521875;52998
521878;52015
521880;52013
521890;52006
521900;52009
521910;52009
521920;52016
521925;52002
521930;52013
521935;52006
521940;52013
521945;52006
521950;52007
521960;52004
521970;52004
521971;52013
521973;52010
521975;52012
521980;52011
521990;52007
522000;52005
522005;52014
522010;52009
522015;52006
522020;52001
522026;52016
522028;52006
522030;52998
522040;52018
522045;52010
522050;52013
522060;52016
522065;52998
522068;52011
522070;52011
522080;52998
522090;52998
522100;52007
522108;52005
522110;52998
522119;52010
522120;52998
522130;52017
522140;52010
522145;52004
522150;52009
522155;52014
522157;52001
522160;52004
522170;52006
522180;52016
522185;52012
522190;52014
522200;52016
522205;52015
522208;52998
522210;52998
522220;52012
522230;52012
530010;53001
200010;20998
