Codmun6;COD_MET
110001;11900
110002;11900
110003;11900
110004;11900
110005;11900
110006;11900
110007;11900
110008;11900
110009;11900
110010;11900
110011;11900
110012;11900
110013;11900
110014;11900
110015;11900
110018;11900
110020;11900
110025;11900
110026;11900
110028;11900
110029;11900
110030;11900
110032;11900
110033;11900
110034;11900
110037;11900
110040;11900
110045;11900
110050;11900
110060;11900
110070;11900
110080;11900
110090;11900
110092;11900
110094;11900
110100;11900
110110;11900
110120;11900
110130;11900
110140;11900
110143;11900
110145;11900
110146;11900
110147;11900
110148;11900
110149;11900
110150;11900
110155;11900
110160;11900
110170;11900
110175;11900
110180;11900
120000;12000
120001;12900
120005;12900
120010;12900
120013;12900
120017;12900
120020;12900
120025;12900
120030;12900
120032;12900
120033;12900
120034;12900
120035;12900
120038;12900
120039;12900
120040;12900
120042;12900
120043;12900
120045;12900
120050;12900
120060;12900
120070;12900
120080;12900
130000;13000
130002;13900
130006;13900
130008;13900
130010;13900
130014;13900
130020;13900
130030;13010
130040;13900
130050;13900
130060;13900
130063;13900
130068;13900
130070;13900
130080;13900
130083;13900
130090;13900
130100;13900
130110;13010
130115;13010
130120;13900
130130;13900
130140;13900
130150;13900
130160;13900
130165;13900
130170;13900
130180;13900
130185;13010
130190;13010
130195;13900
130200;13010
130210;13900
130220;13900
130230;13900
130240;13900
130250;13010
130255;13010
130260;13010
130270;13900
130280;13900
130290;13900
130300;13900
130310;13900
130320;13010
130330;13900
130340;13900
130350;13900
130353;13010
130356;13010
130360;13900
130370;13900
130380;13900
130390;13900
130395;13900
130400;13010
130406;13900
130410;13900
130420;13900
130423;13900
130426;13900
130430;13900
130440;13900
140000;14000
140002;14900
140005;14010
140010;14010
140015;14010
140017;14010
140020;14030
140023;14020
140028;14030
140030;14010
140040;14900
140045;14900
140047;14020
140050;14020
140060;14020
140070;14900
150000;15000
150010;15900
150013;15900
150020;15900
150030;15900
150034;15900
150040;15900
150050;15900
150060;15900
150070;15900
150080;15010
150085;15900
150090;15900
150095;15900
150100;15900
150110;15900
150120;15900
150125;15900
150130;15900
150140;15010
150145;15020
150150;15010
150157;15900
150160;15900
150170;15900
150172;15900
150175;15900
150178;15900
150180;15900
150190;15900
150195;15900
150200;15900
150210;15900
150215;15900
150220;15900
150230;15900
150240;15010
150250;15900
150260;15900
150270;15900
150275;15900
150276;15900
150277;15900
150280;15900
150285;15900
150290;15900
150293;15900
150295;15900
150300;15900
150304;15900
150307;15900
150309;15900
150310;15900
150320;15900
150330;15900
150340;15900
150345;15900
150350;15900
150360;15900
150370;15900
150375;15900
150380;15900
150390;15900
150400;15900
150405;15900
150410;15900
150420;15900
150430;15900
150440;15900
150442;15010
150445;15900
150450;15900
150460;15900
150470;15900
150475;15020
150480;15900
150490;15900
150495;15900
150497;15900
150500;15900
150503;15900
150506;15900
150510;15900
150520;15900
150530;15900
150540;15900
150543;15900
150548;15900
150549;15900
150550;15900
150553;15900
150555;15900
150560;15900
150563;15900
150565;15900
150570;15900
150580;15900
150590;15900
150600;15900
150610;15900
150611;15900
150613;15900
150616;15900
150618;15900
150619;15900
150620;15900
150630;15900
150635;15010
150640;15900
150650;15010
150655;15900
150658;15900
150660;15900
150670;15900
150680;15020
150690;15900
150700;15900
150710;15900
150715;15900
150720;15900
150730;15900
150740;15900
150745;15900
150746;15900
150747;15900
150750;15900
150760;15900
150770;15900
150775;15900
150780;15900
150790;15900
150795;15900
150796;15900
150797;15900
150800;15900
150803;15900
150805;15900
150808;15900
150810;15900
150812;15900
150815;15900
150820;15900
150830;15900
150835;15900
150840;15900
160000;16000
160005;16900
160010;16900
160015;16900
160020;16900
160021;16900
160023;16900
160025;16900
160027;16900
160030;16010
160040;16900
160050;16900
160053;16900
160055;16900
160060;16010
160070;16900
160080;16900
170000;17000
170025;17900
170030;17900
170035;17020
170040;17900
170070;17020
170100;17900
170105;17900
170110;17010
170130;17900
170190;17900
170200;17020
170210;17900
170215;17900
170220;17900
170230;17900
170240;17900
170255;17900
170270;17900
170290;17900
170300;17900
170305;17900
170307;17900
170310;17010
170320;17900
170330;17900
170360;17900
170370;17010
170380;17900
170382;17900
170384;17900
170386;17020
170388;17900
170389;17900
170390;17900
170410;17900
170460;17900
170510;17900
170550;17900
170555;17900
170560;17900
170600;17900
170610;17900
170625;17020
170650;17900
170700;17900
170710;17900
170720;17900
170730;17020
170740;17900
170755;17010
170765;17020
170770;17900
170820;17020
170825;17900
170830;17900
170900;17900
170930;17900
170950;17020
170980;17010
171050;17900
171070;17900
171090;17900
171110;17900
171150;17020
171180;17900
171190;17020
171195;17900
171200;17010
171215;17900
171240;17900
171245;17900
171250;17900
171270;17900
171280;17900
171320;17010
171330;17010
171360;17010
171370;17900
171380;17900
171395;17900
171420;17900
171430;17900
171488;17900
171500;17900
171510;17900
171515;17900
171525;17900
171550;17010
171570;17900
171575;17020
171610;17010
171620;17900
171630;17900
171650;17900
171660;17020
171665;17900
171670;17900
171700;17900
171720;17900
171750;17900
171780;17900
171790;17900
171800;17900
171820;17010
171830;17900
171840;17900
171845;17010
171850;17900
171855;17900
171865;17900
171870;17900
171875;17900
171880;17900
171884;17020
171886;17900
171888;17900
171889;17900
171890;17900
171900;17900
172000;17900
172010;17900
172015;17900
172020;17900
172025;17020
172030;17900
172049;17020
172065;17010
172080;17900
172085;17020
172090;17900
172093;17900
172097;17020
172100;17010
172110;17010
172120;17900
172125;17900
172130;17900
172208;17900
172210;17900
210000;21000
210005;21900
210010;21900
210015;21900
210020;21010
210030;21900
210040;21900
210043;21900
210047;21900
210050;21900
210055;21900
210060;21900
210070;21900
210080;21900
210083;21900
210087;21900
210090;21900
210095;21900
210100;21900
210110;21010
210120;21900
210125;21010
210130;21900
210135;21900
210140;21900
210150;21900
210160;21900
210170;21900
210173;21900
210177;21900
210180;21900
210190;21900
210193;21900
210197;21900
210200;21900
210203;21900
210207;21900
210210;21900
210215;21900
210220;21900
210230;21900
210232;21900
210235;21020
210237;21010
210240;21900
210250;21900
210255;21900
210260;21900
210270;21900
210275;21900
210280;21900
210290;21900
210300;21900
210310;21900
210312;21900
210315;21900
210317;21900
210320;21900
210325;21900
210330;21900
210340;21900
210350;21900
210355;21900
210360;21900
210370;21900
210375;21020
210380;21900
210390;21900
210400;21900
210405;21900
210407;21900
210408;21900
210409;21900
210410;21900
210420;21900
210430;21900
210440;21900
210450;21900
210455;21020
210460;21900
210462;21900
210465;21900
210467;21900
210470;21900
210480;21900
210490;21900
210500;21900
210510;21010
210515;21900
210520;21900
210530;21020
210535;21900
210540;21900
210542;21900
210545;21900
210547;21900
210550;21020
210560;21900
210565;21900
210570;21900
210580;21900
210590;21900
210592;21900
210594;21900
210596;21900
210598;21900
210600;21900
210610;21900
210620;21900
210630;21900
210632;21900
210635;21900
210637;21900
210640;21900
210650;21900
210660;21900
210663;21900
210667;21900
210670;21900
210675;21900
210680;21900
210690;21900
210700;21020
210710;21010
210720;21900
210725;21900
210730;21900
210735;21900
210740;21900
210745;21900
210750;21010
210760;21900
210770;21900
210780;21900
210790;21900
210800;21900
210805;21900
210810;21900
210820;21900
210825;21900
210830;21900
210840;21900
210845;21900
210850;21900
210860;21900
210870;21900
210880;21900
210890;21900
210900;21900
210905;21900
210910;21900
210920;21010
210923;21900
210927;21900
210930;21900
210940;21900
210945;21010
210950;21900
210955;21020
210960;21010
210970;21900
210975;21900
210980;21900
210990;21900
211000;21900
211003;21900
211010;21900
211020;21010
211023;21900
211027;21900
211030;21900
211040;21900
211050;21900
211060;21900
211065;21900
211070;21900
211080;21900
211085;21900
211090;21900
211100;21900
211102;21900
211105;21900
211107;21900
211110;21900
211120;21010
211125;21900
211130;21010
211140;21900
211150;21900
211153;21900
211157;21900
211160;21900
211163;21900
211167;21900
211170;21900
211172;21900
211174;21900
211176;21020
211178;21900
211180;21900
211190;21900
211195;21900
211200;21900
211210;21900
211220;22010
211223;21900
211227;21900
211230;21900
211240;21900
211245;21900
211250;21900
211260;21900
211270;21900
211280;21900
211285;21900
211290;21900
211300;21900
211400;21900
220000;22000
220005;22900
220010;22900
220020;22900
220025;22900
220027;22900
220030;22900
220040;22010
220045;22900
220050;22900
220060;22900
220070;22900
220080;22900
220090;22900
220095;22900
220100;22900
220105;22900
220110;22900
220115;22900
220117;22900
220120;22900
220130;22900
220140;22900
220150;22900
220155;22900
220157;22900
220160;22010
220170;22900
220173;22900
220177;22900
220180;22900
220190;22900
220191;22900
220192;22900
220194;22900
220196;22900
220198;22900
220200;22900
220202;22900
220205;22900
220207;22900
220208;22900
220209;22900
220210;22900
220211;22900
220213;22900
220217;22900
220220;22900
220225;22900
220230;22900
220240;22900
220245;22900
220250;22900
220253;22900
220255;22900
220260;22900
220265;22900
220270;22900
220271;22900
220272;22900
220273;22010
220275;22900
220277;22900
220280;22900
220285;22900
220290;22900
220300;22900
220310;22900
220320;22900
220323;22900
220325;22010
220327;22900
220330;22010
220335;22900
220340;22900
220342;22900
220345;22900
220350;22900
220360;22900
220370;22900
220375;22900
220380;22900
220385;22900
220390;22900
220400;22900
220410;22900
220415;22900
220420;22900
220430;22900
220435;22900
220440;22900
220450;22900
220455;22900
220460;22900
220465;22900
220470;22900
220480;22900
220490;22900
220500;22900
220510;22900
220515;22900
220520;22900
220525;22900
220527;22900
220530;22900
220535;22900
220540;22900
220545;22900
220550;22010
220551;22900
220552;22900
220553;22900
220554;22900
220555;22010
220556;22900
220557;22900
220558;22010
220559;22900
220560;22900
220570;22900
220580;22900
220585;22900
220590;22900
220595;22900
220600;22900
220605;22900
220610;22900
220620;22900
220630;22010
220635;22900
220640;22010
220650;22900
220660;22900
220665;22900
220667;22900
220669;22900
220670;22900
220672;22010
220675;22900
220680;22900
220690;22900
220695;22900
220700;22900
220710;22900
220720;22900
220730;22900
220735;22900
220740;22900
220750;22900
220755;22900
220760;22900
220770;22900
220775;22900
220777;22900
220779;22900
220780;22900
220785;22900
220790;22900
220793;22900
220795;22900
220800;22900
220810;22900
220820;22900
220830;22900
220840;22900
220850;22900
220855;22900
220860;22900
220865;22900
220870;22900
220880;22900
220885;22900
220887;22900
220890;22900
220900;22900
220910;22900
220915;22900
220920;22900
220930;22900
220935;22900
220937;22900
220940;22900
220945;22900
220950;22900
220955;22900
220960;22900
220965;22900
220970;22900
220975;22900
220980;22900
220985;22900
220987;22900
220990;22900
220995;22900
220997;22900
221000;22900
221005;22900
221010;22900
221020;22900
221030;22900
221035;22900
221037;22900
221038;22900
221039;22900
221040;22900
221050;22900
221060;22900
221062;22900
221063;22900
221065;22900
221070;22900
221080;22900
221090;22900
221093;22900
221095;22900
221097;22900
221100;22010
221110;22010
221120;22900
221130;22900
221135;22900
221140;22900
221150;22900
221160;22900
221170;22900
230000;23000
230010;23900
230015;23900
230020;23900
230030;23900
230040;23900
230050;23900
230060;23900
230070;23900
230075;23900
230080;23900
230090;23900
230100;23010
230110;23900
230120;23900
230125;23900
230130;23900
230140;23900
230150;23900
230160;23900
230170;23900
230180;23900
230185;23900
230190;23020
230195;23900
230200;23900
230205;23900
230210;23900
230220;23900
230230;23900
230240;23900
230250;23900
230260;23900
230270;23900
230280;23900
230290;23900
230300;23900
230310;23900
230320;23020
230330;23900
230340;23900
230350;23010
230360;23900
230365;23900
230370;23010
230380;23900
230390;23900
230393;23900
230395;23010
230400;23900
230410;23900
230420;23020
230423;23900
230425;23900
230426;23900
230427;23900
230428;23010
230430;23020
230435;23900
230440;23010
230445;23900
230450;23900
230460;23900
230465;23900
230470;23900
230480;23900
230490;23900
230495;23010
230500;23900
230510;23900
230520;23900
230523;23010
230526;23900
230530;23900
230533;23900
230535;23900
230540;23900
230550;23900
230560;23900
230565;23900
230570;23900
230580;23900
230590;23900
230600;23900
230610;23900
230620;23900
230625;23010
230630;23900
230640;23900
230650;23900
230655;23900
230660;23900
230670;23900
230680;23900
230690;23900
230700;23900
230710;23020
230720;23900
230725;23900
230730;23020
230740;23900
230750;23900
230760;23900
230763;23900
230765;23010
230770;23010
230780;23900
230790;23900
230800;23900
230810;23900
230820;23900
230830;23900
230835;23900
230837;23900
230840;23020
230850;23900
230860;23900
230870;23900
230880;23900
230890;23900
230900;23900
230910;23900
230920;23020
230930;23900
230940;23900
230945;23900
230950;23900
230960;23010
230970;23010
230980;23900
230990;23900
231000;23900
231010;23900
231020;23010
231025;23010
231030;23900
231040;23900
231050;23900
231060;23900
231070;23900
231080;23900
231085;23010
231090;23900
231095;23900
231100;23900
231110;23900
231120;23900
231123;23900
231126;23900
231130;23900
231135;23900
231140;23900
231150;23900
231160;23900
231170;23900
231180;23900
231190;23900
231195;23900
231200;23900
231210;23020
231220;23900
231230;23900
231240;23010
231250;23900
231260;23010
231270;23900
231280;23900
231290;23900
231300;23900
231310;23900
231320;23900
231325;23900
231330;23900
231335;23900
231340;23900
231350;23010
231355;23900
231360;23900
231370;23900
231375;23900
231380;23900
231390;23900
231395;23900
231400;23900
231410;23900
240000;24000
240010;24900
240020;24900
240030;24900
240040;24900
240050;24900
240060;24900
240070;24900
240080;24900
240090;24900
240100;24900
240110;24900
240120;24900
240130;24900
240140;24900
240145;24900
240150;24900
240160;24900
240165;24900
240170;24900
240180;24900
240185;24900
240190;24900
240200;24900
240210;24900
240220;24900
240230;24900
240240;24900
240250;24900
240260;24010
240270;24900
240280;24900
240290;24900
240300;24900
240310;24900
240320;24900
240325;24010
240330;24900
240340;24900
240350;24900
240360;24010
240370;24900
240375;24900
240380;24900
240390;24900
240400;24900
240410;24900
240420;24900
240430;24900
240440;24900
240450;24900
240460;24900
240470;24900
240480;24900
240485;24900
240490;24900
240500;24900
240510;24900
240520;24900
240530;24900
240540;24900
240550;24900
240560;24900
240570;24900
240580;24900
240590;24900
240600;24900
240610;24900
240615;24900
240620;24900
240630;24900
240640;24900
240650;24900
240660;24900
240670;24900
240680;24900
240690;24900
240700;24900
240710;24010
240720;24900
240725;24900
240730;24900
240740;24900
240750;24010
240760;24900
240770;24900
240780;24010
240790;24900
240800;24900
240810;24010
240820;24010
240830;24900
240840;24900
240850;24900
240860;24900
240870;24900
240880;24900
240890;24900
240895;24900
240910;24900
240920;24900
240930;24900
240933;24900
240940;24900
240950;24900
240960;24900
240970;24900
240980;24900
240990;24900
241000;24900
241010;24900
241020;24900
241025;24900
241030;24900
241040;24900
241050;24900
241060;24900
241070;24900
241080;24900
241090;24900
241100;24900
241105;24900
241110;24900
241120;24900
241140;24900
241142;24900
241150;24900
241160;24900
241170;24900
241180;24900
241190;24900
241200;24010
241210;24900
241220;24010
241230;24900
241240;24900
241250;24900
241255;24900
241260;24900
241270;24900
241280;24900
241290;24900
241300;24900
241310;24900
241320;24900
241330;24900
241335;24900
241340;24900
241350;24900
241355;24900
241360;24900
241370;24900
241380;24900
241390;24900
241400;24900
241410;24900
241415;24900
241420;24900
241430;24900
241440;24900
241445;24900
241450;24900
241460;24900
241470;24900
241475;24900
241480;24010
241490;24900
241500;24900
250000;25000
250010;25900
250020;25070
250030;25900
250040;25050
250050;25030
250053;25020
250057;25050
250060;25010
250070;25060
250073;25900
250077;25100
250080;25030
250090;25900
250100;25120
250110;25050
250115;25040
250120;25050
250130;25020
250135;25900
250140;25090
250150;25900
250153;25080
250157;25020
250160;25080
250170;25900
250180;25010
250190;25030
250200;25900
250205;25060
250210;25070
250215;25020
250220;25060
250230;25900
250240;25060
250250;25020
250260;25070
250270;25030
250280;25900
250290;25900
250300;25010
250310;25900
250320;25010
250330;25060
250340;25040
250350;25120
250355;25040
250360;25030
250370;25060
250375;25900
250380;25110
250390;25900
250400;25020
250403;25900
250407;25900
250410;25060
250415;25900
250420;25070
250430;25900
250435;25020
250440;25070
250450;25040
250460;25010
250470;25900
250480;25070
250485;25900
250490;25010
250500;25900
250510;25080
250520;25030
250523;25090
250527;25090
250530;25070
250535;25120
250540;25040
250550;25040
250560;25070
250570;25120
250580;25030
250590;25040
250600;25050
250610;25020
250620;25080
250625;25020
250630;25030
250640;25110
250650;25900
250660;25070
250670;25900
250680;25110
250690;25110
250700;25070
250710;25090
250720;25020
250730;25090
250740;25900
250750;25010
250760;25110
250770;25900
250780;25040
250790;25110
250800;25900
250810;25900
250820;25030
250830;25020
250840;25100
250850;25900
250855;25030
250860;25010
250870;25040
250880;25040
250890;25090
250900;25900
250905;25090
250910;25900
250915;25100
250920;25020
250930;25090
250933;25020
250937;25900
250939;25040
250940;25110
250950;25050
250960;25060
250970;25900
250980;25030
250990;25020
251000;25100
251010;25080
251020;25070
251030;25080
251040;25900
251050;25900
251060;25900
251065;25900
251070;25040
251080;25040
251090;25900
251100;25900
251110;25900
251120;25010
251130;25070
251140;25080
251150;25110
251160;25030
251170;25030
251180;25030
251190;25010
251200;25050
251203;25060
251207;25060
251210;25900
251220;25900
251230;25900
251240;25020
251250;25020
251260;25040
251270;25050
251272;25090
251274;25120
251275;25110
251276;25900
251278;25900
251280;25900
251290;25010
251300;25040
251310;25110
251315;25020
251320;25100
251330;25060
251335;25070
251340;25040
251350;25070
251360;25070
251365;25060
251370;25010
251380;25040
251385;25900
251390;25900
251392;25900
251394;25900
251396;25900
251398;25100
251400;25900
251410;25900
251420;25100
251430;25070
251440;25040
251445;25110
251450;25060
251455;25900
251460;25040
251465;25900
251470;25040
251480;25900
251490;25040
251500;25110
251510;25050
251520;25900
251530;25900
251540;25900
251550;25900
251560;25030
251570;25070
251580;25020
251590;25030
251593;25030
251597;25900
251600;25900
251610;25900
251615;25080
251620;25100
251630;25900
251640;25120
251650;25900
251660;25900
251670;25040
251675;25900
251680;25060
251690;25060
251700;25020
251710;25040
251720;25100
251740;25900
260000;26000
260005;26010
260010;26900
260020;26900
260030;26900
260040;26900
260050;26900
260060;26900
260070;26900
260080;26900
260090;26900
260100;26900
260105;26010
260110;26900
260120;26900
260130;26900
260140;26900
260150;26900
260160;26900
260170;26900
260180;26900
260190;26900
260200;26900
260210;26900
260220;26900
260230;26900
260240;26900
260250;26900
260260;26900
260270;26900
260280;26900
260290;26010
260300;26900
260310;26900
260320;26900
260330;26900
260340;26900
260345;26010
260350;26900
260360;26900
260370;26900
260380;26900
260390;26900
260392;26900
260400;26900
260410;26900
260415;26900
260420;26900
260430;26900
260440;26900
260450;26900
260460;26900
260470;26900
260480;26900
260490;26900
260500;26900
260510;26900
260515;26900
260520;26900
260530;26900
260540;26900
260545;26900
260550;26900
260560;26900
260570;26900
260580;26900
260590;26900
260600;26900
260610;26900
260620;26900
260630;26900
260640;26900
260650;26900
260660;26900
260670;26900
260680;26010
260690;26900
260700;26900
260710;26900
260720;26010
260730;26900
260740;26900
260750;26900
260760;26010
260765;26900
260770;26900
260775;26010
260780;26900
260790;26010
260795;26900
260800;26900
260805;26900
260810;26900
260820;26900
260825;26900
260830;26900
260840;26900
260845;26900
260850;26900
260860;26900
260870;26900
260875;26020
260880;26900
260890;26900
260900;26900
260910;26900
260915;26900
260920;26900
260930;26900
260940;26010
260950;26900
260960;26010
260970;26900
260980;26020
260990;26900
261000;26900
261010;26900
261020;26900
261030;26900
261040;26900
261050;26900
261060;26900
261070;26010
261080;26900
261090;26900
261100;26900
261110;26020
261120;26900
261130;26900
261140;26900
261150;26900
261153;26900
261160;26010
261170;26900
261180;26900
261190;26900
261200;26900
261210;26900
261220;26900
261230;26900
261240;26900
261245;26900
261247;26900
261250;26900
261255;26900
261260;26020
261270;26900
261280;26900
261290;26900
261300;26900
261310;26900
261320;26900
261330;26900
261340;26900
261350;26900
261360;26900
261370;26010
261380;26900
261390;26900
261400;26900
261410;26900
261420;26900
261430;26900
261440;26900
261450;26900
261460;26900
261470;26900
261480;26900
261485;26900
261500;26900
261510;26900
261520;26900
261530;26900
261540;26900
261550;26900
261560;26900
261570;26900
261580;26900
261590;26900
261600;26900
261610;26900
261618;26900
261620;26900
261630;26900
261640;26900
261650;26900
270000;27000
270010;27070
270020;27030
270030;27020
270040;27010
270050;27010
270060;27010
270070;27900
270080;27050
270090;27900
270100;27030
270110;27040
270120;27050
270130;27030
270135;27040
270140;27060
270150;27020
270160;27900
270170;27030
270180;27080
270190;27030
270200;27020
270210;27040
270220;27010
270230;27060
270235;27020
270240;27070
270250;27080
270255;27050
270260;27020
270270;27900
270280;27040
270290;27020
270300;27040
270310;27050
270320;27900
270330;27070
270340;27900
270350;27040
270360;27900
270370;27020
270375;27900
270380;27040
270390;27040
270400;27020
270410;27020
270420;27020
270430;27010
270440;27050
270450;27900
270460;27080
270470;27010
270480;27030
270490;27030
270500;27070
270510;27040
270520;27010
270530;27050
270540;27900
270550;27040
270560;27040
270570;27080
270580;27070
270590;27020
270600;27080
270610;27080
270620;27900
270630;27050
270640;27900
270642;27070
270644;27010
270650;27900
270660;27030
270670;27900
270680;27900
270690;27010
270700;27030
270710;27070
270720;27080
270730;27040
270740;27900
270750;27900
270760;27030
270770;27010
270780;27060
270790;27010
270800;27080
270810;27040
270820;27020
270830;27040
270840;27900
270850;27040
270860;27060
270870;27900
270880;27020
270890;27010
270895;27080
270900;27030
270910;27020
270915;27060
270920;27020
270930;27040
270940;27030
280000;28000
280010;28900
280020;28900
280030;28010
280040;28900
280050;28900
280060;28010
280067;28900
280070;28900
280100;28900
280110;28900
280120;28900
280130;28900
280140;28900
280150;28900
280160;28900
280170;28900
280190;28900
280200;28900
280210;28900
280220;28900
280230;28900
280240;28900
280250;28900
280260;28900
280270;28900
280280;28900
280290;28900
280300;28900
280310;28900
280320;28900
280330;28900
280340;28900
280350;28900
280360;28900
280370;28900
280380;28900
280390;28900
280400;28900
280410;28900
280420;28900
280430;28900
280440;28900
280445;28900
280450;28900
280460;28900
280470;28900
280480;28010
280490;28900
280500;28900
280510;28900
280520;28900
280530;28900
280540;28900
280550;28900
280560;28900
280570;28900
280580;28900
280590;28900
280600;28900
280610;28900
280620;28900
280630;28900
280640;28900
280650;28900
280660;28900
280670;28010
280680;28900
280690;28900
280700;28900
280710;28900
280720;28900
280730;28900
280740;28900
280750;28900
280760;28900
290000;29000
290010;29900
290020;29900
290030;29900
290035;29900
290040;29900
290050;29900
290060;29900
290070;29900
290080;29900
290090;29900
290100;29900
290110;29021
290115;29900
290120;29900
290130;29900
290135;29900
290140;29900
290150;29022
290160;29900
290170;29022
290180;29900
290190;29900
290195;29900
290200;29900
290205;29900
290210;29900
290220;29900
290225;29900
290230;29900
290240;29900
290250;29900
290260;29900
290265;29900
290270;29900
290280;29900
290290;29900
290300;29900
290310;29900
290320;29900
290323;29900
290327;29900
290330;29900
290340;29900
290350;29900
290360;29900
290370;29900
290380;29900
290390;29900
290395;29900
290400;29900
290405;29900
290410;29900
290420;29900
290430;29900
290440;29900
290450;29900
290460;29900
290470;29900
290475;29900
290480;29900
290485;29900
290490;29900
290500;29900
290510;29900
290515;29900
290520;29900
290530;29900
290540;29900
290550;29900
290560;29900
290570;29010
290580;29900
290590;29900
290600;29900
290610;29900
290620;29900
290630;29900
290640;29022
290650;29010
290660;29900
290670;29900
290680;29900
290682;29900
290685;29900
290687;29900
290689;29900
290690;29900
290700;29900
290710;29900
290720;26020
290730;29900
290740;29900
290750;29900
290755;29900
290760;29900
290770;29900
290780;29900
290790;29900
290800;29900
290810;29900
290820;29021
290830;29900
290840;29900
290850;29021
290860;29900
290870;29900
290880;29900
290890;29022
290900;29900
290910;29900
290920;29900
290930;29900
290940;29900
290950;29900
290960;29900
290970;29900
290980;29900
290990;26020
291000;29900
291005;29010
291010;29900
291020;29900
291030;29900
291040;29900
291050;29900
291060;29900
291070;29900
291072;29900
291075;29900
291077;29900
291080;29021
291085;29900
291090;29900
291100;29900
291110;29900
291120;29900
291125;29900
291130;29900
291140;29900
291150;29900
291160;29900
291165;29900
291170;29900
291180;29900
291185;29900
291190;29900
291200;29900
291210;29900
291220;29900
291230;29900
291240;29900
291250;29900
291260;29900
291270;29900
291280;29900
291290;29900
291300;29900
291310;29900
291320;29900
291330;29900
291340;29900
291345;29900
291350;29900
291360;29900
291370;29900
291380;29022
291390;29900
291400;29900
291410;29900
291420;29900
291430;29900
291440;29900
291450;29022
291460;29900
291465;29900
291470;29900
291480;29900
291490;29900
291500;29900
291510;29900
291520;29900
291530;29900
291535;29900
291540;29900
291550;29900
291560;29900
291570;29900
291580;29900
291590;29900
291600;29900
291610;29010
291620;29900
291630;29900
291640;29900
291650;29900
291660;29900
291670;29900
291680;29900
291685;29900
291690;29900
291700;29900
291710;29900
291720;29900
291730;29900
291733;29900
291735;29900
291740;29900
291750;29900
291760;29900
291770;29900
291780;29900
291790;29900
291800;29900
291810;29900
291820;29900
291830;29900
291835;29900
291840;26020
291845;29900
291850;29900
291855;29900
291860;29900
291870;29900
291875;29900
291880;29900
291890;29900
291900;29900
291905;29900
291910;29900
291915;29900
291920;29010
291930;29900
291940;29900
291950;29900
291955;29900
291960;29900
291970;29900
291980;29900
291990;29900
291992;29010
291995;29900
292000;29900
292010;29900
292020;29900
292030;29900
292040;29900
292045;29900
292050;29900
292060;29900
292070;29900
292080;29900
292090;29900
292100;29010
292105;29900
292110;29900
292120;29900
292130;29900
292140;29900
292145;29900
292150;29900
292160;29900
292170;29900
292180;29900
292190;29900
292200;29900
292205;29900
292210;29900
292220;29900
292225;29900
292230;29900
292240;29900
292250;29900
292260;29900
292265;29900
292270;29900
292273;29900
292275;29900
292280;29900
292285;29900
292290;29900
292300;29900
292303;29900
292305;29900
292310;29900
292320;29900
292330;29900
292335;29900
292340;29900
292350;29900
292360;29900
292370;29900
292380;29900
292390;29900
292400;29900
292405;29900
292410;29900
292420;29900
292430;29900
292440;29900
292450;29900
292460;29900
292465;29900
292467;29900
292470;29900
292480;29900
292490;29900
292500;29900
292510;29900
292520;29010
292525;29900
292530;29900
292540;29900
292550;29900
292560;29900
292570;29900
292575;29900
292580;29900
292590;29900
292593;29900
292595;29900
292600;29900
292610;29900
292620;29900
292630;29022
292640;29900
292650;29900
292660;29900
292665;29900
292670;29900
292680;29900
292690;29900
292700;29900
292710;29900
292720;29900
292730;29900
292740;29010
292750;29022
292760;29900
292770;29900
292780;29900
292790;29900
292800;29900
292805;29900
292810;29900
292820;29900
292830;29022
292840;29900
292850;29900
292860;29900
292870;29900
292880;29900
292890;29900
292895;29900
292900;29900
292905;29900
292910;29900
292920;29010
292925;29900
292930;29021
292935;29900
292937;29900
292940;29900
292950;29010
292960;29900
292970;29900
292975;29900
292980;29900
292990;29900
293000;29900
293010;29900
293015;29900
293020;29900
293030;29900
293040;29022
293050;29900
293060;29900
293070;29010
293075;29900
293076;29900
293077;26020
293080;29900
293090;29900
293100;29900
293105;29900
293110;29021
293120;29900
293130;29900
293135;29900
293140;29900
293150;29900
293160;29900
293170;29900
293180;29900
293190;29900
293200;29900
293210;29900
293220;29900
293230;29900
293240;29900
293245;29900
293250;29900
293260;29900
293270;29900
293280;29900
293290;29900
293300;29900
293305;29900
293310;29900
293315;29900
293317;29900
293320;29010
293325;29900
293330;29900
293340;29900
293345;29900
293350;29900
293360;29900
310000;31000
310010;31900
310020;31900
310030;31900
310040;31900
310050;31022
310060;31900
310070;31900
310080;31900
310090;31900
310100;31900
310110;31900
310120;31900
310130;31900
310140;31900
310150;31900
310160;31900
310163;31900
310170;31900
310180;31900
310190;31900
310200;31900
310205;31900
310210;31900
310220;31900
310230;31900
310240;31900
310250;31900
310260;31900
310270;31900
310280;31900
310285;31900
310290;31900
310300;31022
310310;31900
310320;31900
310330;31900
310340;31900
310350;31900
310360;31900
310370;31900
310375;31900
310380;31900
310390;31900
310400;31900
310410;31900
310420;31900
310430;31900
310440;31900
310445;31900
310450;31900
310460;31900
310470;31900
310480;31900
310490;31900
310500;31011
310510;31900
310520;31900
310530;31900
310540;31012
310550;31900
310560;31900
310570;31900
310590;31900
310600;31900
310610;31900
310620;31011
310630;31022
310640;31012
310650;31900
310660;31900
310665;31900
310670;31011
310680;31900
310690;31900
310700;31900
310710;31900
310720;31900
310730;31900
310740;31900
310750;31900
310760;31900
310770;31012
310780;31022
310790;31900
310800;31900
310810;31012
310820;31900
310825;31900
310830;31900
310840;31900
310850;31900
310855;31900
310860;31900
310870;31900
310880;31022
310890;31900
310900;31011
310910;31900
310920;31900
310925;31022
310930;53010
310940;31900
310945;31900
310950;31900
310960;31900
310970;31900
310980;31900
310990;31900
311000;31011
311010;31900
311020;31900
311030;31900
311040;31900
311050;31900
311060;31900
311070;31900
311080;31900
311090;31900
311100;31900
311110;31900
311115;31900
311120;31900
311130;31900
311140;31900
311150;31900
311160;31900
311170;31900
311180;31900
311190;31900
311200;31900
311205;31900
311210;31900
311220;31900
311230;31900
311240;31900
311250;31011
311260;31900
311265;31900
311270;31900
311280;31900
311290;31900
311300;31900
311310;31900
311320;31900
311330;31900
311340;31022
311350;31900
311360;31900
311370;31900
311380;31900
311390;31900
311400;31900
311410;31900
311420;31900
311430;31900
311440;31900
311450;31900
311455;31900
311460;31900
311470;31900
311480;31900
311490;31900
311500;31900
311510;31900
311520;31900
311530;31900
311535;31900
311540;31900
311545;31900
311547;31900
311550;31900
311560;31900
311570;31900
311580;31900
311590;31900
311600;31900
311610;31900
311615;31900
311620;31900
311630;31900
311640;31900
311650;31900
311660;31900
311670;31900
311680;31900
311690;31900
311700;31900
311710;31900
311720;31900
311730;31900
311740;31900
311750;31900
311760;31900
311770;31900
311780;31900
311783;31900
311787;31011
311790;31900
311800;31900
311810;31900
311820;31900
311830;31900
311840;31900
311850;31900
311860;31011
311870;31900
311880;31900
311890;31900
311900;31900
311910;31900
311920;31900
311930;31900
311940;31021
311950;31900
311960;31900
311970;31900
311980;31900
311990;31900
311995;31900
312000;31022
312010;31900
312015;31900
312020;31900
312030;31900
312040;31900
312050;31900
312060;31900
312070;31900
312080;31900
312083;31900
312087;31900
312090;31900
312100;31900
312110;31900
312120;31900
312125;31900
312130;31900
312140;31900
312150;31900
312160;31900
312170;31900
312180;31022
312190;31900
312200;31900
312210;31900
312220;31900
312230;31900
312235;31900
312240;31900
312245;31900
312247;31900
312250;31022
312260;31900
312270;31900
312280;31900
312290;31900
312300;31900
312310;31900
312320;31900
312330;31900
312340;31900
312350;31900
312352;31900
312360;31900
312370;31900
312380;31900
312385;31022
312390;31900
312400;31900
312410;31011
312420;31900
312430;31900
312440;31900
312450;31900
312460;31900
312470;31900
312480;31900
312490;31900
312500;31900
312510;31900
312520;31900
312530;31900
312540;31900
312550;31900
312560;31900
312570;31900
312580;31900
312590;31900
312595;31900
312600;31011
312610;31900
312620;31900
312630;31900
312640;31012
312650;31900
312660;31900
312670;31900
312675;31900
312680;31900
312690;31900
312695;31900
312700;31900
312705;31900
312707;31900
312710;31900
312720;31012
312730;31900
312733;31900
312735;31900
312737;31900
312738;31900
312740;31900
312750;31900
312760;31900
312770;31900
312780;31900
312790;31900
312800;31900
312810;31900
312820;31900
312825;31900
312830;31900
312840;31900
312850;31900
312860;31900
312870;31900
312880;31900
312890;31900
312900;31900
312910;31900
312920;31900
312930;31022
312940;31900
312950;31900
312960;31900
312965;31900
312970;31900
312980;31011
312990;31900
313000;31900
313005;31900
313010;31011
313020;31900
313030;31900
313040;31900
313050;31900
313055;31900
313060;31900
313065;31900
313070;31900
313080;31900
313090;31900
313100;31012
313110;31900
313115;31022
313120;31900
313130;31021
313140;31900
313150;31900
313160;31900
313170;31900
313180;31900
313190;31012
313200;31900
313210;31900
313220;31011
313230;31900
313240;31900
313250;31900
313260;31900
313270;31900
313280;31900
313290;31900
313300;31900
313310;31900
313320;31900
313330;31900
313340;31900
313350;31900
313360;31900
313370;31011
313375;31900
313380;31012
313390;31900
313400;31900
313410;31900
313420;31900
313430;31900
313440;31900
313450;31900
313460;31011
313470;31900
313480;31900
313490;31900
313500;31022
313505;31900
313507;31900
313510;31900
313520;31900
313530;31900
313535;31900
313540;31900
313545;31900
313550;31900
313560;31900
313570;31900
313580;31900
313590;31900
313600;31900
313610;31022
313620;31900
313630;31900
313640;31900
313650;31900
313652;31900
313655;31900
313657;31900
313660;31011
313665;31011
313670;31900
313680;31900
313690;31900
313695;31900
313700;31900
313710;31900
313720;31900
313730;31900
313740;31900
313750;31900
313753;31900
313760;31011
313770;31900
313780;31900
313790;31900
313800;31900
313810;31900
313820;31900
313830;31900
313835;31900
313840;31900
313850;31900
313860;31900
313862;31900
313865;31900
313867;31900
313868;31900
313870;31900
313880;31900
313890;31900
313900;31900
313910;31900
313920;31900
313925;31900
313930;31900
313940;31900
313950;31900
313960;31900
313970;31900
313980;31900
313990;31900
314000;31900
314010;31900
314015;31011
314020;31900
314030;31022
314040;31900
314050;31900
314053;31900
314055;31900
314060;31900
314070;31011
314080;31900
314085;31900
314090;31900
314100;31900
314110;31011
314120;31900
314130;31900
314140;31900
314150;31900
314160;31900
314170;31022
314180;31900
314190;31900
314200;31900
314210;31900
314220;31900
314225;31900
314230;31012
314240;31900
314250;31900
314260;31900
314270;31900
314280;31900
314290;31900
314300;31900
314310;31900
314315;31900
314320;31900
314330;31900
314340;31900
314345;31900
314350;31900
314360;31900
314370;31900
314380;31900
314390;31900
314400;31900
314410;31900
314420;31900
314430;31900
314435;31022
314437;31900
314440;31900
314450;31900
314460;31900
314465;31900
314467;31900
314470;31900
314480;31011
314490;31900
314500;31900
314505;31900
314510;31900
314520;31900
314530;31900
314535;31900
314537;31900
314540;31900
314545;31900
314550;31900
314560;31900
314570;31900
314580;31900
314585;31900
314587;31900
314590;31900
314600;31900
314610;31900
314620;31900
314625;31900
314630;31900
314640;31900
314650;31900
314655;31900
314660;31900
314670;31900
314675;31900
314690;31900
314700;31900
314710;31012
314720;31900
314730;31900
314740;31900
314750;31900
314760;31900
314770;31900
314780;31900
314790;31900
314795;31900
314800;31900
314810;31900
314820;31900
314830;31900
314840;31900
314850;31900
314860;31900
314870;31900
314875;31900
314880;31900
314890;31900
314900;31900
314910;31900
314915;31900
314920;31900
314930;31011
314940;31900
314950;31900
314960;31900
314970;31900
314980;31900
314990;31900
314995;31022
315000;31900
315010;31900
315015;31900
315020;31900
315030;31900
315040;31900
315050;31900
315053;31022
315057;31900
315060;31900
315070;31900
315080;31900
315090;31900
315100;31900
315110;31900
315120;31900
315130;31900
315140;31900
315150;31900
315160;31900
315170;31900
315180;31900
315190;31900
315200;31900
315210;31900
315213;31900
315217;31900
315220;31900
315230;31900
315240;31900
315250;31900
315260;31900
315270;31900
315280;31900
315290;31900
315300;31900
315310;31900
315320;31900
315330;31900
315340;31900
315350;31900
315360;31012
315370;31900
315380;31900
315390;31011
315400;31900
315410;31900
315415;31900
315420;31900
315430;31900
315440;31900
315445;31900
315450;31900
315460;31011
315470;31900
315480;31011
315490;31900
315500;31900
315510;31900
315520;31900
315530;31011
315540;31900
315550;31900
315560;31900
315570;31900
315580;31900
315590;31900
315600;31900
315610;31900
315620;31900
315630;31900
315640;31900
315645;31900
315650;31900
315660;31900
315670;31011
315680;31900
315690;31900
315700;31900
315710;31900
315720;31012
315725;31900
315727;31900
315730;31900
315733;31900
315737;31900
315740;31900
315750;31900
315760;31900
315765;31900
315770;31900
315780;31011
315790;31900
315800;31900
315810;31900
315820;31900
315830;31900
315840;31900
315850;31900
315860;31900
315870;31900
315880;31900
315890;31900
315895;31021
315900;31900
315910;31900
315920;31900
315930;31900
315935;31900
315940;31900
315950;31900
315960;31900
315970;31900
315980;31900
315990;31900
316000;31900
316010;31900
316020;31900
316030;31900
316040;31900
316045;31900
316050;31900
316060;31900
316070;31900
316080;31900
316090;31900
316095;31900
316100;31900
316105;31900
316110;31900
316120;31900
316130;31900
316140;31900
316150;31900
316160;31900
316165;31900
316170;31900
316180;31900
316190;31012
316200;31900
316210;31900
316220;31900
316225;31900
316230;31900
316240;31900
316245;31900
316250;31900
316255;31900
316257;31900
316260;31022
316265;31900
316270;31900
316280;31900
316290;31900
316292;31011
316294;31900
316295;31011
316300;31900
316310;31012
316320;31900
316330;31900
316340;31022
316350;31900
316360;31900
316370;31900
316380;31900
316390;31900
316400;31900
316410;31900
316420;31900
316430;31900
316440;31900
316443;31900
316447;31900
316450;31900
316460;31900
316470;31900
316480;31900
316490;31900
316500;31900
316510;31900
316520;31900
316530;31900
316540;31900
316550;31900
316553;31011
316555;31900
316556;31900
316557;31900
316560;31900
316570;31900
316580;31900
316590;31900
316600;31900
316610;31900
316620;31900
316630;31900
316640;31900
316650;31900
316660;31900
316670;31900
316680;31900
316690;31900
316695;31900
316700;31900
316710;31900
316720;31012
316730;31900
316740;31900
316750;31900
316760;31900
316770;31022
316780;31900
316790;31900
316800;31900
316805;31900
316810;31900
316820;31900
316830;31011
316840;31900
316850;31900
316860;31900
316870;31021
316880;31900
316890;31900
316900;31900
316905;31900
316910;31900
316920;31900
316930;31900
316935;31900
316940;31900
316950;31900
316960;31900
316970;31900
316980;31900
316990;31900
317000;31900
317005;31900
317010;31900
317020;31900
317030;31900
317040;53010
317043;31900
317047;31900
317050;31900
317052;31900
317057;31022
317060;31900
317065;31900
317070;31900
317075;31900
317080;31900
317090;31900
317100;31900
317103;31900
317107;31900
317110;31900
317115;31900
317120;31011
317130;31900
317140;31900
317150;31900
317160;31900
317170;31900
317180;31900
317190;31900
317200;31900
317210;31900
317220;31900
320000;32000
320010;32900
320013;32900
320016;32900
320020;32900
320030;32900
320035;32900
320040;32900
320050;32900
320060;32900
320070;32900
320080;32900
320090;32900
320100;32900
320110;32900
320115;32900
320120;32900
320130;32010
320140;32900
320150;32900
320160;32900
320170;32900
320180;32900
320190;32900
320200;32900
320210;32900
320220;32010
320225;32900
320230;32900
320240;32010
320245;32900
320250;32900
320255;32900
320260;32900
320265;32900
320270;32900
320280;32900
320290;32900
320300;32900
320305;32900
320310;32900
320313;32900
320316;32900
320320;32900
320330;32900
320332;32900
320334;32900
320335;32900
320340;32900
320350;32900
320360;32900
320370;32900
320380;32900
320390;32900
320400;32900
320405;32900
320410;32900
320420;32900
320425;32900
320430;32900
320435;32900
320440;32900
320450;32900
320455;32900
320460;32900
320465;32900
320470;32900
320480;32900
320490;32900
320495;32900
320500;32010
320501;32900
320503;32900
320506;32900
320510;32010
320515;32900
320517;32900
320520;32010
320530;32010
330000;33000
330010;33900
330015;33900
330020;33900
330022;33900
330023;33900
330025;33900
330030;33900
330040;33900
330045;33010
330050;33900
330060;33900
330070;33900
330080;33010
330090;33900
330093;33900
330095;33900
330100;33900
330110;33900
330115;33900
330120;33900
330130;33900
330140;33900
330150;33900
330160;33900
330170;33010
330180;33900
330185;33010
330187;33900
330190;33010
330200;33010
330205;33900
330210;33900
330220;33900
330225;33900
330227;33010
330230;33900
330240;33900
330245;33900
330250;33010
330260;33900
330270;33010
330280;33900
330285;33010
330290;33900
330300;33900
330310;33900
330320;33010
330330;33010
330340;33900
330350;33010
330360;33010
330370;33900
330380;33900
330385;33900
330390;33900
330395;33900
330400;33900
330410;33900
330411;33900
330412;33900
330414;33010
330415;33900
330420;33900
330430;33010
330440;33900
330450;33900
330452;33900
330455;33010
330460;33900
330470;33900
330475;33900
330480;33900
330490;33010
330500;33900
330510;33010
330513;33900
330515;33900
330520;33900
330530;33900
330540;33900
330550;33900
330555;33010
330560;33900
330570;33900
330575;33010
330580;33900
330590;33900
330600;33900
330610;33900
330615;33900
330620;33900
330630;33900
350000;35000
350010;35900
350020;35900
350030;35900
350040;35900
350050;35900
350055;35900
350060;35060
350070;35900
350075;35070
350080;35900
350090;35900
350100;35900
350110;35900
350115;35070
350120;35900
350130;35900
350140;35900
350150;35900
350160;35030
350170;35900
350180;35900
350190;35900
350200;35060
350210;35900
350220;35900
350230;35900
350240;35900
350250;35043
350260;35900
350270;35900
350275;35070
350280;35900
350290;35070
350300;35900
350310;35900
350315;35044
350320;35900
350330;35060
350335;35900
350340;35900
350350;35044
350360;35900
350370;35900
350380;35030
350390;35010
350395;35900
350400;35900
350410;35900
350420;35900
350430;35900
350440;35900
350450;35900
350460;35900
350470;35900
350480;35900
350490;35044
350500;35900
350510;35900
350520;35900
350530;35900
350535;35900
350540;35900
350550;35900
350560;35900
350570;35010
350580;35900
350590;35900
350600;35900
350610;35900
350620;35900
350630;35900
350635;35020
350640;35900
350650;35900
350660;35010
350670;35900
350680;35900
350690;35900
350700;35070
350710;35900
350715;35900
350720;35900
350730;35900
350740;35900
350745;35900
350750;35900
350760;35900
350770;35900
350775;35900
350780;35900
350790;35900
350800;35900
350810;35900
350820;35900
350830;35900
350840;35050
350850;35041
350860;35043
350870;35900
350880;35900
350890;35900
350900;35010
350910;35900
350920;35010
350925;35900
350930;35900
350940;35900
350945;35900
350950;35030
350960;35050
350970;35042
350980;35900
350990;35900
350995;35043
351000;35900
351010;35900
351015;35900
351020;35900
351030;35070
351040;35060
351050;35045
351060;35010
351070;35900
351080;35900
351090;35900
351100;35900
351110;35900
351120;35900
351130;35900
351140;35900
351150;35070
351160;35070
351170;35060
351190;35900
351200;35900
351210;35900
351220;35060
351230;35900
351240;35060
351250;35900
351260;35900
351270;35060
351280;35030
351290;35900
351300;35010
351310;35900
351320;35900
351330;35900
351340;35044
351350;35020
351360;35043
351370;35900
351380;35010
351385;35900
351390;35900
351400;35900
351410;35900
351420;35900
351430;35900
351440;35900
351450;35900
351460;35900
351470;35900
351480;35900
351490;35060
351492;35900
351495;35900
351500;35010
351510;35010
351512;35900
351515;35030
351518;35900
351519;35900
351520;35900
351530;35900
351535;35900
351540;35900
351550;35900
351560;35900
351565;35900
351570;35010
351580;35900
351590;35900
351600;35900
351610;35900
351620;35900
351630;35010
351640;35010
351650;35900
351660;35900
351670;35900
351680;35900
351685;35900
351690;35900
351700;35900
351710;35900
351720;35900
351730;35900
351740;35900
351750;35900
351760;35900
351770;35900
351780;35900
351790;35900
351800;35900
351810;35900
351820;35900
351830;35010
351840;35043
351850;35900
351860;35900
351870;35020
351880;35010
351885;35900
351890;35900
351900;35900
351905;35030
351907;35030
351910;35900
351920;35900
351925;35900
351930;35900
351940;35900
351950;35900
351960;35900
351970;35070
351980;35900
351990;35900
352000;35900
352010;35900
352020;35041
352030;35900
352040;35045
352042;35900
352044;35900
352050;35030
352060;35900
352070;35900
352080;35900
352090;35900
352100;35070
352110;35060
352115;35900
352120;35900
352130;35900
352140;35060
352150;35900
352160;35900
352170;35900
352180;35900
352190;35900
352200;35900
352210;35020
352215;35900
352220;35010
352230;35900
352240;35900
352250;35010
352260;35900
352265;35900
352270;35900
352280;35900
352290;35900
352300;35900
352310;35010
352320;35900
352330;35900
352340;35030
352350;35900
352360;35900
352370;35900
352380;35900
352390;35070
352400;35050
352410;35900
352420;35900
352430;35900
352440;35041
352450;35900
352460;35900
352470;35030
352480;35900
352490;35041
352500;35010
352510;35900
352520;35050
352530;35900
352540;35900
352550;35900
352560;35900
352570;35900
352580;35900
352585;35070
352590;35050
352600;35900
352610;35900
352620;35010
352630;35042
352640;35900
352650;35900
352660;35044
352670;35060
352680;35900
352690;35060
352700;35900
352710;35900
352720;35043
352725;35900
352730;35050
352740;35900
352750;35900
352760;35900
352770;35900
352780;35900
352790;35900
352800;35900
352810;35900
352820;35900
352830;35900
352840;35070
352850;35010
352860;35900
352870;35900
352880;35900
352885;35900
352890;35900
352900;35900
352910;35900
352920;35900
352930;35900
352940;35010
352950;35900
352960;35900
352965;35900
352970;35900
352980;35900
352990;35900
353000;35900
353010;35900
353020;35900
353030;35900
353040;35900
353050;35900
353060;35010
353070;35900
353080;35900
353090;35060
353100;35900
353110;35020
353120;35900
353130;35900
353140;35900
353150;35900
353160;35900
353170;35041
353180;35030
353190;35900
353200;35030
353205;35900
353210;35900
353215;35900
353220;35900
353230;35042
353240;35900
353250;35900
353260;35900
353270;35900
353280;35900
353282;35900
353284;35900
353286;35900
353290;35900
353300;35900
353310;35900
353320;35900
353325;35900
353330;35900
353340;35030
353350;35900
353360;35900
353370;35900
353380;35900
353390;35900
353400;35900
353410;35900
353420;35900
353430;35900
353440;35010
353450;35900
353460;35900
353470;35900
353475;35900
353480;35900
353490;35900
353500;35900
353510;35900
353520;35900
353530;35900
353540;35900
353550;35900
353560;35041
353570;35900
353580;35900
353590;35900
353600;35900
353610;35900
353620;35900
353625;35900
353630;35900
353640;35900
353650;35030
353657;35900
353660;35900
353670;35900
353680;35900
353690;35900
353700;35900
353710;35030
353715;35900
353720;35900
353730;35900
353740;35900
353750;35900
353760;35020
353770;35900
353780;35070
353790;35070
353800;35042
353810;35900
353820;35900
353830;35900
353850;35043
353860;35900
353870;35060
353880;35900
353890;35900
353900;35900
353910;35010
353920;35900
353930;35900
353940;35900
353950;35900
353960;35900
353970;35900
353980;35010
353990;35900
354000;35900
354010;35900
354020;35900
354025;35900
354030;35900
354040;35900
354050;35900
354060;35070
354070;35900
354075;35043
354080;35900
354085;35900
354090;35900
354100;35020
354105;35900
354110;35900
354120;35900
354130;35900
354140;35900
354150;35900
354160;35900
354165;35900
354170;35900
354180;35900
354190;35044
354200;35900
354210;35060
354220;35900
354230;35042
354240;35900
354250;35900
354260;35900
354270;35900
354280;35900
354290;35900
354300;35900
354310;35900
354320;35900
354323;35900
354325;35900
354330;35010
354340;35900
354350;35900
354360;35900
354370;35900
354380;35900
354390;35060
354400;35060
354410;35010
354420;35900
354425;35900
354430;35043
354440;35900
354450;35900
354460;35900
354470;35900
354480;35900
354490;35900
354500;35010
354510;35900
354515;35060
354520;35070
354530;35070
354540;35900
354550;35900
354560;35900
354570;35900
354580;35030
354600;35041
354610;35900
354620;35900
354625;35900
354630;35900
354640;35900
354650;35900
354660;35900
354670;35060
354680;35010
354690;35900
354700;35060
354710;35900
354720;35900
354730;35010
354740;35900
354750;35900
354760;35900
354765;35900
354770;35900
354780;35010
354790;35900
354800;35030
354805;35900
354810;35900
354820;35042
354830;35900
354840;35900
354850;35020
354860;35042
354870;35010
354880;35010
354890;35900
354900;35900
354910;35900
354920;35900
354925;35900
354930;35900
354940;35900
354950;35900
354960;35044
354970;35900
354980;35900
354990;35041
354995;35010
355000;35042
355010;35900
355020;35070
355030;35010
355040;35060
355050;35900
355060;35070
355070;35045
355080;35900
355090;35900
355100;35020
355110;35070
355120;35900
355130;35900
355140;35900
355150;35900
355160;35900
355170;35900
355180;35900
355190;35900
355200;35044
355210;35900
355220;35070
355230;35900
355240;35030
355250;35010
355255;35900
355260;35900
355270;35900
355280;35010
355290;35900
355300;35900
355310;35900
355320;35900
355330;35900
355340;35900
355350;35070
355360;35900
355365;35900
355370;35900
355380;35900
355385;35900
355390;35900
355395;35900
355400;35070
355410;35042
355420;35900
355430;35900
355440;35900
355450;35070
355460;35900
355465;35900
355470;35900
355475;35900
355480;35042
355490;35900
355495;35900
355500;35900
355510;35900
355520;35900
355530;35900
355535;35900
355540;35045
355550;35900
355560;35900
355570;35900
355580;35900
355590;35900
355600;35900
355610;35900
355620;35030
355630;35900
355635;35900
355640;35900
355645;35010
355650;35050
355660;35900
355670;35030
355680;35900
355690;35900
355695;35900
355700;35070
355710;35900
355715;35900
355720;35900
355730;35900
410000;41000
410010;41900
410020;41010
410030;41010
410040;41010
410045;41060
410050;41040
410060;41900
410070;41040
410080;41020
410090;41900
410100;41900
410105;41070
410110;41900
410115;41030
410120;41900
410130;41900
410140;41050
410150;41020
410160;41900
410165;41050
410170;41060
410180;41010
410185;41050
410190;41020
410200;41080
410210;41030
410220;41030
410230;41010
410240;41900
410250;41060
410260;41900
410270;41900
410275;41900
410280;41020
410290;41900
410300;41060
410302;41900
410304;41900
410305;41070
410310;41010
410315;41900
410320;41030
410322;41900
410330;41050
410335;41070
410337;41040
410340;41900
410345;41070
410347;41040
410350;41050
410360;41900
410370;41020
410380;41030
410390;41060
410395;41900
410400;41010
410405;41070
410410;41010
410420;41010
410425;41010
410430;41060
410440;41900
410442;41900
410445;41900
410450;41900
410460;41070
410465;41900
410470;41900
410480;41070
410490;41900
410500;41070
410510;41020
410520;41010
410530;41070
410540;41900
410550;41900
410560;41040
410570;41900
410580;41010
410590;41900
410600;41900
410610;41900
410620;41010
410630;41070
410640;41900
410645;41900
410650;41900
410655;41060
410657;41900
410660;41040
410670;41900
410680;41900
410685;41050
410690;41010
410700;41900
410710;41900
410712;41070
410715;41080
410720;41900
410725;41040
410730;41030
410740;41900
410750;41060
410752;41040
410753;41080
410754;41900
410755;41060
410760;41050
410765;41010
410770;41060
410773;41900
410775;41900
410780;41030
410785;41900
410790;41030
410800;41020
410810;41030
410820;41900
410830;41900
410832;41040
410840;41900
410845;41900
410850;41900
410855;41050
410860;41060
410865;41900
410870;41050
410880;41080
410890;41900
410895;41900
410900;41900
410910;41900
410920;41020
410930;41070
410940;41900
410950;41900
410960;41900
410965;41900
410970;41900
410975;41070
410980;41020
410990;41040
411000;41030
411005;41070
411007;41900
411010;41900
411020;41900
411030;41900
411040;41900
411050;41900
411060;41040
411065;41070
411070;41900
411080;41060
411090;41900
411095;41900
411100;41900
411110;41030
411120;41900
411125;41010
411130;41900
411140;41900
411150;41050
411155;41040
411160;41030
411170;41900
411180;41900
411190;41020
411200;41900
411210;41030
411220;41060
411230;41900
411240;41900
411250;41050
411260;41900
411270;41020
411275;41070
411280;41900
411290;41900
411295;41060
411300;41900
411310;41050
411320;41010
411325;41900
411330;41900
411340;41900
411342;41050
411345;41070
411350;41900
411360;41030
411370;41020
411373;41060
411375;41050
411380;41020
411390;41900
411400;41060
411410;41030
411420;41030
411430;41010
411435;41900
411440;41900
411450;41900
411460;41080
411470;41040
411480;41030
411490;41050
411500;41900
411510;41040
411520;41030
411530;41900
411535;41080
411540;41900
411545;41900
411550;41050
411560;41070
411570;41900
411573;41900
411575;41050
411580;41900
411585;41080
411590;41900
411600;41020
411605;41900
411610;41060
411620;41900
411630;41030
411640;41900
411650;41900
411660;41900
411670;41070
411680;41060
411690;41030
411695;41900
411700;41900
411705;41900
411710;41900
411720;41040
411721;41900
411722;41080
411725;41900
411727;41900
411729;41050
411730;41900
411740;41030
411745;41080
411750;41030
411760;41900
411770;41900
411780;41900
411790;41080
411800;41900
411810;41900
411820;41900
411830;41900
411840;41900
411845;41080
411850;41900
411860;41900
411870;41900
411880;41060
411885;41040
411890;41040
411900;41900
411910;41010
411915;41010
411920;41900
411925;41900
411930;41900
411940;41900
411950;41010
411960;41900
411965;41020
411970;41900
411980;41900
411990;41900
411995;41900
412000;41020
412010;41900
412015;41900
412020;41900
412030;41900
412033;41020
412035;41900
412040;41030
412050;41020
412060;41900
412065;41060
412070;41900
412080;41010
412085;41080
412090;41900
412100;41900
412110;41060
412120;41010
412125;41900
412130;41020
412135;41060
412140;41900
412150;41900
412160;41900
412170;41900
412175;41900
412180;41900
412190;41900
412200;41900
412210;41050
412215;41900
412217;41050
412220;41010
412230;41010
412240;41020
412250;41060
412260;41900
412265;41050
412270;41020
412280;41900
412290;41900
412300;41900
412310;41900
412320;41900
412330;41900
412340;41030
412350;41080
412360;41900
412370;41900
412380;41900
412382;41070
412385;41900
412390;41900
412395;41900
412400;41900
412402;41070
412405;41900
412410;41900
412420;41900
412430;41900
412440;41900
412450;41900
412460;41900
412470;41900
412480;41900
412490;41900
412500;41050
412510;41900
412520;41900
412530;41030
412535;41040
412540;41900
412545;41080
412550;41010
412555;41900
412560;41900
412570;41900
412575;41080
412580;41050
412590;41900
412600;41900
412610;41900
412620;41900
412625;41030
412627;41900
412630;41900
412635;41900
412640;41020
412650;41020
412660;41900
412665;41900
412667;41020
412670;41900
412680;41040
412690;41040
412700;41900
412710;41900
412720;41060
412730;41900
412740;41080
412750;41900
412760;41010
412770;41080
412780;41900
412785;41070
412788;41010
412790;41040
412795;41080
412796;41900
412800;41060
412810;41040
412820;41900
412830;41900
412840;41020
412850;41900
412853;41900
412855;41070
412860;41900
412862;41040
412863;41010
412865;41900
412870;41900
412880;41040
420000;42000
420005;42111
420010;42102
420020;42092
420030;42092
420040;42111
420050;42081
420055;42081
420060;42011
420070;42012
420075;42111
420080;42102
420090;42012
420100;42072
420110;42012
420120;42011
420125;42022
420127;42111
420130;42031
420140;42052
420150;42062
420160;42111
420165;42081
420170;42022
420180;42092
420190;42092
420195;42052
420200;42041
420205;42032
420207;42052
420208;42101
420209;42101
420210;42032
420213;42032
420215;42101
420220;42022
420230;42011
420240;42021
420243;42072
420245;42042
420250;42072
420253;42102
420257;42102
420260;42072
420270;42022
420280;42062
420285;42092
420287;42111
420290;42022
420300;42111
420310;42102
420315;42111
420320;42041
420325;42072
420330;42032
420340;42072
420350;42102
420360;42111
420370;42012
420380;42032
420390;42111
420395;42061
420400;42111
420410;42082
420415;42111
420417;42072
420419;42092
420420;42081
420425;42051
420430;42111
420435;42081
420440;42081
420445;42102
420450;42032
420455;42071
420460;42051
420470;42101
420475;42082
420480;42072
420490;42101
420500;42101
420510;42092
420515;42022
420517;42102
420519;42052
420520;42111
420530;42082
420535;42101
420540;42011
420543;42102
420545;42051
420550;42111
420555;42072
420560;42102
420570;42012
420580;42032
420590;42021
420600;42011
420610;42062
420620;42061
420630;42022
420640;42101
420650;42032
420660;42101
420665;42081
420670;42111
420675;42111
420680;42111
420690;42091
420700;42051
420710;42022
420720;42062
420730;42062
420740;42092
420750;42021
420757;42111
420760;42111
420765;42101
420768;42102
420770;42111
420775;42101
420780;42111
420785;42102
420790;42032
420800;42082
420810;42032
420820;42041
420830;42042
420840;42101
420845;42032
420850;42091
420860;42111
420870;42052
420880;42062
420890;42032
420895;42102
420900;42111
420910;42031
420915;42092
420917;42102
420920;42111
420930;42071
420940;42062
420945;42082
420950;42092
420960;42052
420970;42111
420980;42012
420985;42111
420990;42092
421000;42022
421003;42111
421005;42111
421010;42032
421020;42012
421030;42032
421040;42052
421050;42101
421055;42082
421060;42032
421070;42111
421080;42052
421085;42092
421090;42102
421100;42102
421105;42111
421110;42032
421120;42051
421125;42052
421130;42041
421140;42081
421145;42081
421150;42012
421160;42051
421165;42102
421170;42062
421175;42072
421180;42111
421185;42102
421187;42081
421189;42072
421190;42011
421200;42102
421205;42072
421210;42082
421220;42032
421223;42101
421225;42052
421227;42082
421230;42012
421240;42062
421250;42041
421260;42111
421265;42062
421270;42092
421280;42042
421290;42081
421300;42111
421310;42111
421315;42081
421320;42021
421330;42072
421335;42072
421340;42082
421350;42042
421360;42032
421370;42092
421380;42052
421390;42111
421400;42092
421410;42092
421415;42101
421420;42082
421430;42012
421440;42111
421450;42092
421460;42092
421470;42022
421480;42091
421490;42062
421500;42032
421505;42072
421507;42102
421510;42022
421520;42101
421530;42092
421535;42102
421540;42111
421545;42062
421550;42072
421555;42101
421560;42062
421565;42052
421567;42092
421568;42102
421569;42102
421570;42011
421575;42102
421580;42032
421590;42012
421600;42081
421605;42072
421610;42102
421620;42032
421625;42101
421630;42012
421635;42032
421640;42052
421650;42072
421660;42011
421670;42101
421680;42072
421690;42102
421700;42062
421710;42062
421715;42102
421720;42101
421725;42011
421730;42081
421740;42032
421750;42081
421755;42082
421760;42051
421770;42052
421775;42082
421780;42091
421790;42111
421795;42102
421800;42012
421810;42052
421820;42021
421825;42111
421830;42032
421835;42052
421840;42062
421850;42111
421860;42092
421870;42061
421875;42101
421880;42052
421885;42082
421890;42072
421895;42072
421900;42052
421910;42082
421915;42111
421917;42111
421920;42092
421930;42111
421935;42092
421940;42092
421950;42081
421960;42082
421970;42081
421985;42111
422000;42052
430000;43000
430003;43900
430005;43900
430010;43900
430020;43900
430030;43900
430040;43900
430045;43900
430047;43900
430050;43900
430055;43900
430057;43900
430060;43010
430063;43900
430064;43900
430066;43900
430070;43900
430080;43030
430085;43900
430087;43010
430090;43900
430100;43900
430105;43020
430107;43040
430110;43010
430120;43900
430130;43900
430140;43900
430150;43900
430155;43900
430160;43900
430163;43020
430165;43900
430170;43900
430175;43900
430180;43900
430185;43900
430187;43900
430190;43900
430192;43900
430195;43900
430200;43900
430205;43900
430210;43030
430215;43900
430220;43900
430222;43900
430223;43900
430225;43900
430230;43900
430235;43900
430237;43900
430240;43900
430245;43900
430250;43900
430258;43900
430260;43900
430265;43900
430270;43900
430280;43900
430290;43900
430300;43900
430310;43010
430320;43900
430330;43900
430340;43900
430350;43900
430355;43900
430360;43900
430367;43900
430370;43900
430380;43900
430390;43010
430400;43900
430410;43900
430420;43900
430430;43900
430435;43900
430440;43900
430450;43900
430460;43010
430461;43900
430462;43900
430463;43020
430465;43900
430466;43040
430467;43020
430468;43010
430469;43900
430470;43900
430471;43020
430480;43030
430485;43900
430490;43900
430495;43900
430500;43900
430510;43030
430511;43900
430512;43900
430513;43900
430515;43900
430517;43900
430520;43900
430530;43900
430535;43010
430537;43900
430540;43900
430543;43900
430544;43900
430545;43020
430550;43900
430558;43900
430560;43900
430570;43900
430580;43900
430583;43900
430585;43900
430587;43900
430590;43900
430593;43900
430595;43900
430597;43900
430600;43900
430605;43900
430607;43900
430610;43900
430613;43900
430620;43900
430630;43900
430632;43900
430635;43900
430637;43900
430640;43010
430642;43900
430645;43900
430650;43900
430655;43020
430660;43900
430670;43900
430673;43900
430675;43900
430676;43010
430680;43900
430690;43900
430692;43900
430693;43900
430695;43900
430697;43900
430700;43900
430705;43900
430710;43900
430720;43900
430730;43900
430740;43900
430745;43900
430750;43900
430755;43900
430760;43010
430770;43010
430780;43900
430781;43900
430783;43900
430786;43900
430790;43030
430800;43900
430805;43900
430807;43900
430810;43900
430820;43030
430825;43900
430830;43900
430840;43900
430843;43900
430845;43900
430850;43900
430860;43030
430865;43900
430870;43900
430880;43900
430885;43900
430890;43900
430900;43900
430905;43010
430910;43900
430912;43900
430915;43900
430920;43010
430925;43900
430930;43010
430940;43900
430950;43900
430955;43900
430957;43900
430960;43900
430965;43900
430970;43900
430975;43900
430980;43900
430990;43900
430995;43900
431000;43900
431010;43010
431020;43900
431030;43900
431033;43020
431036;43900
431040;43900
431041;43900
431043;43030
431046;43900
431050;43900
431053;43900
431055;43900
431057;43900
431060;43900
431065;43020
431070;43900
431075;43900
431080;43010
431085;43900
431087;43900
431090;43900
431100;43900
431110;43900
431112;43900
431113;43900
431115;43900
431120;43900
431123;43900
431125;43900
431127;43900
431130;43900
431140;43900
431142;43900
431150;43900
431160;43900
431162;43900
431164;43900
431170;43900
431171;43900
431173;43020
431175;43900
431177;43020
431179;43900
431180;43900
431190;43900
431198;43900
431200;43900
431205;43900
431210;43900
431213;43900
431215;43900
431217;43900
431220;43900
431225;43900
431230;43900
431235;43900
431237;43900
431238;43030
431240;43010
431242;43900
431244;43020
431245;43900
431247;43900
431250;43900
431260;43900
431261;43900
431262;43900
431265;43900
431267;43900
431270;43900
431275;43900
431280;43900
431290;43900
431295;43900
431300;43900
431301;43900
431303;43900
431306;43010
431308;43030
431310;43900
431320;43900
431330;43900
431333;43900
431335;43900
431337;43010
431339;43900
431340;43010
431342;43900
431344;43900
431346;43900
431349;43900
431350;43020
431360;43900
431365;43020
431370;43900
431380;43900
431390;43900
431395;43900
431400;43900
431402;43900
431403;43900
431405;43010
431406;43900
431407;43900
431410;43900
431413;43900
431415;43900
431417;43900
431420;43900
431430;43900
431440;43040
431442;43900
431445;43900
431446;43900
431447;43900
431449;43900
431450;43900
431453;43030
431454;43030
431455;43900
431460;43900
431470;43900
431475;43900
431477;43900
431478;43900
431480;43010
431490;43010
431500;43900
431505;43900
431507;43900
431510;43900
431513;43900
431514;43900
431515;43900
431517;43900
431520;43900
431530;43900
431531;43900
431532;43900
431535;43900
431540;43900
431545;43900
431550;43900
431555;43900
431560;43040
431570;43900
431575;43900
431580;43900
431590;43900
431595;43900
431600;43010
431610;43900
431620;43900
431630;43900
431640;43900
431642;43900
431643;43900
431645;43900
431647;43900
431650;43900
431660;43900
431670;43900
431673;43900
431675;43900
431680;43900
431690;43900
431695;43900
431697;43900
431700;43900
431710;43900
431720;43900
431725;43030
431730;43900
431740;43900
431750;43900
431755;43900
431760;43010
431770;43900
431775;43900
431780;43900
431790;43900
431795;43900
431800;43900
431805;43900
431810;43900
431820;43900
431830;43900
431840;43010
431842;43900
431843;43900
431844;43900
431845;43900
431846;43900
431848;43900
431849;43900
431850;43040
431860;43900
431861;43900
431862;43900
431870;43010
431880;43900
431890;43900
431900;43030
431910;43900
431912;43900
431915;43900
431920;43900
431930;43900
431935;43900
431936;43900
431937;43900
431940;43900
431950;43010
431960;43900
431970;43900
431971;43900
431973;43900
431975;43900
431980;43900
431990;43010
432000;43010
432010;43900
432020;43900
432023;43900
432026;43900
432030;43900
432032;43900
432035;43900
432040;43900
432045;43900
432050;43900
432055;43900
432057;43900
432060;43900
432065;43900
432067;43900
432070;43900
432080;43900
432085;43900
432090;43900
432100;43900
432110;43900
432120;43010
432130;43900
432132;43900
432135;43900
432140;43900
432143;43020
432145;43900
432146;43900
432147;43900
432149;43900
432150;43020
432160;43020
432162;43900
432163;43900
432166;43020
432170;43900
432180;43900
432183;43020
432185;43900
432190;43900
432195;43900
432200;43010
432210;43900
432215;43900
432218;43900
432220;43900
432225;43900
432230;43900
432232;43900
432234;43900
432235;43900
432237;43900
432240;43900
432250;43900
432252;43900
432253;43900
432254;43900
432255;43900
432260;43900
432270;43900
432280;43900
432285;43900
432290;43900
432300;43010
432310;43900
432320;43900
432330;43900
432335;43900
432340;43900
432345;43900
432350;43900
432360;43900
432370;43900
432375;43900
432377;43900
432380;43020
500000;50000
500020;50900
500025;50900
500060;50900
500070;50900
500080;50900
500085;50900
500090;50900
500100;50900
500110;50900
500124;50900
500150;50900
500190;50900
500200;50900
500210;50900
500215;50900
500220;50900
500230;50900
500240;50900
500260;50900
500270;50900
500280;50900
500290;50900
500295;50900
500310;50900
500315;50900
500320;50900
500325;50900
500330;50900
500345;50900
500348;50900
500350;50900
500370;50900
500375;50900
500380;50900
500390;50900
500400;50900
500410;50900
500430;50900
500440;50900
500450;50900
500460;50900
500470;50900
500480;50900
500490;50900
500500;50900
500510;50900
500515;50900
500520;50900
500525;50900
500540;50900
500560;50900
500568;50900
500570;50900
500580;50900
500600;50900
500620;50900
500625;50900
500627;50900
500630;50900
500635;50900
500640;50900
500660;50900
500690;50900
500710;50900
500720;50900
500730;50900
500740;50900
500750;50900
500755;50900
500769;50900
500770;50900
500780;50900
500790;50900
500793;50900
500795;50900
500797;50900
500800;50900
500830;50900
500840;50900
510000;51000
510010;51012
510020;51900
510025;51900
510030;51900
510035;51900
510040;51900
510050;51900
510060;51900
510080;51900
510100;51900
510120;51900
510125;51900
510130;51900
510140;51900
510160;51012
510170;51900
510180;51900
510185;51900
510190;51900
510250;51900
510260;51900
510263;51900
510267;51900
510268;51900
510269;51900
510270;51900
510279;51900
510285;51900
510300;51012
510305;51900
510310;51900
510320;51900
510325;51900
510330;51900
510335;51900
510336;51900
510337;51900
510340;51011
510343;51900
510345;51900
510350;51900
510360;51900
510370;51900
510380;51900
510385;51900
510390;51900
510395;51900
510410;51900
510420;51900
510450;51900
510452;51900
510454;51900
510455;51900
510460;51900
510480;51900
510490;51012
510500;51900
510510;51900
510515;51900
510517;51900
510520;51900
510523;51900
510525;51900
510530;51900
510550;51900
510558;51900
510560;51900
510562;51900
510590;51012
510600;51900
510610;51011
510615;51900
510617;51900
510618;51900
510619;51900
510620;51012
510621;51900
510622;51900
510623;51900
510624;51900
510625;51900
510626;51900
510627;51900
510628;51900
510629;51900
510630;51900
510631;51900
510637;51900
510642;51900
510645;51012
510650;51012
510665;51900
510670;51900
510675;51900
510677;51900
510680;51900
510682;51900
510685;51900
510700;51900
510704;51900
510706;51900
510710;51900
510715;51900
510718;51900
510719;51900
510720;51900
510724;51900
510726;51900
510729;51900
510730;51900
510735;51900
510740;51900
510757;51900
510760;51900
510770;51012
510774;51900
510775;51900
510776;51900
510777;51900
510779;51900
510780;51011
510785;51900
510787;51900
510788;51900
510790;51900
510792;51900
510794;51900
510795;51900
510800;51900
510805;51900
510810;51900
510820;51900
510830;51900
510835;51900
510840;51011
510850;51900
510860;51900
510880;51900
510885;51900
510890;51900
510895;51900
520000;52000
520005;52010
520010;53010
520013;52900
520015;52900
520017;53010
520020;52900
520025;53010
520030;53010
520040;52980
520050;52900
520055;52900
520060;52900
520070;52980
520080;52900
520082;52900
520085;52900
520090;52900
520100;52980
520110;52900
520120;52900
520130;52900
520140;52010
520145;52900
520150;52900
520160;52900
520170;52900
520180;52010
520190;52980
520200;52980
520210;52980
520215;52900
520220;52980
520230;52980
520235;52900
520240;52980
520250;52900
520255;52980
520260;52900
520270;52980
520280;52900
520290;52980
520300;52980
520310;52900
520320;52900
520330;52010
520340;52900
520350;52900
520355;52010
520357;52900
520360;52010
520370;52980
520380;52900
520390;52900
520393;52900
520396;52900
520400;53010
520410;52900
520420;52900
520425;52900
520430;52900
520440;52900
520450;52900
520455;52010
520460;52900
520465;52900
520470;52900
520480;52900
520485;52900
520490;52900
520495;52900
520500;52900
520505;52900
520510;52900
520520;52010
520530;52900
520540;52900
520545;52900
520547;52900
520549;53010
520550;52980
520551;53010
520552;52900
520560;52980
520570;52900
520580;53010
520590;52900
520600;52980
520610;52980
520620;53010
520630;52900
520640;52900
520650;52900
520660;52900
520670;52900
520680;52900
520690;52900
520700;52980
520710;52900
520720;52980
520725;52900
520730;52980
520735;52900
520740;52900
520750;52900
520753;52900
520755;52980
520760;52900
520765;52980
520770;52980
520780;52900
520790;52900
520800;53010
520810;52900
520815;52900
520820;52980
520830;52900
520840;52010
520850;52900
520860;52900
520870;52010
520880;52010
520890;52900
520900;52980
520910;52900
520915;52900
520920;52010
520929;52900
520930;52980
520940;52900
520945;52900
520950;52980
520960;52900
520970;52010
520980;52900
520990;52900
520993;52900
520995;52900
521000;52010
521010;52900
521015;52900
521020;52900
521030;52900
521040;52900
521050;52980
521056;52900
521060;52900
521070;52980
521080;52900
521090;52900
521100;52900
521110;52980
521120;52900
521130;52900
521140;52900
521150;52900
521160;52900
521170;52900
521180;52900
521190;52900
521200;52900
521205;52900
521210;52900
521220;52900
521225;52900
521230;52900
521240;52980
521250;53010
521260;52900
521270;52900
521280;52900
521290;52900
521295;52900
521300;52900
521305;53010
521308;52900
521310;52900
521320;52980
521330;52980
521340;52900
521350;52900
521360;52980
521370;52900
521375;52900
521377;52900
521380;52900
521385;52900
521390;52900
521400;52900
521405;52900
521410;52900
521420;52980
521430;52980
521440;52900
521450;52010
521460;52900
521470;52900
521480;52900
521483;52900
521486;52900
521487;52900
521488;52980
521490;52900
521500;52010
521510;52980
521520;52900
521523;53010
521525;52900
521530;52900
521540;52900
521550;52900
521560;53010
521565;52900
521570;52900
521575;52980
521580;52900
521590;52900
521600;52900
521610;52980
521620;52980
521630;52900
521640;52900
521645;52900
521650;52980
521660;52980
521670;52980
521680;52900
521690;52900
521700;52980
521710;52900
521720;52900
521730;53010
521740;52900
521750;52980
521760;53010
521770;52900
521780;52980
521790;52980
521800;52900
521805;52900
521810;52900
521820;52980
521830;52900
521839;52900
521840;52980
521850;52900
521860;52900
521870;52900
521875;52980
521878;52900
521880;52900
521890;52900
521900;52900
521910;52900
521920;52900
521925;52900
521930;52900
521935;52900
521940;52900
521945;52900
521950;52900
521960;52900
521970;52900
521971;52900
521973;52010
521975;53010
521980;52900
521990;52900
522000;52900
522005;52900
522010;52900
522015;52900
522020;52900
522026;52900
522028;52900
522030;52980
522040;52900
522045;52010
522050;52900
522060;52900
522065;52980
522068;52900
522070;52900
522080;52980
522090;52980
522100;52900
522108;52900
522110;52980
522119;52010
522120;52980
522130;52900
522140;52010
522145;52900
522150;52900
522155;52900
522157;52900
522160;52900
522170;52900
522180;52900
522185;53010
522190;52900
522200;52900
522205;52900
522208;52980
522210;52980
522220;53010
522230;52900
530010;53010
