GEOCODIGO;COD_MESO
1100015;1102
1100023;1102
1100031;1102
1100049;1102
1100056;1102
1100064;1102
1100072;1102
1100080;1101
1100098;1102
1100106;1101
1100114;1102
1100122;1102
1100130;1102
1100148;1102
1100155;1102
1100189;1102
1100205;1101
1100254;1102
1100262;1102
1100288;1102
1100296;1102
1100304;1102
1100320;1102
1100338;1101
1100346;1102
1100379;1102
1100403;1102
1100452;1101
1100502;1102
1100601;1102
1100700;1101
1100809;1101
1100908;1102
1100924;1102
1100940;1101
1101005;1102
1101104;1101
1101203;1102
1101302;1102
1101401;1102
1101435;1102
1101450;1102
1101468;1102
1101476;1102
1101484;1102
1101492;1101
1101500;1102
1101559;1102
1101609;1102
1101708;1102
1101757;1102
1101807;1102
1200013;1202
1200054;1202
1200104;1202
1200138;1202
1200179;1202
1200203;1201
1200252;1202
1200302;1201
1200328;1201
1200336;1201
1200344;1202
1200351;1201
1200385;1202
1200393;1201
1200401;1202
1200427;1201
1200435;1202
1200450;1202
1200500;1202
1200609;1201
1200708;1202
1200807;1202
1300029;1303
1300060;1302
1300086;1303
1300102;1303
1300144;1304
1300201;1302
1300300;1303
1300409;1301
1300508;1303
1300607;1302
1300631;1303
1300680;1303
1300706;1304
1300805;1304
1300839;1303
1300904;1304
1301001;1302
1301100;1303
1301159;1303
1301209;1303
1301308;1303
1301407;1302
1301506;1302
1301605;1302
1301654;1302
1301704;1304
1301803;1302
1301852;1303
1301902;1303
1301951;1302
1302009;1303
1302108;1301
1302207;1302
1302306;1302
1302405;1304
1302504;1303
1302553;1303
1302603;1303
1302702;1304
1302801;1301
1302900;1303
1303007;1303
1303106;1303
1303205;1301
1303304;1304
1303403;1303
1303502;1304
1303536;1303
1303569;1303
1303601;1301
1303700;1302
1303809;1301
1303908;1302
1303957;1303
1304005;1303
1304062;1302
1304104;1304
1304203;1303
1304237;1302
1304260;1303
1304302;1303
1304401;1303
1400027;1401
1400050;1401
1400100;1401
1400159;1401
1400175;1401
1400209;1402
1400233;1402
1400282;1402
1400308;1402
1400407;1401
1400456;1401
1400472;1402
1400506;1402
1400605;1402
1400704;1401
1500107;1504
1500131;1506
1500206;1504
1500305;1502
1500347;1506
1500404;1501
1500503;1501
1500602;1505
1500701;1502
1500800;1503
1500859;1505
1500909;1504
1500958;1504
1501006;1505
1501105;1502
1501204;1504
1501253;1506
1501303;1503
1501402;1503
1501451;1501
1501501;1503
1501576;1506
1501600;1504
1501709;1504
1501725;1505
1501758;1506
1501782;1506
1501808;1502
1501907;1503
1501956;1504
1502004;1502
1502103;1504
1502152;1506
1502202;1504
1502301;1504
1502400;1503
1502509;1502
1502608;1504
1502707;1506
1502756;1504
1502764;1506
1502772;1506
1502806;1502
1502855;1501
1502905;1504
1502939;1506
1502954;1506
1503002;1501
1503044;1506
1503077;1504
1503093;1506
1503101;1502
1503200;1504
1503309;1504
1503408;1503
1503457;1504
1503507;1504
1503606;1505
1503705;1506
1503754;1505
1503804;1506
1503903;1501
1504000;1504
1504059;1504
1504109;1504
1504208;1506
1504307;1504
1504406;1504
1504422;1503
1504455;1505
1504505;1502
1504604;1504
1504703;1504
1504752;1501
1504802;1501
1504901;1502
1504950;1504
1504976;1506
1505007;1504
1505031;1505
1505064;1506
1505106;1501
1505205;1504
1505304;1501
1505403;1504
1505437;1506
1505486;1505
1505494;1506
1505502;1506
1505536;1506
1505551;1506
1505601;1504
1505635;1506
1505650;1501
1505700;1502
1505809;1502
1505908;1501
1506005;1501
1506104;1504
1506112;1504
1506138;1506
1506161;1506
1506187;1506
1506195;1505
1506203;1504
1506302;1502
1506351;1503
1506401;1502
1506500;1503
1506559;1504
1506583;1506
1506609;1504
1506708;1506
1506807;1501
1506906;1504
1507003;1503
1507102;1504
1507151;1506
1507201;1504
1507300;1506
1507409;1504
1507458;1506
1507466;1504
1507474;1504
1507508;1506
1507607;1504
1507706;1502
1507755;1506
1507805;1505
1507904;1502
1507953;1504
1507961;1504
1507979;1501
1508001;1504
1508035;1504
1508050;1505
1508084;1506
1508100;1506
1508126;1506
1508159;1505
1508209;1504
1508308;1504
1508357;1505
1508407;1506
1600055;1602
1600105;1601
1600154;1602
1600204;1601
1600212;1602
1600238;1602
1600253;1602
1600279;1602
1600303;1602
1600402;1602
1600501;1601
1600535;1602
1600550;1601
1600600;1602
1600709;1601
1600808;1602
1700251;1701
1700301;1701
1700350;1701
1700400;1702
1700707;1701
1701002;1701
1701051;1701
1701101;1702
1701309;1701
1701903;1701
1702000;1701
1702109;1701
1702158;1701
1702208;1701
1702307;1701
1702406;1702
1702554;1701
1702703;1702
1702901;1701
1703008;1701
1703057;1701
1703073;1702
1703107;1701
1703206;1701
1703305;1702
1703602;1701
1703701;1701
1703800;1701
1703826;1701
1703842;1702
1703867;1701
1703883;1701
1703891;1701
1703909;1701
1704105;1702
1704600;1701
1705102;1702
1705508;1701
1705557;1702
1705607;1702
1706001;1701
1706100;1701
1706258;1701
1706506;1701
1707009;1702
1707108;1701
1707207;1701
1707306;1701
1707405;1701
1707553;1701
1707652;1701
1707702;1701
1708205;1701
1708254;1701
1708304;1701
1709005;1702
1709302;1701
1709500;1701
1709807;1702
1710508;1702
1710706;1701
1710904;1702
1711100;1701
1711506;1701
1711803;1701
1711902;1701
1711951;1702
1712009;1702
1712157;1702
1712405;1702
1712454;1701
1712504;1701
1712702;1702
1712801;1701
1713205;1701
1713304;1701
1713601;1702
1713700;1701
1713809;1701
1713957;1701
1714203;1702
1714302;1701
1714880;1701
1715002;1701
1715101;1702
1715150;1702
1715259;1702
1715507;1701
1715705;1701
1715754;1701
1716109;1701
1716208;1702
1716307;1701
1716505;1702
1716604;1701
1716653;1701
1716703;1701
1717008;1702
1717206;1701
1717503;1701
1717800;1702
1717909;1702
1718006;1702
1718204;1702
1718303;1701
1718402;1701
1718451;1701
1718501;1702
1718550;1701
1718659;1702
1718709;1701
1718758;1702
1718808;1701
1718840;1701
1718865;1701
1718881;1702
1718899;1701
1718907;1702
1719004;1702
1720002;1701
1720101;1701
1720150;1702
1720200;1701
1720259;1701
1720309;1701
1720499;1702
1720655;1702
1720804;1701
1720853;1701
1720903;1702
1720937;1702
1720978;1701
1721000;1702
1721109;1702
1721208;1701
1721257;1701
1721307;1701
1722081;1701
1722107;1701
2100055;2102
2100105;2104
2100154;2104
2100204;2101
2100303;2104
2100402;2102
2100436;2104
2100477;2102
2100501;2105
2100550;2102
2100600;2102
2100709;2101
2100808;2104
2100832;2101
2100873;2102
2100907;2104
2100956;2103
2101004;2101
2101103;2101
2101202;2103
2101251;2101
2101301;2101
2101350;2101
2101400;2105
2101509;2104
2101608;2103
2101707;2101
2101731;2104
2101772;2101
2101806;2105
2101905;2101
2101939;2103
2101970;2102
2102002;2102
2102036;2102
2102077;2103
2102101;2104
2102150;2102
2102200;2104
2102309;2104
2102325;2102
2102358;2102
2102374;2101
2102408;2101
2102507;2101
2102556;2105
2102606;2102
2102705;2101
2102754;2104
2102804;2105
2102903;2102
2103000;2104
2103109;2101
2103125;2101
2103158;2102
2103174;2102
2103208;2104
2103257;2102
2103307;2104
2103406;2104
2103505;2104
2103554;2101
2103604;2104
2103703;2101
2103752;2102
2103802;2103
2103901;2104
2104008;2103
2104057;2105
2104073;2105
2104081;2103
2104099;2103
2104107;2105
2104206;2103
2104305;2102
2104404;2103
2104503;2103
2104552;2102
2104602;2103
2104628;2103
2104651;2102
2104677;2102
2104701;2103
2104800;2103
2104909;2101
2105005;2101
2105104;2101
2105153;2101
2105203;2103
2105302;2102
2105351;2103
2105401;2101
2105427;2102
2105450;2104
2105476;2103
2105500;2102
2105609;2103
2105658;2102
2105708;2102
2105807;2103
2105906;2103
2105922;2104
2105948;2103
2105963;2102
2105989;2102
2106003;2103
2106102;2105
2106201;2102
2106300;2104
2106326;2102
2106359;2102
2106375;2102
2106409;2104
2106508;2101
2106607;2104
2106631;2101
2106672;2104
2106706;2104
2106755;2101
2106805;2101
2106904;2101
2107001;2102
2107100;2101
2107209;2101
2107258;2105
2107308;2104
2107357;2102
2107407;2103
2107456;2101
2107506;2101
2107605;2101
2107704;2104
2107803;2104
2107902;2104
2108009;2104
2108058;2101
2108108;2102
2108207;2103
2108256;2101
2108306;2101
2108405;2101
2108454;2104
2108504;2102
2108603;2101
2108702;2103
2108801;2101
2108900;2103
2109007;2105
2109056;2101
2109106;2103
2109205;2101
2109239;2102
2109270;2101
2109304;2101
2109403;2101
2109452;2101
2109502;2105
2109551;2102
2109601;2101
2109700;2105
2109759;2103
2109809;2101
2109908;2102
2110005;2102
2110039;2102
2110104;2104
2110203;2101
2110237;2104
2110278;2101
2110302;2103
2110401;2104
2110500;2101
2110609;2104
2110658;2105
2110708;2103
2110807;2105
2110856;2102
2110906;2104
2111003;2101
2111029;2102
2111052;2105
2111078;2104
2111102;2104
2111201;2101
2111250;2103
2111300;2101
2111409;2103
2111508;2103
2111532;2102
2111573;2105
2111607;2105
2111631;2103
2111672;2103
2111706;2101
2111722;2103
2111748;2103
2111763;2102
2111789;2101
2111805;2103
2111904;2104
2111953;2104
2112001;2105
2112100;2104
2112209;2104
2112233;2103
2112274;2102
2112308;2103
2112407;2102
2112456;2102
2112506;2101
2112605;2104
2112704;2101
2112803;2101
2112852;2102
2112902;2101
2113009;2102
2114007;2102
2200053;2204
2200103;2202
2200202;2202
2200251;2204
2200277;2204
2200301;2202
2200400;2202
2200459;2203
2200509;2202
2200608;2202
2200707;2203
2200806;2203
2200905;2202
2200954;2204
2201002;2202
2201051;2202
2201101;2203
2201150;2203
2201176;2202
2201200;2201
2201309;2203
2201408;2202
2201507;2201
2201556;2204
2201572;2204
2201606;2202
2201705;2203
2201739;2204
2201770;2201
2201804;2204
2201903;2203
2201919;2201
2201929;2203
2201945;2202
2201960;2201
2201988;2203
2202000;2201
2202026;2202
2202059;2201
2202075;2204
2202083;2201
2202091;2204
2202109;2204
2202117;2204
2202133;2204
2202174;2201
2202208;2202
2202251;2203
2202307;2203
2202406;2202
2202455;2204
2202505;2203
2202539;2201
2202554;2204
2202604;2202
2202653;2201
2202703;2201
2202711;2202
2202729;2201
2202737;2202
2202752;2203
2202778;2204
2202802;2204
2202851;2203
2202901;2203
2203008;2203
2203107;2203
2203206;2203
2203230;2203
2203255;2202
2203271;2204
2203305;2202
2203354;2203
2203404;2204
2203420;2202
2203453;2203
2203503;2202
2203602;2203
2203701;2201
2203750;2203
2203800;2203
2203859;2204
2203909;2203
2204006;2202
2204105;2202
2204154;2204
2204204;2204
2204303;2204
2204352;2204
2204402;2203
2204501;2203
2204550;2203
2204600;2202
2204659;2201
2204709;2202
2204808;2204
2204907;2204
2205003;2204
2205102;2203
2205151;2204
2205201;2204
2205250;2202
2205276;2202
2205300;2203
2205359;2204
2205409;2201
2205458;2201
2205508;2202
2205516;2202
2205524;2203
2205532;2203
2205540;2202
2205557;2202
2205565;2204
2205573;2202
2205581;2202
2205599;2202
2205607;2203
2205706;2201
2205805;2201
2205854;2201
2205904;2203
2205953;2204
2206001;2203
2206050;2204
2206100;2201
2206209;2201
2206308;2202
2206357;2202
2206407;2202
2206506;2204
2206605;2203
2206654;2203
2206670;2201
2206696;2201
2206704;2203
2206720;2202
2206753;2202
2206803;2201
2206902;2202
2206951;2202
2207009;2204
2207108;2202
2207207;2204
2207306;2204
2207355;2203
2207405;2203
2207504;2202
2207553;2204
2207603;2203
2207702;2201
2207751;2202
2207777;2204
2207793;2202
2207801;2204
2207850;2203
2207900;2202
2207934;2204
2207959;2204
2208007;2204
2208106;2202
2208205;2204
2208304;2201
2208403;2201
2208502;2201
2208551;2203
2208601;2202
2208650;2204
2208700;2203
2208809;2202
2208858;2203
2208874;2204
2208908;2203
2209005;2203
2209104;2204
2209153;2202
2209203;2203
2209302;2203
2209351;2204
2209377;2204
2209401;2204
2209450;2202
2209500;2204
2209559;2203
2209609;2202
2209658;2204
2209708;2203
2209757;2203
2209807;2202
2209856;2204
2209872;2201
2209906;2202
2209955;2204
2209971;2201
2210003;2204
2210052;2201
2210102;2203
2210201;2204
2210300;2204
2210359;2203
2210375;2204
2210383;2202
2210391;2203
2210409;2202
2210508;2202
2210607;2203
2210623;2203
2210631;2203
2210656;2202
2210706;2204
2210805;2204
2210904;2204
2210938;2204
2210953;2203
2210979;2204
2211001;2202
2211100;2202
2211209;2203
2211308;2202
2211357;2203
2211407;2202
2211506;2204
2211605;2204
2211704;2204
2300101;2307
2300150;2302
2300200;2301
2300309;2304
2300408;2304
2300507;2301
2300606;2307
2300705;2305
2300754;2302
2300804;2306
2300903;2302
2301000;2303
2301109;2305
2301208;2302
2301257;2304
2301307;2307
2301406;2302
2301505;2304
2301604;2307
2301703;2307
2301802;2306
2301851;2304
2301901;2307
2301950;2302
2302008;2307
2302057;2301
2302107;2302
2302206;2302
2302305;2301
2302404;2304
2302503;2307
2302602;2301
2302701;2307
2302800;2302
2302909;2302
2303006;2302
2303105;2301
2303204;2307
2303303;2306
2303402;2301
2303501;2302
2303600;2304
2303659;2301
2303709;2303
2303808;2306
2303907;2301
2303931;2304
2303956;2302
2304004;2301
2304103;2304
2304202;2307
2304236;2301
2304251;2301
2304269;2304
2304277;2305
2304285;2303
2304301;2307
2304350;2301
2304400;2303
2304459;2305
2304509;2301
2304608;2302
2304657;2301
2304707;2301
2304806;2307
2304905;2301
2304954;2303
2305001;2301
2305100;2302
2305209;2301
2305233;2303
2305266;2304
2305308;2301
2305332;2305
2305357;2305
2305407;2306
2305506;2306
2305605;2304
2305654;2304
2305704;2306
2305803;2301
2305902;2301
2306009;2305
2306108;2301
2306207;2305
2306256;2303
2306306;2302
2306405;2302
2306504;2302
2306553;2301
2306603;2302
2306702;2305
2306801;2305
2306900;2305
2307007;2305
2307106;2307
2307205;2307
2307254;2301
2307304;2307
2307403;2306
2307502;2306
2307601;2305
2307635;2304
2307650;2303
2307700;2303
2307809;2301
2307908;2301
2308005;2301
2308104;2307
2308203;2301
2308302;2307
2308351;2304
2308377;2301
2308401;2307
2308500;2304
2308609;2304
2308708;2305
2308807;2301
2308906;2301
2309003;2301
2309102;2302
2309201;2307
2309300;2304
2309409;2304
2309458;2302
2309508;2306
2309607;2303
2309706;2303
2309805;2302
2309904;2301
2310001;2305
2310100;2302
2310209;2302
2310258;2302
2310308;2304
2310407;2302
2310506;2304
2310605;2307
2310704;2302
2310803;2305
2310852;2302
2310902;2304
2310951;2301
2311009;2301
2311108;2307
2311207;2307
2311231;2305
2311264;2304
2311306;2304
2311355;2306
2311405;2304
2311504;2305
2311603;2302
2311702;2301
2311801;2305
2311900;2304
2311959;2307
2312007;2301
2312106;2307
2312205;2301
2312304;2301
2312403;2302
2312502;2305
2312601;2302
2312700;2304
2312809;2301
2312908;2301
2313005;2304
2313104;2305
2313203;2304
2313252;2306
2313302;2304
2313351;2302
2313401;2301
2313500;2302
2313559;2302
2313609;2301
2313708;2306
2313757;2302
2313807;2302
2313906;2301
2313955;2301
2314003;2306
2314102;2301
2400109;2402
2400208;2401
2400307;2402
2400406;2401
2400505;2401
2400604;2401
2400703;2401
2400802;2402
2400901;2401
2401008;2401
2401107;2401
2401206;2404
2401305;2401
2401404;2404
2401453;2401
2401503;2403
2401602;2403
2401651;2402
2401701;2403
2401800;2403
2401859;2402
2401909;2402
2402006;2402
2402105;2403
2402204;2404
2402303;2401
2402402;2402
2402501;2401
2402600;2404
2402709;2402
2402808;2403
2402907;2401
2403004;2402
2403103;2402
2403202;2401
2403251;2404
2403301;2401
2403400;2402
2403509;2404
2403608;2404
2403707;2401
2403756;2402
2403806;2402
2403905;2401
2404002;2401
2404101;2402
2404200;2404
2404309;2401
2404408;2401
2404507;2402
2404606;2403
2404705;2401
2404804;2402
2404853;2401
2404903;2401
2405009;2403
2405108;2403
2405207;2401
2405306;2403
2405405;2403
2405504;2402
2405603;2402
2405702;2402
2405801;2403
2405900;2401
2406007;2401
2406106;2401
2406155;2403
2406205;2403
2406304;2403
2406403;2403
2406502;2402
2406601;2403
2406700;2402
2406809;2403
2406908;2401
2407005;2401
2407104;2404
2407203;2402
2407252;2401
2407302;2401
2407401;2401
2407500;2404
2407609;2401
2407708;2404
2407807;2403
2407906;2403
2408003;2401
2408102;2404
2408201;2404
2408300;2403
2408409;2401
2408508;2402
2408607;2401
2408706;2401
2408805;2403
2408904;2402
2408953;2404
2409100;2403
2409209;2403
2409308;2401
2409332;2403
2409407;2401
2409506;2404
2409605;2402
2409704;2402
2409803;2404
2409902;2401
2410009;2401
2410108;2403
2410207;2401
2410256;2401
2410306;2403
2410405;2404
2410504;2401
2410603;2401
2410702;2401
2410801;2401
2410900;2403
2411007;2401
2411056;2401
2411106;2403
2411205;2403
2411403;2402
2411429;2402
2411502;2403
2411601;2402
2411700;2403
2411809;2402
2411908;2401
2412005;2404
2412104;2402
2412203;2404
2412302;2403
2412401;2402
2412500;2401
2412559;2404
2412609;2403
2412708;2403
2412807;2401
2412906;2403
2413003;2402
2413102;2403
2413201;2404
2413300;2403
2413359;2401
2413409;2402
2413508;2403
2413557;2401
2413607;2401
2413706;2403
2413805;2401
2413904;2404
2414001;2403
2414100;2401
2414159;2402
2414209;2404
2414308;2402
2414407;2404
2414456;2401
2414506;2401
2414605;2401
2414704;2403
2414753;2401
2414803;2403
2414902;2401
2415008;2404
2500106;2501
2500205;2501
2500304;2503
2500403;2503
2500502;2503
2500536;2502
2500577;2503
2500601;2504
2500700;2501
2500734;2502
2500775;2501
2500809;2503
2500908;2503
2501005;2503
2501104;2503
2501153;2501
2501203;2503
2501302;2503
2501351;2502
2501401;2504
2501500;2503
2501534;2502
2501575;2502
2501609;2503
2501708;2502
2501807;2504
2501906;2503
2502003;2501
2502052;2501
2502102;2501
2502151;2503
2502201;2501
2502300;2501
2502409;2501
2502508;2502
2502607;2501
2502706;2503
2502805;2501
2502904;2501
2503001;2504
2503100;2502
2503209;2504
2503308;2501
2503407;2501
2503506;2503
2503555;2501
2503605;2503
2503704;2501
2503753;2501
2503803;2503
2503902;2502
2504009;2503
2504033;2504
2504074;2502
2504108;2501
2504157;2503
2504207;2501
2504306;2501
2504355;2502
2504405;2501
2504504;2501
2504603;2504
2504702;2502
2504801;2501
2504850;2502
2504900;2504
2505006;2502
2505105;2503
2505204;2503
2505238;2504
2505279;2504
2505303;2501
2505352;2503
2505402;2501
2505501;2501
2505600;2501
2505709;2503
2505808;2503
2505907;2501
2506004;2503
2506103;2503
2506202;2502
2506251;2503
2506301;2503
2506400;2503
2506509;2502
2506608;2501
2506707;2501
2506806;2503
2506905;2503
2507002;2501
2507101;2504
2507200;2503
2507309;2504
2507408;2501
2507507;2504
2507606;2503
2507705;2502
2507804;2502
2507903;2504
2508000;2501
2508109;2501
2508208;2503
2508307;2503
2508406;2501
2508505;2502
2508554;2503
2508604;2504
2508703;2501
2508802;2501
2508901;2504
2509008;2501
2509057;2504
2509107;2504
2509156;2501
2509206;2503
2509305;2504
2509339;2503
2509370;2501
2509396;2501
2509404;2503
2509503;2503
2509602;2501
2509701;2502
2509800;2503
2509909;2503
2510006;2501
2510105;2503
2510204;2501
2510303;2502
2510402;2501
2510501;2503
2510600;2502
2510659;2502
2510709;2501
2510808;2501
2510907;2501
2511004;2501
2511103;2502
2511202;2504
2511301;2501
2511400;2502
2511509;2504
2511608;2503
2511707;2503
2511806;2503
2511905;2504
2512002;2503
2512036;2501
2512077;2501
2512101;2501
2512200;2502
2512309;2501
2512408;2503
2512507;2503
2512606;2501
2512705;2503
2512721;2504
2512747;2503
2512754;2503
2512762;2504
2512788;2502
2512804;2501
2512903;2504
2513000;2502
2513109;2503
2513158;2503
2513208;2501
2513307;2501
2513356;2501
2513406;2502
2513505;2501
2513604;2501
2513653;2501
2513703;2504
2513802;2501
2513851;2502
2513901;2501
2513927;2501
2513943;2502
2513968;2501
2513984;2501
2514008;2502
2514107;2502
2514206;2501
2514305;2501
2514404;2501
2514453;2504
2514503;2501
2514552;2501
2514602;2501
2514651;2501
2514701;2502
2514800;2502
2514909;2502
2515005;2504
2515104;2503
2515203;2502
2515302;2504
2515401;2502
2515500;2502
2515609;2503
2515708;2501
2515807;2503
2515906;2503
2515930;2503
2515971;2504
2516003;2503
2516102;2503
2516151;2503
2516201;2501
2516300;2502
2516409;2503
2516508;2502
2516607;2501
2516706;2501
2516755;2502
2516805;2501
2516904;2501
2517001;2503
2517100;2502
2517209;2501
2517407;2502
2600054;2605
2600104;2601
2600203;2602
2600302;2603
2600401;2604
2600500;2603
2600609;2603
2600708;2604
2600807;2603
2600906;2604
2601003;2603
2601052;2605
2601102;2601
2601201;2601
2601300;2603
2601409;2604
2601508;2604
2601607;2602
2601706;2603
2601805;2601
2601904;2603
2602001;2601
2602100;2603
2602209;2603
2602308;2603
2602407;2603
2602506;2601
2602605;2603
2602704;2604
2602803;2603
2602902;2605
2603009;2602
2603108;2603
2603207;2603
2603306;2603
2603405;2601
2603454;2605
2603504;2603
2603603;2604
2603702;2603
2603801;2603
2603900;2601
2603926;2602
2604007;2604
2604106;2603
2604155;2603
2604205;2604
2604304;2601
2604403;2604
2604502;2604
2604601;2604
2604700;2603
2604809;2604
2604908;2603
2605004;2603
2605103;2601
2605152;2602
2605202;2604
2605301;2601
2605400;2603
2605459;2605
2605509;2604
2605608;2601
2605707;2602
2605806;2603
2605905;2604
2606002;2603
2606101;2604
2606200;2604
2606309;2601
2606408;2603
2606507;2603
2606606;2601
2606705;2603
2606804;2605
2606903;2601
2607000;2601
2607109;2601
2607208;2605
2607307;2601
2607406;2602
2607505;2603
2607604;2605
2607653;2604
2607703;2601
2607752;2605
2607802;2604
2607901;2605
2607950;2604
2608008;2603
2608057;2602
2608107;2603
2608206;2604
2608255;2603
2608305;2603
2608404;2603
2608453;2604
2608503;2604
2608602;2603
2608701;2603
2608750;2602
2608800;2603
2608909;2603
2609006;2604
2609105;2603
2609154;2601
2609204;2604
2609303;2601
2609402;2605
2609501;2604
2609600;2605
2609709;2603
2609808;2602
2609907;2601
2610004;2604
2610103;2603
2610202;2603
2610301;2603
2610400;2601
2610509;2603
2610608;2604
2610707;2605
2610806;2603
2610905;2603
2611002;2602
2611101;2602
2611200;2603
2611309;2604
2611408;2604
2611507;2604
2611533;2601
2611606;2605
2611705;2603
2611804;2604
2611903;2604
2612000;2603
2612109;2603
2612208;2601
2612307;2603
2612406;2603
2612455;2601
2612471;2601
2612505;2603
2612554;2601
2612604;2602
2612703;2603
2612802;2601
2612901;2604
2613008;2603
2613107;2603
2613206;2603
2613305;2603
2613404;2604
2613503;2601
2613602;2601
2613701;2605
2613800;2603
2613909;2601
2614006;2601
2614105;2601
2614204;2604
2614303;2601
2614402;2601
2614501;2603
2614600;2601
2614709;2603
2614808;2602
2614857;2604
2615003;2603
2615102;2603
2615201;2602
2615300;2604
2615409;2603
2615508;2604
2615607;2601
2615706;2601
2615805;2603
2615904;2601
2616001;2603
2616100;2601
2616183;2603
2616209;2603
2616308;2604
2616407;2604
2616506;2604
2700102;2701
2700201;2703
2700300;2702
2700409;2703
2700508;2703
2700607;2703
2700706;2701
2700805;2702
2700904;2701
2701001;2703
2701100;2703
2701209;2702
2701308;2703
2701357;2703
2701407;2703
2701506;2702
2701605;2701
2701704;2703
2701803;2701
2701902;2703
2702009;2702
2702108;2703
2702207;2703
2702306;2703
2702355;2702
2702405;2701
2702504;2701
2702553;2702
2702603;2702
2702702;2703
2702801;2703
2702900;2702
2703007;2703
2703106;2702
2703205;2703
2703304;2701
2703403;2701
2703502;2703
2703601;2703
2703700;2701
2703759;2703
2703809;2703
2703908;2703
2704005;2703
2704104;2702
2704203;2702
2704302;2703
2704401;2701
2704500;2703
2704609;2701
2704708;2703
2704807;2702
2704906;2702
2705002;2701
2705101;2703
2705200;2703
2705309;2702
2705408;2701
2705507;2703
2705606;2703
2705705;2701
2705804;2701
2705903;2702
2706000;2701
2706109;2701
2706208;2701
2706307;2702
2706406;2701
2706422;2701
2706448;2703
2706505;2703
2706604;2702
2706703;2703
2706802;2703
2706901;2703
2707008;2703
2707107;2701
2707206;2701
2707305;2703
2707404;2703
2707503;2703
2707602;2702
2707701;2703
2707800;2703
2707909;2703
2708006;2701
2708105;2703
2708204;2702
2708303;2703
2708402;2701
2708501;2703
2708600;2703
2708709;2703
2708808;2702
2708907;2703
2708956;2701
2709004;2702
2709103;2702
2709152;2703
2709202;2702
2709301;2703
2709400;2703
2800100;2803
2800209;2802
2800308;2803
2800407;2803
2800506;2802
2800605;2803
2800670;2803
2800704;2803
2801009;2802
2801108;2803
2801207;2801
2801306;2803
2801405;2801
2801504;2803
2801603;2803
2801702;2803
2801900;2802
2802007;2803
2802106;2803
2802205;2801
2802304;2801
2802403;2801
2802502;2803
2802601;2801
2802700;2803
2802809;2803
2802908;2802
2803005;2803
2803104;2801
2803203;2803
2803302;2803
2803401;2803
2803500;2802
2803609;2803
2803708;2802
2803807;2802
2803906;2802
2804003;2803
2804102;2802
2804201;2801
2804300;2802
2804409;2803
2804458;2801
2804508;2801
2804607;2802
2804706;2803
2804805;2803
2804904;2803
2805000;2801
2805109;2803
2805208;2801
2805307;2803
2805406;2801
2805505;2802
2805604;2801
2805703;2803
2805802;2802
2805901;2803
2806008;2801
2806107;2803
2806206;2803
2806305;2803
2806404;2803
2806503;2803
2806602;2803
2806701;2803
2806800;2802
2806909;2803
2807006;2802
2807105;2802
2807204;2803
2807303;2803
2807402;2802
2807501;2803
2807600;2803
2900108;2906
2900207;2902
2900306;2904
2900355;2904
2900405;2903
2900504;2906
2900603;2906
2900702;2904
2900801;2907
2900900;2907
2901007;2906
2901106;2905
2901155;2903
2901205;2906
2901304;2906
2901353;2903
2901403;2901
2901502;2903
2901601;2904
2901700;2903
2901809;2903
2901908;2904
2901957;2906
2902005;2906
2902054;2904
2902104;2904
2902203;2904
2902252;2907
2902302;2905
2902401;2907
2902500;2901
2902609;2903
2902658;2904
2902708;2902
2902807;2906
2902906;2906
2903003;2903
2903102;2907
2903201;2901
2903235;2903
2903276;2904
2903300;2907
2903409;2907
2903508;2906
2903607;2904
2903706;2906
2903805;2903
2903904;2902
2903953;2906
2904001;2906
2904050;2906
2904100;2906
2904209;2906
2904308;2906
2904407;2901
2904506;2906
2904605;2906
2904704;2907
2904753;2902
2904803;2906
2904852;2905
2904902;2905
2905008;2906
2905107;2903
2905156;2906
2905206;2906
2905305;2903
2905404;2907
2905503;2903
2905602;2907
2905701;2905
2905800;2907
2905909;2902
2906006;2903
2906105;2901
2906204;2903
2906303;2907
2906402;2904
2906501;2905
2906600;2906
2906709;2906
2906808;2904
2906824;2904
2906857;2904
2906873;2903
2906899;2906
2906907;2907
2907004;2904
2907103;2902
2907202;2902
2907301;2905
2907400;2901
2907509;2905
2907558;2906
2907608;2903
2907707;2902
2907806;2904
2907905;2904
2908002;2907
2908101;2901
2908200;2903
2908309;2905
2908408;2904
2908507;2903
2908606;2904
2908705;2906
2908804;2906
2908903;2903
2909000;2906
2909109;2901
2909208;2904
2909307;2901
2909406;2901
2909505;2906
2909604;2904
2909703;2901
2909802;2905
2909901;2902
2910008;2906
2910057;2905
2910107;2906
2910206;2905
2910305;2903
2910404;2906
2910503;2904
2910602;2904
2910701;2904
2910727;2907
2910750;2904
2910776;2902
2910800;2903
2910859;2903
2910909;2907
2911006;2907
2911105;2901
2911204;2907
2911253;2904
2911303;2903
2911402;2902
2911501;2907
2911600;2905
2911659;2906
2911709;2906
2911808;2907
2911857;2904
2911907;2903
2912004;2906
2912103;2907
2912202;2906
2912301;2906
2912400;2903
2912509;2906
2912608;2903
2912707;2907
2912806;2907
2912905;2907
2913002;2906
2913101;2903
2913200;2902
2913309;2904
2913408;2906
2913457;2907
2913507;2906
2913606;2907
2913705;2904
2913804;2903
2913903;2907
2914000;2903
2914109;2906
2914208;2906
2914307;2906
2914406;2903
2914505;2903
2914604;2903
2914653;2907
2914703;2903
2914802;2907
2914901;2907
2915007;2906
2915106;2906
2915205;2907
2915304;2907
2915353;2902
2915403;2907
2915502;2907
2915601;2907
2915700;2907
2915809;2906
2915908;2905
2916005;2907
2916104;2905
2916203;2907
2916302;2907
2916401;2906
2916500;2904
2916609;2907
2916708;2906
2916807;2906
2916856;2903
2916906;2906
2917003;2903
2917102;2906
2917201;2906
2917300;2907
2917334;2906
2917359;2901
2917409;2906
2917508;2903
2917607;2906
2917706;2903
2917805;2905
2917904;2904
2918001;2906
2918100;2904
2918209;2906
2918308;2906
2918357;2903
2918407;2902
2918456;2907
2918506;2903
2918555;2907
2918605;2906
2918704;2906
2918753;2906
2918803;2906
2918902;2907
2919009;2903
2919058;2906
2919108;2904
2919157;2903
2919207;2905
2919306;2906
2919405;2906
2919504;2906
2919553;2901
2919603;2903
2919702;2906
2919801;2906
2919900;2902
2919926;2905
2919959;2906
2920007;2906
2920106;2903
2920205;2906
2920304;2906
2920403;2906
2920452;2901
2920502;2906
2920601;2905
2920700;2907
2920809;2906
2920908;2907
2921005;2905
2921054;2906
2921104;2907
2921203;2903
2921302;2906
2921401;2903
2921450;2906
2921500;2904
2921609;2902
2921708;2903
2921807;2906
2921906;2906
2922003;2907
2922052;2903
2922102;2903
2922201;2905
2922250;2902
2922300;2905
2922409;2906
2922508;2905
2922607;2907
2922656;2904
2922706;2906
2922730;2904
2922755;2907
2922805;2906
2922854;2906
2922904;2904
2923001;2907
2923035;2906
2923050;2904
2923100;2904
2923209;2906
2923308;2903
2923357;2903
2923407;2906
2923506;2906
2923605;2906
2923704;2902
2923803;2904
2923902;2907
2924009;2902
2924058;2904
2924108;2903
2924207;2904
2924306;2906
2924405;2902
2924504;2906
2924603;2903
2924652;2903
2924678;2907
2924702;2906
2924801;2903
2924900;2906
2925006;2906
2925105;2906
2925204;2905
2925253;2903
2925303;2907
2925402;2906
2925501;2907
2925600;2903
2925709;2906
2925758;2907
2925808;2904
2925907;2904
2925931;2903
2925956;2903
2926004;2902
2926103;2904
2926202;2901
2926301;2904
2926400;2906
2926509;2904
2926608;2904
2926657;2906
2926707;2906
2926806;2906
2926905;2906
2927002;2904
2927101;2902
2927200;2903
2927309;2905
2927408;2905
2927507;2903
2927606;2904
2927705;2907
2927804;2907
2927903;2906
2928000;2904
2928059;2907
2928109;2901
2928208;2901
2928307;2903
2928406;2901
2928505;2903
2928604;2905
2928703;2905
2928802;2903
2928901;2901
2928950;2904
2929008;2905
2929057;2901
2929107;2905
2929206;2905
2929255;2903
2929305;2903
2929354;2907
2929370;2903
2929404;2906
2929503;2905
2929602;2905
2929701;2904
2929750;2905
2929800;2903
2929909;2906
2930006;2906
2930105;2903
2930154;2902
2930204;2902
2930303;2901
2930402;2903
2930501;2904
2930600;2903
2930709;2905
2930758;2902
2930766;2904
2930774;2902
2930808;2903
2930907;2901
2931004;2906
2931053;2906
2931103;2903
2931202;2907
2931301;2903
2931350;2907
2931400;2903
2931509;2904
2931608;2907
2931707;2905
2931806;2906
2931905;2904
2932002;2904
2932101;2906
2932200;2907
2932309;2907
2932408;2903
2932457;2903
2932507;2907
2932606;2906
2932705;2907
2932804;2906
2932903;2907
2933000;2904
2933059;2903
2933109;2903
2933158;2903
2933174;2905
2933208;2905
2933257;2907
2933307;2906
2933406;2906
2933455;2901
2933505;2907
2933604;2902
3100104;3105
3100203;3106
3100302;3112
3100401;3112
3100500;3108
3100609;3108
3100708;3105
3100807;3109
3100906;3104
3101003;3102
3101102;3108
3101201;3110
3101300;3110
3101409;3110
3101508;3112
3101607;3110
3101631;3111
3101706;3103
3101805;3108
3101904;3110
3102001;3110
3102050;3112
3102100;3112
3102209;3108
3102308;3107
3102407;3107
3102506;3112
3102605;3110
3102704;3103
3102803;3110
3102852;3103
3102902;3111
3103009;3108
3103108;3112
3103207;3107
3103306;3112
3103405;3103
3103504;3105
3103603;3110
3103702;3112
3103751;3105
3103801;3105
3103900;3106
3104007;3105
3104106;3110
3104205;3109
3104304;3110
3104403;3112
3104452;3103
3104502;3101
3104601;3112
3104700;3104
3104809;3106
3104908;3110
3105004;3107
3105103;3109
3105202;3103
3105301;3110
3105400;3107
3105509;3112
3105608;3111
3105707;3112
3105905;3111
3106002;3107
3106101;3112
3106200;3107
3106309;3108
3106408;3107
3106507;3103
3106606;3104
3106655;3102
3106705;3107
3106804;3112
3106903;3112
3107000;3106
3107109;3110
3107208;3110
3107307;3102
3107406;3106
3107505;3110
3107604;3110
3107703;3107
3107802;3108
3107901;3110
3108008;3109
3108107;3107
3108206;3101
3108255;3102
3108305;3110
3108404;3110
3108503;3102
3108552;3101
3108602;3102
3108701;3112
3108800;3108
3108909;3110
3109006;3107
3109105;3110
3109204;3106
3109253;3108
3109303;3101
3109402;3102
3109451;3101
3109501;3110
3109600;3107
3109709;3110
3109808;3105
3109907;3107
3110004;3107
3110103;3112
3110202;3112
3110301;3110
3110400;3109
3110509;3110
3110608;3110
3110707;3110
3110806;3108
3110905;3110
3111002;3110
3111101;3105
3111150;3102
3111200;3109
3111309;3110
3111408;3105
3111507;3105
3111606;3110
3111705;3112
3111804;3105
3111903;3109
3112000;3109
3112059;3108
3112109;3112
3112208;3111
3112307;3103
3112406;3110
3112505;3107
3112604;3105
3112653;3108
3112703;3102
3112802;3110
3112901;3112
3113008;3103
3113107;3111
3113206;3111
3113305;3112
3113404;3108
3113503;3103
3113602;3110
3113701;3104
3113800;3108
3113909;3110
3114006;3109
3114105;3110
3114204;3109
3114303;3105
3114402;3110
3114501;3109
3114550;3105
3114600;3111
3114709;3110
3114808;3110
3114907;3107
3115003;3105
3115102;3110
3115201;3111
3115300;3112
3115359;3107
3115409;3107
3115458;3104
3115474;3102
3115508;3110
3115607;3106
3115706;3108
3115805;3105
3115904;3112
3116001;3112
3116100;3103
3116159;3102
3116209;3112
3116308;3112
3116407;3110
3116506;3102
3116605;3109
3116704;3112
3116803;3108
3116902;3105
3117009;3103
3117108;3110
3117207;3110
3117306;3105
3117405;3108
3117504;3107
3117603;3109
3117702;3110
3117801;3110
3117836;3102
3117876;3107
3117900;3110
3118007;3107
3118106;3107
3118205;3105
3118304;3107
3118403;3108
3118502;3110
3118601;3107
3118700;3110
3118809;3102
3118908;3107
3119005;3110
3119104;3106
3119203;3108
3119302;3105
3119401;3108
3119500;3103
3119609;3112
3119708;3111
3119807;3109
3119906;3110
3119955;3109
3120003;3108
3120102;3103
3120151;3104
3120201;3109
3120300;3102
3120409;3107
3120508;3110
3120607;3107
3120706;3105
3120805;3110
3120839;3108
3120870;3102
3120904;3106
3121001;3103
3121100;3110
3121209;3110
3121258;3105
3121308;3112
3121407;3107
3121506;3111
3121605;3103
3121704;3107
3121803;3107
3121902;3112
3122009;3112
3122108;3108
3122207;3108
3122306;3109
3122355;3102
3122405;3110
3122454;3103
3122470;3101
3122504;3108
3122603;3107
3122702;3112
3122801;3110
3122900;3112
3123007;3111
3123106;3108
3123205;3106
3123304;3112
3123403;3109
3123502;3105
3123528;3112
3123601;3110
3123700;3108
3123809;3102
3123858;3108
3123908;3107
3124005;3112
3124104;3107
3124203;3112
3124302;3102
3124401;3110
3124500;3110
3124609;3112
3124708;3106
3124807;3105
3124906;3112
3125002;3112
3125101;3110
3125200;3110
3125309;3112
3125408;3103
3125507;3103
3125606;3103
3125705;3106
3125804;3108
3125903;3107
3125952;3112
3126000;3107
3126109;3109
3126208;3101
3126307;3110
3126406;3107
3126505;3103
3126604;3102
3126703;3102
3126752;3104
3126802;3104
3126901;3108
3126950;3108
3127008;3105
3127057;3104
3127073;3102
3127107;3105
3127206;3107
3127305;3108
3127339;3102
3127354;3102
3127370;3108
3127388;3112
3127404;3110
3127503;3108
3127602;3103
3127701;3108
3127800;3102
3127909;3105
3128006;3108
3128105;3110
3128204;3112
3128253;3102
3128303;3110
3128402;3112
3128501;3112
3128600;3101
3128709;3110
3128808;3112
3128907;3105
3129004;3112
3129103;3105
3129202;3110
3129301;3108
3129400;3111
3129509;3105
3129608;3102
3129657;3102
3129707;3110
3129806;3107
3129905;3110
3130002;3109
3130051;3102
3130101;3107
3130200;3109
3130309;3109
3130408;3111
3130507;3110
3130556;3108
3130606;3110
3130655;3102
3130705;3105
3130804;3111
3130903;3108
3131000;3107
3131109;3106
3131158;3108
3131208;3108
3131307;3108
3131406;3105
3131505;3110
3131604;3105
3131703;3107
3131802;3108
3131901;3107
3132008;3102
3132107;3102
3132206;3107
3132305;3104
3132404;3110
3132503;3103
3132602;3112
3132701;3108
3132800;3107
3132909;3110
3133006;3110
3133105;3110
3133204;3108
3133303;3103
3133402;3105
3133501;3109
3133600;3110
3133709;3107
3133758;3110
3133808;3109
3133907;3107
3134004;3103
3134103;3108
3134202;3105
3134301;3111
3134400;3105
3134509;3111
3134608;3107
3134707;3103
3134806;3110
3134905;3110
3135001;3108
3135050;3102
3135076;3108
3135100;3102
3135209;3102
3135308;3106
3135357;3102
3135407;3107
3135456;3103
3135506;3112
3135605;3102
3135704;3107
3135803;3103
3135902;3110
3136009;3103
3136108;3108
3136207;3107
3136306;3101
3136405;3106
3136504;3103
3136520;3103
3136553;3108
3136579;3102
3136603;3107
3136652;3107
3136702;3112
3136801;3102
3136900;3110
3136959;3102
3137007;3104
3137106;3101
3137205;3106
3137304;3102
3137403;3111
3137502;3105
3137536;3101
3137601;3107
3137700;3112
3137809;3110
3137908;3112
3138005;3112
3138104;3102
3138203;3111
3138302;3106
3138351;3103
3138401;3112
3138500;3110
3138609;3112
3138625;3105
3138658;3102
3138674;3112
3138682;3102
3138708;3111
3138807;3106
3138906;3104
3139003;3110
3139102;3111
3139201;3104
3139250;3102
3139300;3102
3139409;3112
3139508;3112
3139607;3108
3139706;3107
3139805;3112
3139904;3110
3140001;3107
3140100;3108
3140159;3107
3140209;3112
3140308;3108
3140407;3110
3140506;3106
3140530;3112
3140555;3103
3140605;3108
3140704;3107
3140803;3112
3140852;3102
3140902;3112
3141009;3102
3141108;3107
3141207;3105
3141306;3109
3141405;3103
3141504;3108
3141603;3112
3141702;3108
3141801;3103
3141900;3110
3142007;3102
3142106;3112
3142205;3112
3142254;3102
3142304;3107
3142403;3106
3142502;3106
3142601;3110
3142700;3102
3142809;3105
3142908;3102
3143005;3110
3143104;3105
3143153;3103
3143203;3110
3143302;3102
3143401;3110
3143450;3102
3143500;3106
3143609;3106
3143708;3107
3143807;3110
3143906;3112
3144003;3108
3144102;3110
3144201;3108
3144300;3104
3144359;3108
3144375;3101
3144409;3110
3144508;3111
3144607;3111
3144656;3102
3144672;3108
3144706;3107
3144805;3107
3144904;3108
3145000;3105
3145059;3102
3145109;3110
3145208;3109
3145307;3103
3145356;3104
3145372;3102
3145406;3112
3145455;3102
3145505;3110
3145604;3109
3145703;3112
3145802;3107
3145851;3112
3145877;3112
3145901;3107
3146008;3110
3146107;3107
3146206;3104
3146255;3102
3146305;3103
3146404;3106
3146503;3109
3146552;3102
3146602;3112
3146701;3112
3146750;3103
3146909;3107
3147006;3101
3147105;3107
3147204;3110
3147303;3110
3147402;3107
3147501;3107
3147600;3110
3147709;3109
3147808;3110
3147907;3110
3147956;3102
3148004;3105
3148103;3105
3148202;3112
3148301;3112
3148400;3108
3148509;3104
3148608;3108
3148707;3103
3148756;3112
3148806;3112
3148905;3109
3149002;3112
3149101;3110
3149150;3102
3149200;3105
3149309;3107
3149408;3112
3149507;3112
3149606;3107
3149705;3109
3149804;3105
3149903;3109
3149952;3108
3150000;3108
3150109;3112
3150158;3108
3150208;3112
3150307;3111
3150406;3107
3150505;3109
3150539;3108
3150570;3102
3150604;3109
3150703;3105
3150802;3112
3150901;3110
3151008;3110
3151107;3112
3151206;3102
3151305;3112
3151404;3107
3151503;3109
3151602;3105
3151701;3110
3151800;3110
3151909;3108
3152006;3106
3152105;3112
3152131;3102
3152170;3103
3152204;3102
3152303;3112
3152402;3104
3152501;3110
3152600;3110
3152709;3111
3152808;3105
3152907;3110
3153004;3105
3153103;3112
3153202;3106
3153301;3103
3153400;3101
3153509;3112
3153608;3107
3153707;3106
3153806;3107
3153905;3107
3154002;3112
3154101;3112
3154150;3112
3154200;3111
3154309;3108
3154408;3111
3154457;3102
3154507;3102
3154606;3107
3154705;3111
3154804;3107
3154903;3112
3155009;3112
3155108;3103
3155207;3112
3155306;3107
3155405;3112
3155504;3105
3155603;3102
3155702;3107
3155801;3112
3155900;3112
3156007;3107
3156106;3111
3156205;3112
3156304;3112
3156403;3105
3156452;3112
3156502;3102
3156601;3103
3156700;3107
3156809;3108
3156908;3105
3157005;3102
3157104;3103
3157203;3107
3157252;3108
3157278;3112
3157302;3111
3157336;3111
3157377;3102
3157401;3112
3157500;3108
3157609;3102
3157658;3104
3157708;3105
3157807;3107
3157906;3112
3158003;3107
3158102;3103
3158201;3108
3158300;3110
3158409;3112
3158508;3107
3158607;3112
3158706;3111
3158805;3109
3158904;3112
3158953;3108
3159001;3107
3159100;3107
3159209;3110
3159308;3112
3159357;3108
3159407;3112
3159506;3108
3159605;3110
3159704;3105
3159803;3105
3159902;3109
3160009;3112
3160108;3112
3160207;3107
3160306;3103
3160405;3109
3160454;3102
3160504;3107
3160603;3106
3160702;3112
3160801;3110
3160900;3107
3160959;3108
3161007;3107
3161056;3108
3161106;3102
3161205;3109
3161304;3105
3161403;3112
3161502;3112
3161601;3108
3161650;3108
3161700;3101
3161809;3109
3161908;3107
3162005;3110
3162104;3105
3162203;3110
3162252;3102
3162302;3110
3162401;3102
3162450;3102
3162500;3111
3162559;3112
3162575;3108
3162609;3108
3162658;3102
3162708;3102
3162807;3108
3162906;3112
3162922;3107
3162948;3110
3162955;3107
3163003;3108
3163102;3107
3163201;3110
3163300;3108
3163409;3107
3163508;3108
3163607;3112
3163706;3110
3163805;3112
3163904;3110
3164001;3112
3164100;3108
3164209;3102
3164308;3109
3164407;3110
3164431;3112
3164472;3108
3164506;3108
3164605;3109
3164704;3110
3164803;3107
3164902;3110
3165008;3111
3165107;3110
3165206;3110
3165305;3110
3165404;3110
3165503;3108
3165537;3107
3165552;3104
3165560;3112
3165578;3110
3165602;3112
3165701;3112
3165800;3110
3165909;3103
3166006;3112
3166105;3108
3166204;3111
3166303;3112
3166402;3110
3166501;3107
3166600;3106
3166709;3104
3166808;3105
3166907;3110
3166956;3102
3167004;3110
3167103;3107
3167202;3107
3167301;3112
3167400;3110
3167509;3112
3167608;3112
3167707;3108
3167806;3110
3167905;3112
3168002;3102
3168051;3108
3168101;3105
3168200;3109
3168309;3107
3168408;3108
3168507;3112
3168606;3104
3168705;3108
3168804;3111
3168903;3105
3169000;3112
3169059;3110
3169109;3110
3169208;3112
3169307;3110
3169356;3106
3169406;3110
3169505;3108
3169604;3105
3169703;3103
3169802;3110
3169901;3112
3170008;3102
3170057;3108
3170107;3105
3170206;3105
3170305;3104
3170404;3101
3170438;3105
3170479;3101
3170503;3112
3170529;3102
3170578;3108
3170602;3109
3170651;3102
3170701;3110
3170750;3101
3170800;3102
3170909;3102
3171006;3101
3171030;3102
3171071;3103
3171105;3105
3171154;3112
3171204;3107
3171303;3112
3171402;3112
3171501;3108
3171600;3103
3171709;3110
3171808;3108
3171907;3108
3172004;3112
3172103;3112
3172202;3110
3200102;3203
3200136;3201
3200169;3201
3200201;3204
3200300;3203
3200359;3201
3200409;3203
3200508;3204
3200607;3202
3200706;3204
3200805;3201
3200904;3201
3201001;3201
3201100;3204
3201159;3203
3201209;3204
3201308;3203
3201407;3204
3201506;3201
3201605;3202
3201704;3203
3201803;3204
3201902;3203
3202009;3204
3202108;3201
3202207;3202
3202256;3201
3202306;3204
3202405;3203
3202454;3204
3202504;3202
3202553;3204
3202603;3203
3202652;3204
3202702;3203
3202801;3204
3202900;3203
3203007;3204
3203056;3202
3203106;3204
3203130;3202
3203163;3203
3203205;3202
3203304;3201
3203320;3204
3203346;3203
3203353;3201
3203403;3204
3203502;3202
3203601;3202
3203700;3204
3203809;3204
3203908;3201
3204005;3201
3204054;3202
3204104;3202
3204203;3203
3204252;3202
3204302;3204
3204351;3202
3204401;3203
3204500;3203
3204559;3203
3204609;3203
3204658;3201
3204708;3201
3204807;3204
3204906;3202
3204955;3203
3205002;3203
3205010;3202
3205036;3204
3205069;3203
3205101;3203
3205150;3201
3205176;3201
3205200;3203
3205309;3203
3300100;3305
3300159;3301
3300209;3304
3300225;3303
3300233;3304
3300258;3304
3300308;3305
3300407;3305
3300456;3306
3300506;3303
3300605;3301
3300704;3304
3300803;3306
3300902;3301
3300936;3302
3300951;3303
3301009;3302
3301108;3303
3301157;3302
3301207;3303
3301306;3304
3301405;3302
3301504;3303
3301603;3303
3301702;3306
3301801;3306
3301850;3306
3301876;3304
3301900;3306
3302007;3306
3302056;3301
3302106;3301
3302205;3301
3302254;3305
3302270;3306
3302304;3301
3302403;3302
3302452;3303
3302502;3306
3302601;3306
3302700;3306
3302809;3306
3302858;3306
3302908;3306
3303005;3301
3303104;3301
3303203;3306
3303302;3306
3303401;3303
3303500;3306
3303609;3306
3303708;3303
3303807;3305
3303856;3306
3303906;3306
3303955;3305
3304003;3305
3304102;3301
3304110;3305
3304128;3305
3304144;3306
3304151;3302
3304201;3305
3304300;3306
3304409;3305
3304508;3305
3304524;3304
3304557;3306
3304607;3303
3304706;3301
3304755;3302
3304805;3302
3304904;3306
3305000;3302
3305109;3306
3305133;3301
3305158;3306
3305208;3304
3305307;3303
3305406;3303
3305505;3304
3305554;3306
3305604;3304
3305703;3303
3305752;3306
3305802;3306
3305901;3303
3306008;3303
3306107;3305
3306156;3301
3306206;3306
3306305;3305
3500105;3508
3500204;3501
3500303;3507
3500402;3507
3500501;3507
3500550;3504
3500600;3506
3500709;3504
3500758;3511
3500808;3508
3500907;3501
3501004;3502
3501103;3503
3501152;3512
3501202;3501
3501301;3508
3501400;3509
3501509;3509
3501608;3507
3501707;3505
3501806;3501
3501905;3507
3502002;3505
3502101;3503
3502200;3511
3502309;3504
3502408;3508
3502507;3513
3502606;3501
3502705;3511
3502754;3512
3502804;3503
3502903;3512
3503000;3502
3503109;3504
3503158;3513
3503208;3505
3503307;3506
3503356;3509
3503406;3504
3503505;3513
3503604;3504
3503703;3501
3503802;3507
3503901;3515
3503950;3501
3504008;3510
3504107;3512
3504206;3501
3504305;3504
3504404;3503
3504503;3504
3504602;3501
3504701;3504
3504800;3501
3504909;3513
3505005;3511
3505104;3503
3505203;3504
3505302;3504
3505351;3511
3505401;3514
3505500;3502
3505609;3502
3505708;3515
3505807;3509
3505906;3502
3506003;3504
3506102;3502
3506201;3503
3506300;3510
3506359;3515
3506409;3503
3506508;3503
3506607;3515
3506706;3505
3506805;3504
3506904;3504
3507001;3511
3507100;3512
3507159;3511
3507209;3510
3507308;3504
3507407;3505
3507456;3504
3507506;3504
3507605;3512
3507704;3503
3507753;3503
3507803;3502
3507902;3506
3508009;3511
3508108;3503
3508207;3502
3508306;3504
3508405;3512
3508504;3513
3508603;3513
3508702;3507
3508801;3504
3508900;3508
3509007;3515
3509106;3508
3509205;3515
3509254;3514
3509304;3501
3509403;3502
3509452;3511
3509502;3507
3509601;3512
3509700;3513
3509809;3510
3509908;3514
3509957;3513
3510005;3510
3510104;3502
3510153;3510
3510203;3511
3510302;3512
3510401;3506
3510500;3513
3510609;3515
3510708;3501
3510807;3507
3510906;3502
3511003;3503
3511102;3501
3511201;3501
3511300;3501
3511409;3504
3511508;3511
3511607;3511
3511706;3506
3511904;3503
3512001;3502
3512100;3502
3512209;3506
3512308;3504
3512407;3506
3512506;3503
3512605;3511
3512704;3506
3512803;3507
3512902;3501
3513009;3515
3513108;3502
3513207;3502
3513306;3510
3513405;3513
3513504;3515
3513603;3513
3513702;3505
3513801;3515
3513850;3501
3513900;3507
3514007;3505
3514106;3504
3514205;3501
3514304;3505
3514403;3508
3514502;3504
3514601;3502
3514700;3509
3514809;3514
3514908;3507
3514924;3501
3514957;3501
3515004;3515
3515103;3515
3515129;3508
3515152;3507
3515186;3507
3515194;3510
3515202;3501
3515301;3508
3515350;3508
3515400;3510
3515509;3501
3515608;3502
3515657;3509
3515707;3515
3515806;3508
3515905;3501
3516002;3508
3516101;3510
3516200;3502
3516309;3515
3516408;3515
3516507;3503
3516606;3509
3516705;3509
3516804;3501
3516853;3505
3516903;3501
3517000;3504
3517109;3503
3517208;3504
3517307;3504
3517406;3502
3517505;3501
3517604;3511
3517703;3502
3517802;3503
3517901;3501
3518008;3501
3518107;3504
3518206;3503
3518305;3515
3518404;3513
3518503;3511
3518602;3502
3518701;3515
3518800;3515
3518859;3502
3518909;3501
3519006;3509
3519055;3507
3519071;3507
3519105;3504
3519204;3509
3519253;3504
3519303;3505
3519402;3501
3519501;3510
3519600;3505
3519709;3512
3519808;3501
3519907;3510
3520004;3504
3520103;3502
3520202;3513
3520301;3514
3520400;3513
3520426;3514
3520442;3503
3520509;3507
3520608;3508
3520707;3501
3520806;3508
3520905;3510
3521002;3512
3521101;3506
3521150;3501
3521200;3511
3521309;3502
3521408;3506
3521507;3501
3521606;3508
3521705;3511
3521804;3504
3521903;3501
3522000;3504
3522109;3514
3522158;3511
3522208;3515
3522307;3511
3522406;3511
3522505;3515
3522604;3507
3522653;3511
3522703;3505
3522802;3511
3522901;3504
3523008;3503
3523107;3515
3523206;3511
3523305;3514
3523404;3512
3523503;3504
3523602;3506
3523701;3502
3523800;3507
3523909;3512
3524006;3512
3524105;3502
3524204;3502
3524303;3502
3524402;3513
3524501;3501
3524600;3514
3524709;3507
3524808;3501
3524907;3513
3525003;3515
3525102;3502
3525201;3512
3525300;3504
3525409;3502
3525508;3512
3525607;3508
3525706;3501
3525805;3504
3525854;3506
3525904;3512
3526001;3508
3526100;3514
3526209;3515
3526308;3513
3526407;3511
3526506;3503
3526605;3513
3526704;3506
3526803;3504
3526902;3506
3527009;3507
3527108;3504
3527207;3513
3527256;3503
3527306;3512
3527405;3508
3527504;3504
3527603;3502
3527702;3503
3527801;3509
3527900;3510
3528007;3504
3528106;3501
3528205;3501
3528304;3501
3528403;3512
3528502;3515
3528601;3510
3528700;3508
3528809;3510
3528858;3501
3528908;3508
3529005;3509
3529104;3501
3529203;3508
3529302;3505
3529401;3515
3529500;3501
3529609;3501
3529658;3501
3529708;3502
3529807;3504
3529906;3514
3530003;3501
3530102;3503
3530201;3508
3530300;3501
3530409;3501
3530508;3507
3530607;3515
3530706;3507
3530805;3507
3530904;3506
3531001;3501
3531100;3514
3531209;3507
3531308;3502
3531407;3501
3531506;3502
3531605;3508
3531704;3513
3531803;3507
3531902;3502
3532009;3512
3532058;3505
3532108;3503
3532157;3510
3532207;3508
3532306;3513
3532405;3512
3532504;3501
3532603;3501
3532702;3501
3532801;3501
3532827;3511
3532843;3501
3532868;3501
3532900;3505
3533007;3501
3533106;3508
3533205;3503
3533254;3501
3533304;3501
3533403;3507
3533502;3501
3533601;3502
3533700;3509
3533809;3510
3533908;3501
3534005;3501
3534104;3509
3534203;3501
3534302;3502
3534401;3515
3534500;3509
3534609;3508
3534708;3510
3534757;3501
3534807;3508
3534906;3508
3535002;3501
3535101;3501
3535200;3501
3535309;3510
3535408;3508
3535507;3510
3535606;3513
3535705;3501
3535804;3504
3535903;3501
3536000;3508
3536109;3504
3536208;3514
3536257;3501
3536307;3502
3536406;3508
3536505;3507
3536570;3504
3536604;3501
3536703;3504
3536802;3507
3536901;3501
3537008;3502
3537107;3507
3537156;3510
3537206;3514
3537305;3503
3537404;3503
3537503;3511
3537602;3514
3537701;3503
3537800;3512
3537909;3512
3538006;3513
3538105;3501
3538204;3507
3538303;3508
3538501;3513
3538600;3512
3538709;3506
3538808;3510
3538907;3504
3539004;3502
3539103;3515
3539202;3508
3539301;3507
3539400;3504
3539509;3502
3539608;3501
3539707;3510
3539806;3515
3539905;3501
3540002;3509
3540101;3504
3540200;3502
3540259;3501
3540309;3501
3540408;3501
3540507;3511
3540606;3512
3540705;3507
3540754;3513
3540804;3501
3540853;3508
3540903;3502
3541000;3515
3541059;3504
3541109;3504
3541208;3508
3541307;3508
3541406;3508
3541505;3508
3541604;3504
3541653;3511
3541703;3510
3541802;3509
3541901;3513
3542008;3509
3542107;3506
3542206;3508
3542305;3513
3542404;3508
3542503;3504
3542602;3514
3542701;3502
3542800;3511
3542909;3505
3543006;3511
3543105;3502
3543204;3510
3543238;3508
3543253;3511
3543303;3515
3543402;3502
3543501;3511
3543600;3502
3543709;3505
3543808;3508
3543907;3506
3544004;3506
3544103;3515
3544202;3501
3544251;3508
3544301;3513
3544400;3503
3544509;3501
3544608;3504
3544707;3508
3544806;3501
3544905;3502
3545001;3515
3545100;3508
3545159;3506
3545209;3512
3545308;3512
3545407;3510
3545506;3508
3545605;3501
3545704;3501
3545803;3507
3546009;3513
3546108;3501
3546207;3506
3546256;3502
3546306;3507
3546405;3510
3546504;3502
3546603;3501
3546702;3506
3546801;3515
3546900;3505
3547007;3506
3547106;3508
3547205;3501
3547304;3515
3547403;3501
3547502;3502
3547601;3502
3547650;3501
3547700;3508
3547809;3515
3547908;3502
3548005;3507
3548054;3503
3548104;3507
3548203;3513
3548302;3508
3548401;3503
3548500;3515
3548609;3513
3548708;3515
3548807;3515
3548906;3505
3549003;3501
3549102;3507
3549201;3501
3549250;3501
3549300;3508
3549409;3502
3549508;3502
3549607;3513
3549706;3507
3549805;3501
3549904;3513
3549953;3515
3550001;3513
3550100;3504
3550209;3512
3550308;3515
3550407;3506
3550506;3510
3550605;3512
3550704;3513
3550803;3507
3550902;3502
3551009;3515
3551108;3512
3551207;3510
3551306;3501
3551405;3502
3551504;3502
3551603;3507
3551702;3502
3551801;3514
3551900;3501
3552007;3513
3552106;3507
3552205;3512
3552304;3503
3552403;3507
3552502;3515
3552551;3503
3552601;3501
3552700;3505
3552809;3515
3552908;3508
3553005;3510
3553104;3502
3553203;3502
3553302;3507
3553401;3501
3553500;3512
3553609;3507
3553658;3502
3553708;3502
3553807;3511
3553856;3511
3553906;3508
3553955;3510
3554003;3511
3554102;3513
3554201;3510
3554300;3508
3554409;3502
3554508;3506
3554607;3510
3554656;3511
3554706;3506
3554755;3505
3554805;3513
3554904;3501
3554953;3512
3555000;3509
3555109;3508
3555208;3503
3555307;3501
3555356;3501
3555406;3513
3555505;3504
3555604;3501
3555703;3501
3555802;3501
3555901;3504
3556008;3501
3556107;3501
3556206;3507
3556305;3503
3556354;3512
3556404;3507
3556453;3515
3556503;3512
3556602;3509
3556701;3507
3556800;3502
3556909;3502
3556958;3501
3557006;3512
3557105;3501
3557154;3501
3557204;3510
3557303;3507
4100103;4104
4100202;4110
4100301;4110
4100400;4110
4100459;4102
4100509;4101
4100608;4101
4100707;4101
4100806;4103
4100905;4101
4101002;4107
4101051;4106
4101101;4104
4101150;4103
4101200;4110
4101309;4109
4101408;4103
4101507;4103
4101606;4105
4101655;4103
4101705;4102
4101804;4110
4101853;4103
4101903;4104
4102000;4106
4102109;4103
4102208;4103
4102307;4110
4102406;4104
4102505;4102
4102604;4107
4102703;4104
4102752;4107
4102802;4103
4102901;4109
4103008;4102
4103024;4107
4103040;4108
4103057;4106
4103107;4110
4103156;4107
4103206;4103
4103222;4107
4103305;4103
4103354;4106
4103370;4101
4103404;4103
4103453;4106
4103479;4101
4103503;4103
4103602;4104
4103701;4103
4103800;4103
4103909;4102
4103958;4108
4104006;4110
4104055;4106
4104105;4110
4104204;4110
4104253;4110
4104303;4102
4104402;4103
4104428;4108
4104451;4108
4104501;4107
4104600;4106
4104659;4105
4104709;4104
4104808;4106
4104907;4105
4105003;4106
4105102;4103
4105201;4110
4105300;4106
4105409;4107
4105508;4101
4105607;4101
4105706;4108
4105805;4110
4105904;4103
4106001;4104
4106100;4104
4106209;4110
4106308;4106
4106407;4104
4106456;4108
4106506;4107
4106555;4102
4106571;4107
4106605;4101
4106704;4101
4106803;4109
4106852;4103
4106902;4110
4107009;4104
4107108;4101
4107124;4106
4107157;4106
4107207;4107
4107256;4101
4107306;4103
4107405;4107
4107504;4102
4107520;4101
4107538;4106
4107546;4108
4107553;4102
4107603;4103
4107652;4110
4107702;4102
4107736;4109
4107751;4104
4107801;4103
4107850;4107
4107900;4103
4108007;4103
4108106;4103
4108205;4106
4108304;4106
4108320;4101
4108403;4107
4108452;4108
4108502;4109
4108551;4103
4108601;4102
4108650;4108
4108700;4103
4108809;4106
4108908;4101
4108957;4109
4109005;4104
4109104;4101
4109203;4103
4109302;4106
4109401;4108
4109500;4110
4109609;4110
4109658;4108
4109708;4104
4109757;4106
4109807;4103
4109906;4101
4110003;4103
4110052;4106
4110078;4105
4110102;4109
4110201;4108
4110300;4101
4110409;4101
4110508;4109
4110607;4101
4110656;4106
4110706;4109
4110805;4102
4110904;4103
4110953;4106
4111001;4104
4111100;4103
4111209;4107
4111258;4110
4111308;4101
4111407;4109
4111506;4103
4111555;4101
4111605;4103
4111704;4104
4111803;4104
4111902;4103
4112009;4105
4112108;4103
4112207;4102
4112306;4104
4112405;4101
4112504;4103
4112603;4101
4112702;4104
4112751;4106
4112801;4104
4112900;4104
4112959;4102
4113007;4101
4113106;4103
4113205;4110
4113254;4108
4113304;4108
4113403;4104
4113429;4103
4113452;4106
4113502;4101
4113601;4103
4113700;4103
4113734;4102
4113759;4103
4113809;4103
4113908;4109
4114005;4102
4114104;4103
4114203;4103
4114302;4110
4114351;4107
4114401;4108
4114500;4103
4114609;4106
4114708;4101
4114807;4103
4114906;4103
4115002;4101
4115101;4101
4115200;4103
4115309;4107
4115358;4106
4115408;4107
4115457;4108
4115507;4103
4115606;4106
4115705;4110
4115739;4108
4115754;4103
4115804;4106
4115853;4106
4115903;4101
4116000;4103
4116059;4106
4116109;4102
4116208;4110
4116307;4103
4116406;4103
4116505;4101
4116604;4104
4116703;4106
4116802;4102
4116901;4103
4116950;4107
4117008;4104
4117057;4108
4117107;4101
4117206;4101
4117214;4104
4117222;4106
4117255;4107
4117271;4103
4117297;4103
4117305;4105
4117404;4103
4117453;4106
4117503;4103
4117602;4108
4117701;4105
4117800;4108
4117909;4106
4118006;4101
4118105;4101
4118204;4110
4118303;4101
4118402;4101
4118451;4106
4118501;4107
4118600;4109
4118709;4109
4118808;4102
4118857;4101
4118907;4101
4119004;4107
4119103;4110
4119152;4110
4119202;4104
4119251;4107
4119301;4108
4119400;4105
4119509;4110
4119608;4108
4119657;4103
4119707;4101
4119806;4107
4119905;4105
4119954;4110
4120002;4103
4120101;4110
4120150;4108
4120200;4101
4120309;4109
4120333;4103
4120358;4107
4120408;4103
4120507;4103
4120606;4109
4120655;4102
4120705;4104
4120804;4110
4120853;4106
4120903;4108
4121000;4101
4121109;4102
4121208;4110
4121257;4106
4121307;4104
4121356;4102
4121406;4107
4121505;4109
4121604;4107
4121703;4105
4121752;4108
4121802;4104
4121901;4104
4122008;4109
4122107;4103
4122156;4108
4122172;4103
4122206;4110
4122305;4110
4122404;4103
4122503;4102
4122602;4101
4122651;4103
4122701;4103
4122800;4107
4122909;4104
4123006;4107
4123105;4104
4123204;4104
4123303;4101
4123402;4103
4123501;4106
4123600;4103
4123709;4101
4123808;4107
4123824;4106
4123857;4108
4123907;4104
4123956;4101
4124004;4104
4124020;4106
4124053;4106
4124103;4104
4124202;4101
4124301;4104
4124400;4107
4124509;4103
4124608;4101
4124707;4104
4124806;4107
4124905;4101
4125001;4103
4125100;4109
4125209;4107
4125308;4103
4125357;4101
4125407;4104
4125456;4106
4125506;4110
4125555;4101
4125605;4109
4125704;4106
4125753;4106
4125803;4103
4125902;4101
4126009;4104
4126108;4101
4126207;4104
4126256;4103
4126272;4107
4126306;4105
4126355;4106
4126405;4104
4126504;4103
4126603;4104
4126652;4107
4126678;4103
4126702;4101
4126801;4101
4126900;4101
4127007;4109
4127106;4105
4127205;4102
4127304;4101
4127403;4106
4127502;4105
4127601;4110
4127700;4106
4127809;4104
4127858;4106
4127882;4110
4127908;4101
4127957;4106
4127965;4108
4128005;4102
4128104;4101
4128203;4109
4128302;4103
4128401;4104
4128500;4104
4128534;4105
4128559;4106
4128609;4107
4128625;4101
4128633;4110
4128658;4108
4128708;4107
4128807;4101
4200051;4203
4200101;4201
4200200;4204
4200309;4204
4200408;4201
4200507;4201
4200556;4201
4200606;4205
4200705;4205
4200754;4201
4200804;4201
4200903;4205
4201000;4203
4201109;4205
4201208;4205
4201257;4204
4201273;4201
4201307;4202
4201406;4206
4201505;4206
4201604;4201
4201653;4201
4201703;4204
4201802;4204
4201901;4204
4201950;4206
4202008;4204
4202057;4202
4202073;4206
4202081;4201
4202099;4201
4202107;4204
4202131;4202
4202156;4201
4202206;4204
4202305;4205
4202404;4204
4202438;4203
4202453;4204
4202503;4203
4202537;4201
4202578;4201
4202602;4203
4202701;4204
4202800;4206
4202859;4204
4202875;4203
4202909;4204
4203006;4201
4203105;4201
4203154;4201
4203204;4204
4203253;4203
4203303;4202
4203402;4203
4203501;4201
4203600;4203
4203709;4205
4203808;4202
4203907;4201
4203956;4206
4204004;4201
4204103;4201
4204152;4203
4204178;4203
4204194;4204
4204202;4201
4204251;4206
4204301;4201
4204350;4201
4204400;4201
4204459;4201
4204509;4202
4204558;4203
4204608;4206
4204707;4201
4204756;4201
4204806;4203
4204905;4201
4205001;4201
4205100;4204
4205159;4204
4205175;4201
4205191;4206
4205209;4201
4205308;4201
4205357;4201
4205407;4205
4205431;4201
4205456;4206
4205506;4201
4205555;4203
4205605;4201
4205704;4206
4205803;4202
4205902;4204
4206009;4205
4206108;4206
4206207;4206
4206306;4204
4206405;4201
4206504;4202
4206603;4201
4206652;4201
4206702;4201
4206751;4201
4206801;4201
4206900;4204
4207007;4206
4207106;4204
4207205;4206
4207304;4206
4207403;4204
4207502;4204
4207577;4201
4207601;4201
4207650;4201
4207684;4201
4207700;4201
4207759;4201
4207809;4201
4207858;4201
4207908;4202
4208005;4201
4208104;4202
4208203;4204
4208302;4204
4208401;4201
4208450;4202
4208500;4204
4208609;4201
4208708;4206
4208807;4206
4208906;4202
4208955;4201
4209003;4201
4209102;4202
4209151;4204
4209177;4201
4209201;4201
4209300;4203
4209409;4206
4209458;4201
4209508;4204
4209607;4206
4209706;4201
4209805;4205
4209854;4201
4209904;4204
4210001;4204
4210035;4201
4210050;4201
4210100;4202
4210209;4205
4210308;4202
4210407;4206
4210506;4201
4210555;4201
4210605;4202
4210704;4201
4210803;4206
4210852;4204
4210902;4201
4211009;4201
4211058;4203
4211108;4202
4211207;4206
4211256;4206
4211306;4204
4211405;4201
4211454;4201
4211504;4205
4211603;4206
4211652;4201
4211702;4206
4211751;4203
4211801;4201
4211850;4201
4211876;4201
4211892;4203
4211900;4205
4212007;4201
4212056;4203
4212106;4201
4212205;4202
4212239;4201
4212254;4206
4212270;4201
4212304;4205
4212403;4206
4212502;4204
4212601;4201
4212650;4206
4212700;4204
4212809;4204
4212908;4201
4213005;4201
4213104;4201
4213153;4201
4213203;4204
4213302;4203
4213351;4203
4213401;4201
4213500;4204
4213609;4202
4213708;4204
4213807;4206
4213906;4201
4214003;4204
4214102;4204
4214151;4201
4214201;4201
4214300;4205
4214409;4201
4214508;4204
4214607;4204
4214706;4204
4214805;4204
4214904;4206
4215000;4202
4215059;4203
4215075;4201
4215109;4204
4215208;4201
4215307;4204
4215356;4201
4215406;4201
4215455;4206
4215505;4203
4215554;4201
4215604;4206
4215653;4206
4215679;4202
4215687;4201
4215695;4201
4215703;4205
4215752;4201
4215802;4202
4215901;4205
4216008;4201
4216057;4203
4216107;4201
4216206;4202
4216255;4201
4216305;4205
4216354;4204
4216404;4206
4216503;4203
4216602;4205
4216701;4201
4216800;4203
4216909;4201
4217006;4206
4217105;4206
4217154;4201
4217204;4201
4217253;4205
4217303;4201
4217402;4202
4217501;4201
4217550;4201
4217600;4206
4217709;4206
4217758;4201
4217808;4204
4217907;4201
4217956;4201
4218004;4205
4218103;4206
4218202;4204
4218251;4202
4218301;4202
4218350;4206
4218400;4206
4218509;4201
4218608;4204
4218707;4206
4218756;4201
4218806;4206
4218855;4201
4218905;4203
4218954;4203
4219002;4206
4219101;4201
4219150;4203
4219176;4201
4219200;4204
4219309;4201
4219358;4204
4219408;4204
4219507;4201
4219606;4201
4219705;4201
4219853;4203
4220000;4206
4300034;4306
4300059;4301
4300109;4303
4300208;4301
4300307;4301
4300406;4306
4300455;4301
4300471;4301
4300505;4301
4300554;4301
4300570;4305
4300604;4305
4300638;4307
4300646;4301
4300661;4302
4300703;4302
4300802;4302
4300851;4305
4300877;4305
4300901;4301
4301008;4304
4301057;4305
4301073;4307
4301107;4305
4301206;4304
4301305;4307
4301404;4302
4301503;4301
4301552;4301
4301602;4306
4301636;4305
4301651;4305
4301701;4301
4301750;4305
4301800;4301
4301859;4301
4301875;4306
4301909;4305
4301925;4301
4301958;4301
4302006;4301
4302055;4301
4302105;4302
4302154;4301
4302204;4301
4302220;4301
4302238;4301
4302253;4302
4302303;4302
4302352;4305
4302378;4301
4302402;4304
4302451;4304
4302501;4301
4302584;4301
4302600;4301
4302659;4305
4302709;4305
4302808;4307
4302907;4303
4303004;4304
4303103;4305
4303202;4301
4303301;4301
4303400;4301
4303509;4305
4303558;4301
4303608;4302
4303673;4302
4303707;4301
4303806;4301
4303905;4305
4304002;4301
4304101;4301
4304200;4304
4304309;4301
4304358;4307
4304408;4305
4304507;4307
4304606;4305
4304614;4304
4304622;4302
4304630;4305
4304655;4303
4304663;4307
4304671;4305
4304689;4305
4304697;4304
4304705;4301
4304713;4305
4304804;4302
4304853;4301
4304903;4301
4304952;4301
4305009;4301
4305108;4302
4305116;4301
4305124;4307
4305132;4304
4305157;4301
4305173;4305
4305207;4301
4305306;4301
4305355;4305
4305371;4301
4305405;4301
4305439;4307
4305447;4305
4305454;4305
4305504;4301
4305587;4304
4305603;4301
4305702;4301
4305801;4301
4305835;4304
4305850;4301
4305871;4301
4305900;4301
4305934;4302
4305959;4302
4305975;4301
4306007;4301
4306056;4307
4306072;4301
4306106;4301
4306130;4301
4306205;4304
4306304;4301
4306320;4301
4306353;4301
4306379;4303
4306403;4305
4306429;4301
4306452;4302
4306502;4305
4306551;4305
4306601;4306
4306700;4303
4306734;4301
4306759;4304
4306767;4305
4306809;4304
4306908;4307
4306924;4301
4306932;4301
4306957;4301
4306973;4301
4307005;4301
4307054;4301
4307104;4307
4307203;4301
4307302;4301
4307401;4302
4307450;4301
4307500;4301
4307559;4301
4307609;4305
4307708;4305
4307807;4304
4307815;4304
4307831;4301
4307864;4302
4307906;4302
4308003;4303
4308052;4301
4308078;4304
4308102;4305
4308201;4302
4308250;4301
4308300;4301
4308409;4303
4308433;4304
4308458;4301
4308508;4301
4308607;4302
4308656;4306
4308706;4301
4308805;4305
4308854;4301
4308904;4301
4309001;4301
4309050;4305
4309100;4305
4309126;4301
4309159;4304
4309209;4305
4309258;4302
4309308;4305
4309407;4302
4309506;4301
4309555;4305
4309571;4304
4309605;4301
4309654;4306
4309704;4301
4309753;4304
4309803;4301
4309902;4301
4309951;4301
4310009;4301
4310108;4305
4310207;4301
4310306;4302
4310330;4305
4310363;4304
4310405;4301
4310413;4301
4310439;4302
4310462;4301
4310504;4301
4310538;4303
4310553;4303
4310579;4302
4310603;4306
4310652;4305
4310702;4301
4310751;4303
4310801;4305
4310850;4301
4310876;4301
4310900;4301
4311007;4307
4311106;4303
4311122;4302
4311130;4303
4311155;4301
4311205;4303
4311239;4304
4311254;4301
4311270;4301
4311304;4302
4311403;4304
4311429;4301
4311502;4306
4311601;4301
4311627;4305
4311643;4305
4311700;4301
4311718;4306
4311734;4305
4311759;4306
4311775;4305
4311791;4305
4311809;4301
4311908;4301
4311981;4305
4312005;4301
4312054;4304
4312104;4303
4312138;4301
4312153;4304
4312179;4301
4312203;4301
4312252;4305
4312302;4301
4312351;4302
4312377;4302
4312385;4302
4312401;4305
4312427;4301
4312443;4305
4312450;4307
4312476;4305
4312500;4305
4312609;4304
4312617;4302
4312625;4301
4312658;4301
4312674;4301
4312708;4301
4312757;4302
4312807;4302
4312906;4302
4312955;4301
4313003;4304
4313011;4301
4313037;4303
4313060;4305
4313086;4302
4313102;4303
4313201;4305
4313300;4302
4313334;4301
4313359;4302
4313375;4305
4313391;4304
4313409;4305
4313425;4301
4313441;4301
4313466;4301
4313490;4301
4313508;4305
4313607;4301
4313656;4305
4313706;4301
4313805;4301
4313904;4301
4313953;4304
4314001;4302
4314027;4304
4314035;4305
4314050;4305
4314068;4304
4314076;4304
4314100;4301
4314134;4301
4314159;4304
4314175;4307
4314209;4307
4314308;4301
4314407;4307
4314423;4305
4314456;4301
4314464;4302
4314472;4303
4314498;4301
4314506;4307
4314548;4302
4314555;4301
4314605;4307
4314704;4301
4314753;4305
4314779;4301
4314787;4301
4314803;4305
4314902;4305
4315008;4301
4315057;4301
4315073;4301
4315107;4301
4315131;4304
4315149;4305
4315156;4304
4315172;4302
4315206;4302
4315305;4306
4315313;4301
4315321;4303
4315354;4301
4315404;4301
4315453;4304
4315503;4303
4315552;4301
4315602;4307
4315701;4304
4315750;4305
4315800;4304
4315909;4301
4315958;4301
4316006;4305
4316105;4301
4316204;4301
4316303;4301
4316402;4306
4316428;4301
4316436;4301
4316451;4301
4316477;4301
4316501;4305
4316600;4301
4316709;4301
4316733;4301
4316758;4304
4316808;4304
4316907;4303
4316956;4305
4316972;4306
4317004;4307
4317103;4306
4317202;4301
4317251;4302
4317301;4307
4317400;4303
4317509;4301
4317558;4301
4317608;4305
4317707;4301
4317756;4301
4317806;4301
4317905;4301
4317954;4301
4318002;4306
4318051;4301
4318101;4306
4318200;4302
4318309;4306
4318408;4305
4318424;4301
4318432;4303
4318440;4302
4318457;4301
4318465;4301
4318481;4305
4318499;4301
4318507;4307
4318606;4301
4318614;4305
4318622;4302
4318705;4305
4318804;4307
4318903;4301
4319000;4302
4319109;4301
4319125;4303
4319158;4301
4319208;4301
4319307;4301
4319356;4305
4319364;4301
4319372;4301
4319406;4303
4319505;4305
4319604;4303
4319703;4301
4319711;4302
4319737;4301
4319752;4305
4319802;4303
4319901;4305
4320008;4305
4320107;4301
4320206;4301
4320230;4301
4320263;4304
4320305;4301
4320321;4301
4320354;4305
4320404;4302
4320453;4304
4320503;4301
4320552;4305
4320578;4301
4320602;4301
4320651;4303
4320677;4304
4320701;4304
4320800;4301
4320859;4304
4320909;4301
4321006;4301
4321105;4305
4321204;4305
4321303;4304
4321329;4301
4321352;4305
4321402;4301
4321436;4305
4321451;4304
4321469;4301
4321477;4301
4321493;4303
4321501;4305
4321600;4305
4321626;4304
4321634;4301
4321667;4305
4321709;4305
4321808;4301
4321832;4305
4321857;4301
4321907;4301
4321956;4301
4322004;4305
4322103;4301
4322152;4301
4322186;4301
4322202;4303
4322251;4305
4322301;4301
4322327;4307
4322343;4301
4322350;4302
4322376;4303
4322400;4306
4322509;4302
4322525;4305
4322533;4304
4322541;4305
4322558;4301
4322608;4304
4322707;4304
4322806;4302
4322855;4304
4322905;4301
4323002;4305
4323101;4301
4323200;4301
4323309;4302
4323358;4301
4323408;4301
4323457;4303
4323507;4301
4323606;4302
4323705;4301
4323754;4301
4323770;4304
4323804;4305
5000203;5003
5000252;5002
5000609;5004
5000708;5001
5000807;5003
5000856;5004
5000906;5004
5001003;5003
5001102;5001
5001243;5004
5001508;5002
5001904;5003
5002001;5003
5002100;5004
5002159;5004
5002209;5004
5002308;5003
5002407;5004
5002605;5002
5002704;5002
5002803;5004
5002902;5003
5002951;5003
5003108;5002
5003157;5004
5003207;5001
5003256;5003
5003306;5002
5003454;5004
5003488;5001
5003504;5004
5003702;5004
5003751;5004
5003801;5004
5003900;5002
5004007;5004
5004106;5004
5004304;5004
5004403;5003
5004502;5004
5004601;5004
5004700;5004
5004809;5004
5004908;5002
5005004;5004
5005103;5004
5005152;5004
5005202;5001
5005251;5004
5005400;5004
5005608;5001
5005681;5004
5005707;5004
5005806;5004
5006002;5004
5006200;5003
5006259;5004
5006275;5003
5006309;5003
5006358;5004
5006408;5002
5006606;5004
5006903;5001
5007109;5003
5007208;5004
5007307;5002
5007406;5002
5007505;5002
5007554;5003
5007695;5002
5007703;5004
5007802;5003
5007901;5002
5007935;5002
5007950;5004
5007976;5003
5008008;5002
5008305;5003
5008404;5004
5100102;5104
5100201;5102
5100250;5101
5100300;5105
5100359;5102
5100409;5105
5100508;5104
5100607;5105
5100805;5101
5101001;5102
5101209;5105
5101258;5103
5101308;5104
5101407;5101
5101605;5104
5101704;5103
5101803;5102
5101852;5102
5101902;5101
5102504;5104
5102603;5102
5102637;5101
5102678;5105
5102686;5101
5102694;5102
5102702;5102
5102793;5101
5102850;5101
5103007;5104
5103056;5101
5103106;5102
5103205;5101
5103254;5101
5103304;5101
5103353;5102
5103361;5103
5103379;5101
5103403;5104
5103437;5104
5103452;5103
5103502;5101
5103601;5105
5103700;5101
5103809;5103
5103858;5101
5103908;5105
5103957;5103
5104104;5101
5104203;5105
5104500;5103
5104526;5101
5104542;5101
5104559;5101
5104609;5105
5104807;5105
5104906;5104
5105002;5103
5105101;5101
5105150;5101
5105176;5101
5105200;5105
5105234;5103
5105259;5101
5105309;5102
5105507;5103
5105580;5101
5105606;5101
5105622;5103
5105903;5101
5106000;5104
5106109;5104
5106158;5101
5106174;5102
5106182;5103
5106190;5101
5106208;5101
5106216;5101
5106224;5101
5106232;5103
5106240;5101
5106257;5102
5106265;5101
5106273;5101
5106281;5102
5106299;5101
5106307;5101
5106315;5102
5106372;5105
5106422;5101
5106455;5101
5106505;5104
5106653;5105
5106703;5105
5106752;5103
5106778;5102
5106802;5101
5106828;5103
5106851;5103
5107008;5105
5107040;5105
5107065;5102
5107107;5103
5107156;5103
5107180;5102
5107198;5105
5107206;5103
5107248;5101
5107263;5104
5107297;5105
5107305;5101
5107354;5102
5107404;5105
5107578;5101
5107602;5105
5107701;5104
5107743;5102
5107750;5103
5107768;5101
5107776;5102
5107792;5102
5107800;5104
5107859;5102
5107875;5101
5107883;5102
5107909;5101
5107925;5101
5107941;5101
5107958;5103
5108006;5101
5108055;5101
5108105;5105
5108204;5105
5108303;5101
5108352;5103
5108402;5104
5108501;5101
5108600;5102
5108808;5101
5108857;5104
5108907;5101
5108956;5101
5200050;5203
5200100;5204
5200134;5205
5200159;5203
5200175;5204
5200209;5205
5200258;5204
5200308;5204
5200506;5205
5200555;5202
5200605;5202
5200803;5204
5200829;5202
5200852;5203
5200902;5203
5201108;5203
5201207;5205
5201306;5203
5201405;5203
5201454;5205
5201504;5205
5201603;5203
5201702;5201
5201801;5203
5202155;5201
5202353;5201
5202502;5201
5202601;5203
5202809;5203
5203104;5201
5203203;5203
5203302;5203
5203401;5201
5203500;5205
5203559;5203
5203575;5202
5203609;5203
5203807;5201
5203906;5205
5203939;5203
5203962;5204
5204003;5204
5204102;5205
5204201;5203
5204250;5205
5204300;5205
5204409;5205
5204508;5205
5204557;5203
5204607;5205
5204656;5202
5204706;5202
5204805;5205
5204854;5203
5204904;5202
5204953;5202
5205000;5203
5205059;5205
5205109;5205
5205208;5203
5205307;5202
5205406;5203
5205455;5205
5205471;5205
5205497;5204
5205513;5204
5205521;5202
5205703;5203
5205802;5204
5205901;5205
5206206;5204
5206305;5205
5206404;5201
5206503;5205
5206602;5205
5206701;5204
5206800;5203
5206909;5205
5207105;5201
5207253;5205
5207352;5205
5207402;5205
5207501;5202
5207535;5201
5207600;5203
5207808;5203
5207907;5204
5208004;5204
5208103;5202
5208152;5205
5208301;5204
5208400;5203
5208509;5205
5208608;5203
5208707;5203
5208806;5203
5208905;5201
5209101;5205
5209150;5205
5209200;5203
5209291;5203
5209408;5204
5209457;5203
5209606;5203
5209705;5203
5209804;5203
5209903;5204
5209937;5205
5209952;5205
5210000;5203
5210109;5205
5210158;5203
5210208;5203
5210307;5203
5210406;5203
5210562;5203
5210604;5203
5210802;5205
5210901;5203
5211008;5201
5211206;5203
5211305;5205
5211404;5203
5211503;5205
5211602;5203
5211701;5205
5211800;5203
5211909;5205
5212006;5203
5212055;5203
5212105;5205
5212204;5201
5212253;5205
5212303;5203
5212501;5204
5212600;5205
5212709;5204
5212808;5202
5212907;5205
5212956;5201
5213004;5205
5213053;5204
5213087;5202
5213103;5205
5213400;5203
5213509;5202
5213707;5201
5213756;5205
5213772;5202
5213806;5205
5213855;5203
5213905;5203
5214002;5201
5214051;5201
5214101;5202
5214408;5203
5214507;5203
5214606;5202
5214705;5203
5214804;5205
5214838;5201
5214861;5203
5214879;5202
5214903;5202
5215009;5203
5215207;5203
5215231;5204
5215256;5201
5215306;5205
5215405;5203
5215504;5205
5215603;5204
5215652;5205
5215702;5205
5215801;5205
5215900;5205
5216007;5205
5216304;5205
5216403;5205
5216452;5205
5216809;5203
5216908;5203
5217104;5205
5217203;5201
5217302;5204
5217401;5205
5217609;5204
5217708;5205
5218003;5202
5218052;5205
5218102;5205
5218300;5204
5218391;5205
5218508;5205
5218607;5203
5218706;5203
5218789;5205
5218805;5205
5218904;5203
5219001;5203
5219100;5203
5219209;5205
5219258;5201
5219308;5205
5219357;5203
5219407;5205
5219456;5203
5219506;5203
5219605;5202
5219704;5202
5219712;5205
5219738;5203
5219753;5204
5219803;5204
5219902;5203
5220009;5202
5220058;5205
5220108;5203
5220157;5203
5220207;5201
5220264;5205
5220280;5203
5220405;5205
5220454;5203
5220504;5205
5220603;5205
5220686;5204
5220702;5204
5221007;5203
5221080;5202
5221197;5203
5221304;5205
5221403;5203
5221452;5202
5221502;5203
5221551;5205
5221577;5201
5221601;5202
5221700;5203
5221809;5205
5221858;5204
5221908;5205
5222005;5205
5222054;5205
5222203;5204
5222302;5204
5300108;5301
